0,0,0.08343727802936345,50.0,50.0,0.4
0,1,0.0,15.0,0.0,0.0
0,2,0.09843926905536426,50.0,50.0,0.4
0,3,0.6528066061227548,5.0,0.0,1.0
0,4,0.7577378947404223,5.0,0.0,0.2
0,5,0.7944364930985855,5.0,0.0,0.2
0,6,0.7768401162214807,5.0,0.0,0.2
0,7,0.061152998894264024,50.0,50.0,0.4
0,8,0.09924675723089503,50.0,50.0,0.4
0,9,0.06406018844534704,50.0,50.0,0.4
0,10,0.06023637462305888,50.0,50.0,0.4
0,11,0.09355903371736052,50.0,50.0,0.4
0,12,0.07496012971457428,50.0,50.0,0.4
0,13,0.7945558692133937,5.0,0.0,0.2
0,14,0.7866137917710586,5.0,0.0,0.2
0,15,0.7539204230818679,5.0,0.0,0.2
0,16,0.7901285411914727,5.0,0.0,0.2
0,17,0.7523024221849166,5.0,0.0,0.2
0,18,0.7976000639524241,5.0,0.0,0.2
0,19,0.7503934927922652,5.0,0.0,0.2
0,20,0.7551536652558943,5.0,0.0,0.2
0,21,0.753830251407102,5.0,0.0,0.2
0,22,0.7824433892919387,5.0,0.0,0.2
0,23,0.7516764555283539,5.0,0.0,0.2
0,24,0.7804458861362236,5.0,0.0,0.2
0,25,0.7518991123021562,5.0,0.0,0.2
0,26,0.7887626614893667,5.0,0.0,0.2
0,27,0.7857490148246168,5.0,0.0,0.2
0,28,0.789576323686228,5.0,0.0,0.2
0,29,0.7777827006705338,5.0,0.0,0.2
0,30,0.7776281677038724,5.0,0.0,0.2
0,31,0.7674136064356541,5.0,0.0,0.2
0,32,0.7990695426306864,5.0,0.0,0.2
0,33,0.7553353687980335,5.0,0.0,0.2
0,34,0.7688876991147128,5.0,0.0,0.2
0,35,0.7567587783218473,5.0,0.0,0.2
0,36,0.7574209290954127,5.0,0.0,0.2
0,37,0.781737007037947,5.0,0.0,0.2
0,38,0.7646849498507806,5.0,0.0,0.2
0,39,0.756887274133355,5.0,0.0,0.2
0,40,0.7618394287801874,5.0,0.0,0.2
0,41,0.7555923634830695,5.0,0.0,0.2
0,42,0.7845876293273004,5.0,0.0,0.2
0,43,0.7855399580422109,5.0,0.0,0.2
0,44,0.7560436224244053,5.0,0.0,0.2
0,45,0.0,15.0,0.0,0.0
0,46,0.05729915111188905,60.0,10.0,0.3
0,47,0.05559147748809529,60.0,10.0,0.3
0,48,0.06848750368524056,60.0,10.0,0.3
0,49,0.08921713278313308,60.0,10.0,0.3
1,0,0.06634125246206604,50.0,50.0,0.4
1,1,0.0,15.0,0.0,0.0
1,2,0.09675978708974299,50.0,50.0,0.4
1,3,0.6672014489946255,5.0,0.0,1.0
1,4,0.7548470665705218,5.0,0.0,0.2
1,5,0.7902257188652542,5.0,0.0,0.2
1,6,0.7678061519458254,5.0,0.0,0.2
1,7,0.08027273103537699,50.0,50.0,0.4
1,8,0.08489950679998226,50.0,50.0,0.4
1,9,0.06483084021343775,50.0,50.0,0.4
1,10,0.06369029000234729,50.0,50.0,0.4
1,11,0.09969203013701697,50.0,50.0,0.4
1,12,0.05012438485625847,50.0,50.0,0.4
1,13,0.7617560044328026,5.0,0.0,0.2
1,14,0.7951432588871845,5.0,0.0,0.2
1,15,0.7875395619023584,5.0,0.0,0.2
1,16,0.7611507058377414,5.0,0.0,0.2
1,17,0.7710094392813621,5.0,0.0,0.2
1,18,0.7842812280330007,5.0,0.0,0.2
1,19,0.7726501656990609,5.0,0.0,0.2
1,20,0.7966395076251096,5.0,0.0,0.2
1,21,0.7882117444773703,5.0,0.0,0.2
1,22,0.7606409556031694,5.0,0.0,0.2
1,23,0.7732286610225592,5.0,0.0,0.2
1,24,0.7931064619123407,5.0,0.0,0.2
1,25,0.7711781148674691,5.0,0.0,0.2
1,26,0.7573037436625623,5.0,0.0,0.2
1,27,0.7707010828569495,5.0,0.0,0.2
1,28,0.7801296923863347,5.0,0.0,0.2
1,29,0.7893936903703805,5.0,0.0,0.2
1,30,0.7902565536241167,5.0,0.0,0.2
1,31,0.7571252729265845,5.0,0.0,0.2
1,32,0.7601398485023844,5.0,0.0,0.2
1,33,0.7700794163397819,5.0,0.0,0.2
1,34,0.794232970453734,5.0,0.0,0.2
1,35,0.7851771593400798,5.0,0.0,0.2
1,36,0.7807668278168246,5.0,0.0,0.2
1,37,0.7923544970135024,5.0,0.0,0.2
1,38,0.77303452362377,5.0,0.0,0.2
1,39,0.7875827869974152,5.0,0.0,0.2
1,40,0.7614835835889461,5.0,0.0,0.2
1,41,0.7727681305898652,5.0,0.0,0.2
1,42,0.7655414806093116,5.0,0.0,0.2
1,43,0.7602604978517226,5.0,0.0,0.2
1,44,0.795244285786331,5.0,0.0,0.2
1,45,0.0,15.0,0.0,0.0
1,46,0.0838933821511351,60.0,10.0,0.3
1,47,0.06883006633095631,60.0,10.0,0.3
1,48,0.05259634165906082,60.0,10.0,0.3
1,49,0.08275753606403707,60.0,10.0,0.3
2,0,0.054202398688785514,50.0,50.0,0.4
2,1,0.0,15.0,0.0,0.0
2,2,0.08213256819822262,50.0,50.0,0.4
2,3,0.6733895851536991,5.0,0.0,1.0
2,4,0.7610268129896819,5.0,0.0,0.2
2,5,0.7802395818650828,5.0,0.0,0.2
2,6,0.7895186156153939,5.0,0.0,0.2
2,7,0.06154918447893665,50.0,50.0,0.4
2,8,0.05558999174730734,50.0,50.0,0.4
2,9,0.06638196192225021,50.0,50.0,0.4
2,10,0.06731491283440393,50.0,50.0,0.4
2,11,0.061857342295500314,50.0,50.0,0.4
2,12,0.07966467302190239,50.0,50.0,0.4
2,13,0.7865152902499701,5.0,0.0,0.2
2,14,0.7640225892667856,5.0,0.0,0.2
2,15,0.7745318780705492,5.0,0.0,0.2
2,16,0.7788281563481831,5.0,0.0,0.2
2,17,0.7542877143033406,5.0,0.0,0.2
2,18,0.7626505995087658,5.0,0.0,0.2
2,19,0.7850362664420811,5.0,0.0,0.2
2,20,0.7697912761176324,5.0,0.0,0.2
2,21,0.7656071089779775,5.0,0.0,0.2
2,22,0.7748349708395642,5.0,0.0,0.2
2,23,0.7983903244512006,5.0,0.0,0.2
2,24,0.7513979224366557,5.0,0.0,0.2
2,25,0.7772139133711294,5.0,0.0,0.2
2,26,0.759516751603169,5.0,0.0,0.2
2,27,0.7835035773752284,5.0,0.0,0.2
2,28,0.7832899258811913,5.0,0.0,0.2
2,29,0.7988821991886957,5.0,0.0,0.2
2,30,0.7971116884254437,5.0,0.0,0.2
2,31,0.7976461577683579,5.0,0.0,0.2
2,32,0.7807749750410558,5.0,0.0,0.2
2,33,0.7959860367954381,5.0,0.0,0.2
2,34,0.7883446931140552,5.0,0.0,0.2
2,35,0.7939468644214634,5.0,0.0,0.2
2,36,0.7713139169599782,5.0,0.0,0.2
2,37,0.7853625760144397,5.0,0.0,0.2
2,38,0.7760535226292373,5.0,0.0,0.2
2,39,0.7793673127163256,5.0,0.0,0.2
2,40,0.7963775958228685,5.0,0.0,0.2
2,41,0.7591698817348476,5.0,0.0,0.2
2,42,0.7924523712215736,5.0,0.0,0.2
2,43,0.769929678887799,5.0,0.0,0.2
2,44,0.0,15.0,0.0,0.0
2,45,0.057102880280668504,60.0,10.0,0.3
2,46,0.06875883066999446,60.0,10.0,0.3
2,47,0.06661944697598063,60.0,10.0,0.3
2,48,0.08765469806573829,60.0,10.0,0.3
2,49,0.06788503555145088,60.0,10.0,0.3
3,0,0.09077836786160746,50.0,50.0,0.4
3,1,0.0,15.0,0.0,0.0
3,2,0.09427509256174901,50.0,50.0,0.4
3,3,0.6761362081150764,5.0,0.0,1.0
3,4,0.7927677494186139,5.0,0.0,0.2
3,5,0.7775790002281321,5.0,0.0,0.2
3,6,0.7796850996454916,5.0,0.0,0.2
3,7,0.08705861787459526,50.0,50.0,0.4
3,8,0.06105720650357707,50.0,50.0,0.4
3,9,0.06283125710628402,50.0,50.0,0.4
3,10,0.05128049187000899,50.0,50.0,0.4
3,11,0.05985285553685103,50.0,50.0,0.4
3,12,0.06530342414750595,50.0,50.0,0.4
3,13,0.7524942319465107,5.0,0.0,0.2
3,14,0.7937432790279423,5.0,0.0,0.2
3,15,0.7552035159326884,5.0,0.0,0.2
3,16,0.7691038352366073,5.0,0.0,0.2
3,17,0.7711404800228123,5.0,0.0,0.2
3,18,0.7542002618088359,5.0,0.0,0.2
3,19,0.780526792542299,5.0,0.0,0.2
3,20,0.7980782918345145,5.0,0.0,0.2
3,21,0.7506930860988426,5.0,0.0,0.2
3,22,0.771608015437679,5.0,0.0,0.2
3,23,0.7595876584671586,5.0,0.0,0.2
3,24,0.7772658113938473,5.0,0.0,0.2
3,25,0.7538304506977765,5.0,0.0,0.2
3,26,0.7839232254950527,5.0,0.0,0.2
3,27,0.788906169820402,5.0,0.0,0.2
3,28,0.7650588220027548,5.0,0.0,0.2
3,29,0.7551010970954661,5.0,0.0,0.2
3,30,0.7791320544000441,5.0,0.0,0.2
3,31,0.7889676757893875,5.0,0.0,0.2
3,32,0.7827394923634711,5.0,0.0,0.2
3,33,0.7913057940870989,5.0,0.0,0.2
3,34,0.755374255669068,5.0,0.0,0.2
3,35,0.7761546994551904,5.0,0.0,0.2
3,36,0.7896150702614799,5.0,0.0,0.2
3,37,0.7865338942295209,5.0,0.0,0.2
3,38,0.7924390268489002,5.0,0.0,0.2
3,39,0.7565740533904547,5.0,0.0,0.2
3,40,0.7969940589095832,5.0,0.0,0.2
3,41,0.7601250621368736,5.0,0.0,0.2
3,42,0.7873616807474222,5.0,0.0,0.2
3,43,0.7881072970020286,5.0,0.0,0.2
3,44,0.0,15.0,0.0,0.0
3,45,0.07681228423744091,60.0,10.0,0.3
3,46,0.08897775791087859,60.0,10.0,0.3
3,47,0.09055163790060554,60.0,10.0,0.3
3,48,0.07905219812234247,60.0,10.0,0.3
3,49,0.05601687378649483,60.0,10.0,0.3
4,0,0.09617756452699279,50.0,50.0,0.4
4,1,0.0,15.0,0.0,0.0
4,2,0.07524647701474019,50.0,50.0,0.4
4,3,0.6865459549773909,5.0,0.0,1.0
4,4,0.7815958851548865,5.0,0.0,0.2
4,5,0.7573795959059557,5.0,0.0,0.2
4,6,0.7914999953593602,5.0,0.0,0.2
4,7,0.06488405488481264,50.0,50.0,0.4
4,8,0.08522625231096263,50.0,50.0,0.4
4,9,0.08875292944618154,50.0,50.0,0.4
4,10,0.08506934431938828,50.0,50.0,0.4
4,11,0.09365206446530025,50.0,50.0,0.4
4,12,0.07194827246956002,50.0,50.0,0.4
4,13,0.7564476433541415,5.0,0.0,0.2
4,14,0.750751790063493,5.0,0.0,0.2
4,15,0.7632574060132186,5.0,0.0,0.2
4,16,0.7755564699774485,5.0,0.0,0.2
4,17,0.7901588221899885,5.0,0.0,0.2
4,18,0.7781229321822951,5.0,0.0,0.2
4,19,0.792971616565543,5.0,0.0,0.2
4,20,0.7932539051051888,5.0,0.0,0.2
4,21,0.7526925911161582,5.0,0.0,0.2
4,22,0.7753329008597539,5.0,0.0,0.2
4,23,0.7722453432962024,5.0,0.0,0.2
4,24,0.7793452161011383,5.0,0.0,0.2
4,25,0.779709790184744,5.0,0.0,0.2
4,26,0.7605188387497841,5.0,0.0,0.2
4,27,0.7886055296730555,5.0,0.0,0.2
4,28,0.7724365177364647,5.0,0.0,0.2
4,29,0.7649540707515494,5.0,0.0,0.2
4,30,0.7683799656675574,5.0,0.0,0.2
4,31,0.7811233891284856,5.0,0.0,0.2
4,32,0.7555328033464285,5.0,0.0,0.2
4,33,0.7946935274015967,5.0,0.0,0.2
4,34,0.7627061225379854,5.0,0.0,0.2
4,35,0.7527267758052714,5.0,0.0,0.2
4,36,0.7659406810208047,5.0,0.0,0.2
4,37,0.7640145944966507,5.0,0.0,0.2
4,38,0.7645250285642343,5.0,0.0,0.2
4,39,0.7964683291645952,5.0,0.0,0.2
4,40,0.7586306444061578,5.0,0.0,0.2
4,41,0.7690174948975442,5.0,0.0,0.2
4,42,0.7746310288039855,5.0,0.0,0.2
4,43,0.0,15.0,0.0,0.0
4,44,0.7790729660447429,5.0,0.0,0.2
4,45,0.07792312765442741,60.0,10.0,0.3
4,46,0.06190736621869796,60.0,10.0,0.3
4,47,0.06624045895486765,60.0,10.0,0.3
4,48,0.060447752481971935,60.0,10.0,0.3
4,49,0.06410551644968132,60.0,10.0,0.3
5,0,0.07700423928820002,50.0,50.0,0.4
5,1,0.07300413002645541,50.0,50.0,0.4
5,2,0.0,15.0,0.0,0.0
5,3,0.654783013718191,5.0,0.0,1.0
5,4,0.7783480161867298,5.0,0.0,0.2
5,5,0.7670790668474818,5.0,0.0,0.2
5,6,0.7873161441468204,5.0,0.0,0.2
5,7,0.07062778593950952,50.0,50.0,0.4
5,8,0.08739052903143668,50.0,50.0,0.4
5,9,0.07415500509348542,50.0,50.0,0.4
5,10,0.08224469263665604,50.0,50.0,0.4
5,11,0.09928079403384041,50.0,50.0,0.4
5,12,0.06163166441487217,50.0,50.0,0.4
5,13,0.7795546673052599,5.0,0.0,0.2
5,14,0.7609832299732613,5.0,0.0,0.2
5,15,0.7561343085425527,5.0,0.0,0.2
5,16,0.7904376963616101,5.0,0.0,0.2
5,17,0.7646229550860206,5.0,0.0,0.2
5,18,0.7895966576481306,5.0,0.0,0.2
5,19,0.7738203884857556,5.0,0.0,0.2
5,20,0.773675896957243,5.0,0.0,0.2
5,21,0.7684174036984789,5.0,0.0,0.2
5,22,0.7968198778354976,5.0,0.0,0.2
5,23,0.7844482572801288,5.0,0.0,0.2
5,24,0.773040011462303,5.0,0.0,0.2
5,25,0.7505317001210673,5.0,0.0,0.2
5,26,0.7721456625447567,5.0,0.0,0.2
5,27,0.7540820859014643,5.0,0.0,0.2
5,28,0.7866434512281629,5.0,0.0,0.2
5,29,0.7790664590892079,5.0,0.0,0.2
5,30,0.7718575642097664,5.0,0.0,0.2
5,31,0.767968470644919,5.0,0.0,0.2
5,32,0.7925237266141567,5.0,0.0,0.2
5,33,0.7855682217774561,5.0,0.0,0.2
5,34,0.7942143456260965,5.0,0.0,0.2
5,35,0.7897827617334973,5.0,0.0,0.2
5,36,0.7817250436269166,5.0,0.0,0.2
5,37,0.7834859879801259,5.0,0.0,0.2
5,38,0.7598089786719366,5.0,0.0,0.2
5,39,0.7691870559152234,5.0,0.0,0.2
5,40,0.7928006412819846,5.0,0.0,0.2
5,41,0.7636253692402838,5.0,0.0,0.2
5,42,0.0,15.0,0.0,0.0
5,43,0.7820977947985227,5.0,0.0,0.2
5,44,0.7710526019351321,5.0,0.0,0.2
5,45,0.09719512468023872,60.0,10.0,0.3
5,46,0.06921794180912251,60.0,10.0,0.3
5,47,0.06178377184744333,60.0,10.0,0.3
5,48,0.07866311966152786,60.0,10.0,0.3
5,49,0.08763313454245142,60.0,10.0,0.3
6,0,0.08225392026841988,50.0,50.0,0.4
6,1,0.09714137064921186,50.0,50.0,0.4
6,2,0.0,15.0,0.0,0.0
6,3,0.6850166894127092,5.0,0.0,1.0
6,4,0.7501404586054644,5.0,0.0,0.2
6,5,0.7936216531046171,5.0,0.0,0.2
6,6,0.7562048869478226,5.0,0.0,0.2
6,7,0.07519605183109809,50.0,50.0,0.4
6,8,0.0698157431107703,50.0,50.0,0.4
6,9,0.0734289939531426,50.0,50.0,0.4
6,10,0.06974377596606114,50.0,50.0,0.4
6,11,0.06627101405019799,50.0,50.0,0.4
6,12,0.09996644230002115,50.0,50.0,0.4
6,13,0.756015911825664,5.0,0.0,0.2
6,14,0.7884027607371414,5.0,0.0,0.2
6,15,0.7677779846091175,5.0,0.0,0.2
6,16,0.7928944058028421,5.0,0.0,0.2
6,17,0.752306034343177,5.0,0.0,0.2
6,18,0.7544493295337175,5.0,0.0,0.2
6,19,0.7505797775996208,5.0,0.0,0.2
6,20,0.7550854906514473,5.0,0.0,0.2
6,21,0.771260379421186,5.0,0.0,0.2
6,22,0.7625375669393827,5.0,0.0,0.2
6,23,0.7834877661077081,5.0,0.0,0.2
6,24,0.7789676329046377,5.0,0.0,0.2
6,25,0.7984962705966114,5.0,0.0,0.2
6,26,0.7865785248499502,5.0,0.0,0.2
6,27,0.764347993681254,5.0,0.0,0.2
6,28,0.7986232000229126,5.0,0.0,0.2
6,29,0.7574410861941596,5.0,0.0,0.2
6,30,0.7568002755663346,5.0,0.0,0.2
6,31,0.7790935891426679,5.0,0.0,0.2
6,32,0.7504040028533061,5.0,0.0,0.2
6,33,0.7900261787645391,5.0,0.0,0.2
6,34,0.7987084923604153,5.0,0.0,0.2
6,35,0.7624357680155883,5.0,0.0,0.2
6,36,0.7897064998567569,5.0,0.0,0.2
6,37,0.7524371117819996,5.0,0.0,0.2
6,38,0.7708301453258706,5.0,0.0,0.2
6,39,0.7785592594108686,5.0,0.0,0.2
6,40,0.7909084214787101,5.0,0.0,0.2
6,41,0.0,15.0,0.0,0.0
6,42,0.7582334369542654,5.0,0.0,0.2
6,43,0.7583779573120534,5.0,0.0,0.2
6,44,0.7616930296220134,5.0,0.0,0.2
6,45,0.06982665465455731,60.0,10.0,0.3
6,46,0.07280214781065127,60.0,10.0,0.3
6,47,0.052034041195398235,60.0,10.0,0.3
6,48,0.09104564146147055,60.0,10.0,0.3
6,49,0.09450955347537927,60.0,10.0,0.3
7,0,0.08104755083377363,50.0,50.0,0.4
7,1,0.052059042469019934,50.0,50.0,0.4
7,2,0.0,15.0,0.0,0.0
7,3,0.6633255436213542,5.0,0.0,1.0
7,4,0.7500180453179874,5.0,0.0,0.2
7,5,0.780628380512944,5.0,0.0,0.2
7,6,0.7677070702891626,5.0,0.0,0.2
7,7,0.06427125922668189,50.0,50.0,0.4
7,8,0.05453755360509506,50.0,50.0,0.4
7,9,0.06400634618144983,50.0,50.0,0.4
7,10,0.060479835609496366,50.0,50.0,0.4
7,11,0.09707193278838225,50.0,50.0,0.4
7,12,0.05482853169139349,50.0,50.0,0.4
7,13,0.7645167903687322,5.0,0.0,0.2
7,14,0.7717907141902454,5.0,0.0,0.2
7,15,0.7710204818247931,5.0,0.0,0.2
7,16,0.7934154533323069,5.0,0.0,0.2
7,17,0.7752160583418115,5.0,0.0,0.2
7,18,0.7549931736293014,5.0,0.0,0.2
7,19,0.7544387840207737,5.0,0.0,0.2
7,20,0.7797947272385374,5.0,0.0,0.2
7,21,0.765234900350648,5.0,0.0,0.2
7,22,0.7790982127387872,5.0,0.0,0.2
7,23,0.7985588616920742,5.0,0.0,0.2
7,24,0.7565987922226547,5.0,0.0,0.2
7,25,0.7687686716503734,5.0,0.0,0.2
7,26,0.7685963578239163,5.0,0.0,0.2
7,27,0.7699009210766513,5.0,0.0,0.2
7,28,0.7765448907235277,5.0,0.0,0.2
7,29,0.7830469844048542,5.0,0.0,0.2
7,30,0.7527652119515464,5.0,0.0,0.2
7,31,0.7514060143183017,5.0,0.0,0.2
7,32,0.7665396650462074,5.0,0.0,0.2
7,33,0.7933051551833022,5.0,0.0,0.2
7,34,0.7699054377205742,5.0,0.0,0.2
7,35,0.790964000433926,5.0,0.0,0.2
7,36,0.7782277758333918,5.0,0.0,0.2
7,37,0.7865123448177591,5.0,0.0,0.2
7,38,0.788068854721593,5.0,0.0,0.2
7,39,0.7829285018669139,5.0,0.0,0.2
7,40,0.0,15.0,0.0,0.0
7,41,0.7909618617884657,5.0,0.0,0.2
7,42,0.7555985839161468,5.0,0.0,0.2
7,43,0.773230226618626,5.0,0.0,0.2
7,44,0.7942120723314686,5.0,0.0,0.2
7,45,0.08390243443979392,60.0,10.0,0.3
7,46,0.08807970571006858,60.0,10.0,0.3
7,47,0.055756815543049475,60.0,10.0,0.3
7,48,0.05723010649720003,60.0,10.0,0.3
7,49,0.07750444006580173,60.0,10.0,0.3
8,0,0.06373127496257237,50.0,50.0,0.4
8,1,0.07755027112155911,50.0,50.0,0.4
8,2,0.7805494277670048,5.0,0.0,0.2
8,3,0.0,15.0,0.0,0.0
8,4,0.6967059550966409,5.0,0.0,1.0
8,5,0.6541409460749885,5.0,0.0,1.0
8,6,0.7552515382383669,5.0,0.0,0.2
8,7,0.0,10.0,0.0,0.0
8,8,0.0,10.0,0.0,0.0
8,9,0.09988640343350053,50.0,50.0,0.4
8,10,0.0941522119864732,50.0,50.0,0.4
8,11,0.05903668101166611,50.0,50.0,0.4
8,12,0.07286561482812262,50.0,50.0,0.4
8,13,0.7905840523732939,5.0,0.0,0.2
8,14,0.7632253194684748,5.0,0.0,0.2
8,15,0.787830073075489,5.0,0.0,0.2
8,16,0.7635838148020512,5.0,0.0,0.2
8,17,0.7964539421095623,5.0,0.0,0.2
8,18,0.7504768772415871,5.0,0.0,0.2
8,19,0.7810456222232471,5.0,0.0,0.2
8,20,0.7862027664413608,5.0,0.0,0.2
8,21,0.7683959455525178,5.0,0.0,0.2
8,22,0.787444879131036,5.0,0.0,0.2
8,23,0.7799780168652102,5.0,0.0,0.2
8,24,0.7890215791064262,5.0,0.0,0.2
8,25,0.7572403944193707,5.0,0.0,0.2
8,26,0.7601186185345442,5.0,0.0,0.2
8,27,0.786008300596791,5.0,0.0,0.2
8,28,0.7531539327104567,5.0,0.0,0.2
8,29,0.770194936691309,5.0,0.0,0.2
8,30,0.7570782082421542,5.0,0.0,0.2
8,31,0.7894419876417698,5.0,0.0,0.2
8,32,0.7879976774632692,5.0,0.0,0.2
8,33,0.7794218161864699,5.0,0.0,0.2
8,34,0.7668789865399728,5.0,0.0,0.2
8,35,0.7634791645794908,5.0,0.0,0.2
8,36,0.7865833486328577,5.0,0.0,0.2
8,37,0.767653086532916,5.0,0.0,0.2
8,38,0.7602629262997388,5.0,0.0,0.2
8,39,0.0,15.0,0.0,0.0
8,40,0.7803369426612112,5.0,0.0,0.2
8,41,0.7674916395634573,5.0,0.0,0.2
8,42,0.06519697445830369,60.0,10.0,0.3
8,43,0.09505627257706975,60.0,10.0,0.3
8,44,0.0960254456336377,60.0,10.0,0.3
8,45,0.0986393046250742,60.0,10.0,0.3
8,46,0.06811811722486102,60.0,10.0,0.3
8,47,0.0951702687404411,60.0,10.0,0.3
8,48,0.09680860185869486,60.0,10.0,0.3
8,49,0.09573686825152988,60.0,10.0,0.3
9,0,0.08033474345250972,50.0,50.0,0.4
9,1,0.06247242513254286,50.0,50.0,0.4
9,2,0.7962297488704065,5.0,0.0,0.2
9,3,0.7646588548140543,5.0,0.0,0.2
9,4,0.0,15.0,0.0,0.0
9,5,0.6811072275870304,5.0,0.0,1.0
9,6,0.7701044437120644,5.0,0.0,0.2
9,7,0.07708707840190832,50.0,50.0,0.4
9,8,0.05550526541370246,50.0,50.0,0.4
9,9,0.0,10.0,0.0,0.0
9,10,0.0,10.0,0.0,0.0
9,11,0.07411786648874757,50.0,50.0,0.4
9,12,0.09885645020086076,50.0,50.0,0.4
9,13,0.06649184804723615,50.0,50.0,0.4
9,14,0.0672773544822555,50.0,50.0,0.4
9,15,0.08483976981210906,50.0,50.0,0.4
9,16,0.08594156022064973,50.0,50.0,0.4
9,17,0.7642282148982166,5.0,0.0,0.2
9,18,0.07519637212153348,50.0,50.0,0.4
9,19,0.07557022885470478,50.0,50.0,0.4
9,20,0.07902064123638389,50.0,50.0,0.4
9,21,0.060646772823036106,50.0,50.0,0.4
9,22,0.06268599760587655,50.0,50.0,0.4
9,23,0.7868158914833705,5.0,0.0,0.2
9,24,0.7680225437776563,5.0,0.0,0.2
9,25,0.7913579944437813,5.0,0.0,0.2
9,26,0.7828657224928506,5.0,0.0,0.2
9,27,0.7538025946310665,5.0,0.0,0.2
9,28,0.762811259259681,5.0,0.0,0.2
9,29,0.7545607391866904,5.0,0.0,0.2
9,30,0.7807381854946622,5.0,0.0,0.2
9,31,0.7604629594826469,5.0,0.0,0.2
9,32,0.7760770071785233,5.0,0.0,0.2
9,33,0.7803852644519166,5.0,0.0,0.2
9,34,0.7910130820204229,5.0,0.0,0.2
9,35,0.7883997068545675,5.0,0.0,0.2
9,36,0.7623007240153314,5.0,0.0,0.2
9,37,0.0,15.0,0.0,0.0
9,38,0.0,15.0,0.0,0.0
9,39,0.7944557531638764,5.0,0.0,0.2
9,40,0.7607863277218002,5.0,0.0,0.2
9,41,0.056007556984564805,60.0,10.0,0.3
9,42,0.07312051029014967,60.0,10.0,0.3
9,43,0.05606329170318881,60.0,10.0,0.3
9,44,0.07150728041772667,60.0,10.0,0.3
9,45,0.05852241291639101,60.0,10.0,0.3
9,46,0.7684906311844507,5.0,0.0,0.2
9,47,0.7700135135410693,5.0,0.0,0.2
9,48,0.7658441473101092,5.0,0.0,0.2
9,49,0.794526620638743,5.0,0.0,0.2
10,0,0.07182036480675591,50.0,50.0,0.4
10,1,0.08960104076867052,50.0,50.0,0.4
10,2,0.7991840124215219,5.0,0.0,0.2
10,3,0.7979900885201029,5.0,0.0,0.2
10,4,0.0,15.0,0.0,0.0
10,5,0.6860917512888702,5.0,0.0,1.0
10,6,0.7597176338475718,5.0,0.0,0.2
10,7,0.06403510868161619,50.0,50.0,0.4
10,8,0.08129103148324499,50.0,50.0,0.4
10,9,0.08170598296930812,50.0,50.0,0.4
10,10,0.09479380155562248,50.0,50.0,0.4
10,11,0.0,10.0,0.0,0.0
10,12,0.05000253266807137,50.0,50.0,0.4
10,13,0.06156459568181143,50.0,50.0,0.4
10,14,0.05870124697493073,50.0,50.0,0.4
10,15,0.09314568790468727,50.0,50.0,0.4
10,16,0.07502036320895082,50.0,50.0,0.4
10,17,0.07268435887799014,50.0,50.0,0.4
10,18,0.05624152963447803,50.0,50.0,0.4
10,19,0.05511433348702675,50.0,50.0,0.4
10,20,0.07540200478151543,50.0,50.0,0.4
10,21,0.07450550455080274,50.0,50.0,0.4
10,22,0.06225242794656886,50.0,50.0,0.4
10,23,0.7683785873408064,5.0,0.0,0.2
10,24,0.7559304351151609,5.0,0.0,0.2
10,25,0.7867161413808368,5.0,0.0,0.2
10,26,0.7849078228772046,5.0,0.0,0.2
10,27,0.766358052875629,5.0,0.0,0.2
10,28,0.7597272649955544,5.0,0.0,0.2
10,29,0.7632469004283579,5.0,0.0,0.2
10,30,0.0,15.0,0.0,0.0
10,31,0.0,15.0,0.0,0.0
10,32,0.0,15.0,0.0,0.0
10,33,0.0,15.0,0.0,0.0
10,34,0.0,15.0,0.0,0.0
10,35,0.0,15.0,0.0,0.0
10,36,0.0,15.0,0.0,0.0
10,37,0.7728887461907906,5.0,0.0,0.2
10,38,0.7548174609208628,5.0,0.0,0.2
10,39,0.7903374606412102,5.0,0.0,0.2
10,40,0.06177939423552911,60.0,10.0,0.3
10,41,0.0815432728384862,60.0,10.0,0.3
10,42,0.0552015174392987,60.0,10.0,0.3
10,43,0.08615855049627894,60.0,10.0,0.3
10,44,0.0990833425566916,60.0,10.0,0.3
10,45,0.06708742603153155,60.0,10.0,0.3
10,46,0.09935753004619839,60.0,10.0,0.3
10,47,0.7922629140933477,5.0,0.0,0.2
10,48,0.7667528284091285,5.0,0.0,0.2
10,49,0.7826610038062615,5.0,0.0,0.2
11,0,0.08948946587454842,50.0,50.0,0.4
11,1,0.09436326784273136,50.0,50.0,0.4
11,2,0.7715550921286409,5.0,0.0,0.2
11,3,0.7808100733656091,5.0,0.0,0.2
11,4,0.760389690564635,5.0,0.0,0.2
11,5,0.0,15.0,0.0,0.0
11,6,0.7725616490207068,5.0,0.0,0.2
11,7,0.08594267867329408,50.0,50.0,0.4
11,8,0.060725097309368425,50.0,50.0,0.4
11,9,0.05108763470431477,50.0,50.0,0.4
11,10,0.06865310877899457,50.0,50.0,0.4
11,11,0.09500142566883318,50.0,50.0,0.4
11,12,0.0,10.0,0.0,0.0
11,13,0.09062985891823018,50.0,50.0,0.4
11,14,0.05740007359992588,50.0,50.0,0.4
11,15,0.07257132633499527,50.0,50.0,0.4
11,16,0.0713879878147585,50.0,50.0,0.4
11,17,0.0908592089697379,50.0,50.0,0.4
11,18,0.05818832998563304,50.0,50.0,0.4
11,19,0.05769212096652431,50.0,50.0,0.4
11,20,0.07890307341321602,50.0,50.0,0.4
11,21,0.06707878769121521,50.0,50.0,0.4
11,22,0.09104737112819918,50.0,50.0,0.4
11,23,0.7600202848834327,5.0,0.0,0.2
11,24,0.7820200047788285,5.0,0.0,0.2
11,25,0.7510620977427509,5.0,0.0,0.2
11,26,0.7950208241748411,5.0,0.0,0.2
11,27,0.774171892755564,5.0,0.0,0.2
11,28,0.7838253152608319,5.0,0.0,0.2
11,29,0.0,15.0,0.0,0.0
11,30,0.7735496354176696,5.0,0.0,0.2
11,31,0.7803464518614033,5.0,0.0,0.2
11,32,0.7762297357651644,5.0,0.0,0.2
11,33,0.7804653904982067,5.0,0.0,0.2
11,34,0.7932759105768895,5.0,0.0,0.2
11,35,0.7863098490631528,5.0,0.0,0.2
11,36,0.7754585531807382,5.0,0.0,0.2
11,37,0.7924088703920155,5.0,0.0,0.2
11,38,0.05890389542583932,60.0,10.0,0.3
11,39,0.053921881228478165,60.0,10.0,0.3
11,40,0.0656870396358032,60.0,10.0,0.3
11,41,0.08985676038504155,60.0,10.0,0.3
11,42,0.07863687543018114,60.0,10.0,0.3
11,43,0.05744724391799659,60.0,10.0,0.3
11,44,0.07896278717943479,60.0,10.0,0.3
11,45,0.06967757672079668,60.0,10.0,0.3
11,46,0.052906881049411325,60.0,10.0,0.3
11,47,0.7860207547949982,5.0,0.0,0.2
11,48,0.7600375978139543,5.0,0.0,0.2
11,49,0.7831834366691061,5.0,0.0,0.2
12,0,0.05850862382131424,50.0,50.0,0.4
12,1,0.059438209211263,50.0,50.0,0.4
12,2,0.09262307227185457,50.0,50.0,0.4
12,3,0.06056942211271241,50.0,50.0,0.4
12,4,0.09201893359853083,50.0,50.0,0.4
12,5,0.7776399793005468,5.0,0.0,0.2
12,6,0.0,15.0,0.0,0.0
12,7,0.060751948914923665,50.0,50.0,0.4
12,8,0.0664242367656863,50.0,50.0,0.4
12,9,0.05595721877008999,50.0,50.0,0.4
12,10,0.07317272161179063,50.0,50.0,0.4
12,11,0.07060488788247773,50.0,50.0,0.4
12,12,0.08013394901126243,50.0,50.0,0.4
12,13,0.0,10.0,0.0,0.0
12,14,0.08190723309732512,50.0,50.0,0.4
12,15,0.05121599841361801,50.0,50.0,0.4
12,16,0.09810771925995385,50.0,50.0,0.4
12,17,0.09384171155492256,50.0,50.0,0.4
12,18,0.08824754322823103,50.0,50.0,0.4
12,19,0.7652654157352916,5.0,0.0,0.2
12,20,0.06209991321723999,50.0,50.0,0.4
12,21,0.08178452064605934,50.0,50.0,0.4
12,22,0.08479363845414575,50.0,50.0,0.4
12,23,0.7943583178442202,5.0,0.0,0.2
12,24,0.7968327217385559,5.0,0.0,0.2
12,25,0.7580365722011356,5.0,0.0,0.2
12,26,0.0,15.0,0.0,0.0
12,27,0.0,15.0,0.0,0.0
12,28,0.0,15.0,0.0,0.0
12,29,0.7725653831732248,5.0,0.0,0.2
12,30,0.7584017357144109,5.0,0.0,0.2
12,31,0.792645148862623,5.0,0.0,0.2
12,32,0.7899968446935608,5.0,0.0,0.2
12,33,0.7749438506632614,5.0,0.0,0.2
12,34,0.756216947935677,5.0,0.0,0.2
12,35,0.76567935307946,5.0,0.0,0.2
12,36,0.7502471249486972,5.0,0.0,0.2
12,37,0.7503935897278559,5.0,0.0,0.2
12,38,0.7541677419868349,5.0,0.0,0.2
12,39,0.7692115344782997,5.0,0.0,0.2
12,40,0.7877814747467026,5.0,0.0,0.2
12,41,0.7865181413741082,5.0,0.0,0.2
12,42,0.7622613067493608,5.0,0.0,0.2
12,43,0.7739002464771135,5.0,0.0,0.2
12,44,0.7566329978498613,5.0,0.0,0.2
12,45,0.7583650559851429,5.0,0.0,0.2
12,46,0.7703129984462473,5.0,0.0,0.2
12,47,0.7781740974642911,5.0,0.0,0.2
12,48,0.7548090011463506,5.0,0.0,0.2
12,49,0.7924322287576431,5.0,0.0,0.2
13,0,0.06902399617426352,50.0,50.0,0.4
13,1,0.0732335349642865,50.0,50.0,0.4
13,2,0.08721669605653798,50.0,50.0,0.4
13,3,0.07163676637128576,50.0,50.0,0.4
13,4,0.0959926153822577,50.0,50.0,0.4
13,5,0.7751808333276032,5.0,0.0,0.2
13,6,0.0,15.0,0.0,0.0
13,7,0.051703526335922005,50.0,50.0,0.4
13,8,0.09551418093071468,50.0,50.0,0.4
13,9,0.060868108231552975,50.0,50.0,0.4
13,10,0.06903859680177726,50.0,50.0,0.4
13,11,0.076667716008372,50.0,50.0,0.4
13,12,0.05910653101827994,50.0,50.0,0.4
13,13,0.07771348304819127,50.0,50.0,0.4
13,14,0.0,10.0,0.0,0.0
13,15,0.07460302180094648,50.0,50.0,0.4
13,16,0.056574337176670667,50.0,50.0,0.4
13,17,0.07568802427917977,50.0,50.0,0.4
13,18,0.06379075971706276,50.0,50.0,0.4
13,19,0.09286264291294848,50.0,50.0,0.4
13,20,0.7732277211597037,5.0,0.0,0.2
13,21,0.0612654617026156,50.0,50.0,0.4
13,22,0.0,15.0,0.0,0.0
13,23,0.0,15.0,0.0,0.0
13,24,0.0,15.0,0.0,0.0
13,25,0.0,15.0,0.0,0.0
13,26,0.7908026134181304,5.0,0.0,0.2
13,27,0.7675245242838806,5.0,0.0,0.2
13,28,0.7867953412508764,5.0,0.0,0.2
13,29,0.7823306669733003,5.0,0.0,0.2
13,30,0.7744174930167579,5.0,0.0,0.2
13,31,0.7566128464761265,5.0,0.0,0.2
13,32,0.7509668864888908,5.0,0.0,0.2
13,33,0.7949459429800183,5.0,0.0,0.2
13,34,0.7570998694157113,5.0,0.0,0.2
13,35,0.7985244098870707,5.0,0.0,0.2
13,36,0.0,10.0,0.0,0.0
13,37,0.0,10.0,0.0,0.0
13,38,0.0,10.0,0.0,0.0
13,39,0.0,10.0,0.0,0.0
13,40,0.0,10.0,0.0,0.0
13,41,0.0,10.0,0.0,0.0
13,42,0.7836037982137356,5.0,0.0,0.2
13,43,0.7702947433335784,5.0,0.0,0.2
13,44,0.7653354623572414,5.0,0.0,0.2
13,45,0.7730306792313515,5.0,0.0,0.2
13,46,0.7760351641864293,5.0,0.0,0.2
13,47,0.7835924703978785,5.0,0.0,0.2
13,48,0.7810772171961506,5.0,0.0,0.2
13,49,0.7625967862803371,5.0,0.0,0.2
14,0,0.0742621402927609,50.0,50.0,0.4
14,1,0.07175124993056133,50.0,50.0,0.4
14,2,0.05484603432110985,50.0,50.0,0.4
14,3,0.09460709090000662,50.0,50.0,0.4
14,4,0.09365766862710746,50.0,50.0,0.4
14,5,0.7742214812927396,5.0,0.0,0.2
14,6,0.0,15.0,0.0,0.0
14,7,0.0,10.0,0.0,0.0
14,8,0.06721978332699166,50.0,50.0,0.4
14,9,0.06385653827322847,50.0,50.0,0.4
14,10,0.0641877275322682,50.0,50.0,0.4
14,11,0.08820054803964308,50.0,50.0,0.4
14,12,0.06220654200204163,50.0,50.0,0.4
14,13,0.09287885396579518,50.0,50.0,0.4
14,14,0.0808931748632892,50.0,50.0,0.4
14,15,0.0,10.0,0.0,0.0
14,16,0.07030639487942396,50.0,50.0,0.4
14,17,0.055847052902782995,50.0,50.0,0.4
14,18,0.059526778161862526,50.0,50.0,0.4
14,19,0.09481653883487089,50.0,50.0,0.4
14,20,0.7658421641413957,5.0,0.0,0.2
14,21,0.0,15.0,0.0,0.0
14,22,0.7854557984598988,5.0,0.0,0.2
14,23,0.7513638683398778,5.0,0.0,0.2
14,24,0.7717587293168351,5.0,0.0,0.2
14,25,0.7601813938848478,5.0,0.0,0.2
14,26,0.762054243626418,5.0,0.0,0.2
14,27,0.7832699010737949,5.0,0.0,0.2
14,28,0.7513625019051677,5.0,0.0,0.2
14,29,0.7835126530144781,5.0,0.0,0.2
14,30,0.7524532214318802,5.0,0.0,0.2
14,31,0.7809273757639446,5.0,0.0,0.2
14,32,0.7664705733245273,5.0,0.0,0.2
14,33,0.7592502943513977,5.0,0.0,0.2
14,34,0.0,10.0,0.0,0.0
14,35,0.6739598332491956,5.0,0.0,1.0
14,36,0.6634053241150084,5.0,0.0,1.0
14,37,0.656744020493563,5.0,0.0,1.0
14,38,0.6604788809967814,5.0,0.0,1.0
14,39,0.6601052798096737,5.0,0.0,1.0
14,40,0.6756452860232566,5.0,0.0,1.0
14,41,0.6568046269949943,5.0,0.0,1.0
14,42,0.0,10.0,0.0,0.0
14,43,0.7662387842842767,5.0,0.0,0.2
14,44,0.7736694367418371,5.0,0.0,0.2
14,45,0.7677352673131025,5.0,0.0,0.2
14,46,0.7899682320754025,5.0,0.0,0.2
14,47,0.7685793967452631,5.0,0.0,0.2
14,48,0.7743310998084503,5.0,0.0,0.2
14,49,0.7971302267243876,5.0,0.0,0.2
15,0,0.08047268061293861,50.0,50.0,0.4
15,1,0.05126828122325336,50.0,50.0,0.4
15,2,0.05167434948010838,50.0,50.0,0.4
15,3,0.0901083674701898,50.0,50.0,0.4
15,4,0.07735872023273706,50.0,50.0,0.4
15,5,0.790028813905171,5.0,0.0,0.2
15,6,0.0,15.0,0.0,0.0
15,7,0.06307851606491899,50.0,50.0,0.4
15,8,0.0,10.0,0.0,0.0
15,9,0.050643538874896026,50.0,50.0,0.4
15,10,0.09858519865306725,50.0,50.0,0.4
15,11,0.058913289074086495,50.0,50.0,0.4
15,12,0.061629200196234385,50.0,50.0,0.4
15,13,0.06185690188942319,50.0,50.0,0.4
15,14,0.09154081410643498,50.0,50.0,0.4
15,15,0.06634313813131745,50.0,50.0,0.4
15,16,0.0,10.0,0.0,0.0
15,17,0.05569807312955664,50.0,50.0,0.4
15,18,0.0785030828673946,50.0,50.0,0.4
15,19,0.0,15.0,0.0,0.0
15,20,0.0,15.0,0.0,0.0
15,21,0.7895548518863422,5.0,0.0,0.2
15,22,0.7928608002752221,5.0,0.0,0.2
15,23,0.7686469574277321,5.0,0.0,0.2
15,24,0.7676857751254362,5.0,0.0,0.2
15,25,0.7764520859535371,5.0,0.0,0.2
15,26,0.7613027084977287,5.0,0.0,0.2
15,27,0.7664615485167372,5.0,0.0,0.2
15,28,0.7933659571715067,5.0,0.0,0.2
15,29,0.7694654728954098,5.0,0.0,0.2
15,30,0.7761562982573754,5.0,0.0,0.2
15,31,0.7764986876759284,5.0,0.0,0.2
15,32,0.771162425357877,5.0,0.0,0.2
15,33,0.0,10.0,0.0,0.0
15,34,0.6860124442131066,5.0,0.0,1.0
15,35,0.6959089352235436,5.0,0.0,1.0
15,36,0.6706362883785466,5.0,0.0,1.0
15,37,0.6878602869129702,5.0,0.0,1.0
15,38,0.6625706135614452,5.0,0.0,1.0
15,39,0.674432011210023,5.0,0.0,1.0
15,40,0.6842946671416396,5.0,0.0,1.0
15,41,0.6681721465236178,5.0,0.0,1.0
15,42,0.7752348732276721,5.0,0.0,0.2
15,43,0.0,10.0,0.0,0.0
15,44,0.0,10.0,0.0,0.0
15,45,0.0,10.0,0.0,0.0
15,46,0.0,10.0,0.0,0.0
15,47,0.0,10.0,0.0,0.0
15,48,0.7856709672996174,5.0,0.0,0.2
15,49,0.7933754142974535,5.0,0.0,0.2
16,0,0.09330823434186758,50.0,50.0,0.4
16,1,0.09426162499361287,50.0,50.0,0.4
16,2,0.07484190200689539,50.0,50.0,0.4
16,3,0.07181157154811546,50.0,50.0,0.4
16,4,0.0689464309368624,50.0,50.0,0.4
16,5,0.7969487128598246,5.0,0.0,0.2
16,6,0.0,15.0,0.0,0.0
16,7,0.06366160930979711,50.0,50.0,0.4
16,8,0.08903785420588198,50.0,50.0,0.4
16,9,0.0,10.0,0.0,0.0
16,10,0.05665118008887912,50.0,50.0,0.4
16,11,0.08157024702536426,50.0,50.0,0.4
16,12,0.0606791990346045,50.0,50.0,0.4
16,13,0.08106814542350073,50.0,50.0,0.4
16,14,0.0996827330776555,50.0,50.0,0.4
16,15,0.09538870895023786,50.0,50.0,0.4
16,16,0.08844454940675882,50.0,50.0,0.4
16,17,0.0,10.0,0.0,0.0
16,18,0.0,15.0,0.0,0.0
16,19,0.7780784046343349,5.0,0.0,0.2
16,20,0.7869199035912678,5.0,0.0,0.2
16,21,0.798686868659455,5.0,0.0,0.2
16,22,0.7747265070817443,5.0,0.0,0.2
16,23,0.7507549806367814,5.0,0.0,0.2
16,24,0.7675981950574754,5.0,0.0,0.2
16,25,0.7920218706619755,5.0,0.0,0.2
16,26,0.780677844588406,5.0,0.0,0.2
16,27,0.7892165931672125,5.0,0.0,0.2
16,28,0.7973114425158838,5.0,0.0,0.2
16,29,0.7829392817822836,5.0,0.0,0.2
16,30,0.7801840734007025,5.0,0.0,0.2
16,31,0.0,10.0,0.0,0.0
16,32,0.0,10.0,0.0,0.0
16,33,0.6549647210257187,5.0,0.0,1.0
16,34,0.683009560432866,5.0,0.0,1.0
16,35,0.6863210439399942,5.0,0.0,1.0
16,36,0.6694826484486391,5.0,0.0,1.0
16,37,0.6622023953115431,5.0,0.0,1.0
16,38,0.6635749700587174,5.0,0.0,1.0
16,39,0.6690215554179051,5.0,0.0,1.0
16,40,0.6594610752161747,5.0,0.0,1.0
16,41,0.6551163158564619,5.0,0.0,1.0
16,42,0.7928577226465118,5.0,0.0,0.2
16,43,0.7544558358875089,5.0,0.0,0.2
16,44,0.7713076169545938,5.0,0.0,0.2
16,45,0.762474873108082,5.0,0.0,0.2
16,46,0.7682214446788302,5.0,0.0,0.2
16,47,0.7612037877593137,5.0,0.0,0.2
16,48,0.0,10.0,0.0,0.0
16,49,0.7799466207183683,5.0,0.0,0.2
17,0,0.06318916156418167,50.0,50.0,0.4
17,1,0.057050680569322706,50.0,50.0,0.4
17,2,0.06401086156793695,50.0,50.0,0.4
17,3,0.0719877054290573,50.0,50.0,0.4
17,4,0.07125238179159794,50.0,50.0,0.4
17,5,0.7784530115829269,5.0,0.0,0.2
17,6,0.0,15.0,0.0,0.0
17,7,0.08927658829725704,50.0,50.0,0.4
17,8,0.06024185682704667,50.0,50.0,0.4
17,9,0.07666358088783373,50.0,50.0,0.4
17,10,0.0,10.0,0.0,0.0
17,11,0.05883709706808371,50.0,50.0,0.4
17,12,0.09532606910024827,50.0,50.0,0.4
17,13,0.07885245343690256,50.0,50.0,0.4
17,14,0.0963264793970694,50.0,50.0,0.4
17,15,0.08052041103740323,50.0,50.0,0.4
17,16,0.0,15.0,0.0,0.0
17,17,0.0,15.0,0.0,0.0
17,18,0.7795911555672264,5.0,0.0,0.2
17,19,0.785491950835737,5.0,0.0,0.2
17,20,0.7893880937082903,5.0,0.0,0.2
17,21,0.7641297676868207,5.0,0.0,0.2
17,22,0.7825944282231978,5.0,0.0,0.2
17,23,0.7737899453340228,5.0,0.0,0.2
17,24,0.7674882335101147,5.0,0.0,0.2
17,25,0.7763098844442121,5.0,0.0,0.2
17,26,0.7610580582676558,5.0,0.0,0.2
17,27,0.7811279583247249,5.0,0.0,0.2
17,28,0.0,10.0,0.0,0.0
17,29,0.0,10.0,0.0,0.0
17,30,0.0,10.0,0.0,0.0
17,31,0.6672087958142087,5.0,0.0,1.0
17,32,0.6548459842206684,5.0,0.0,1.0
17,33,0.6855488274072705,5.0,0.0,1.0
17,34,0.6660230148245572,5.0,0.0,1.0
17,35,0.6738505910218526,5.0,0.0,1.0
17,36,0.6988777157978752,5.0,0.0,1.0
17,37,0.6633913072551753,5.0,0.0,1.0
17,38,0.6984820029386289,5.0,0.0,1.0
17,39,0.6861033040312702,5.0,0.0,1.0
17,40,0.6650516080657483,5.0,0.0,1.0
17,41,0.6666331316179843,5.0,0.0,1.0
17,42,0.7570838478259687,5.0,0.0,0.2
17,43,0.7978685486803603,5.0,0.0,0.2
17,44,0.7514128433331617,5.0,0.0,0.2
17,45,0.7871258995777395,5.0,0.0,0.2
17,46,0.7620651685644269,5.0,0.0,0.2
17,47,0.7559605167063479,5.0,0.0,0.2
17,48,0.7654355639424417,5.0,0.0,0.2
17,49,0.0,10.0,0.0,0.0
18,0,0.08940091627105129,50.0,50.0,0.4
18,1,0.07867300641063893,50.0,50.0,0.4
18,2,0.07152473453563234,50.0,50.0,0.4
18,3,0.09339621167693771,50.0,50.0,0.4
18,4,0.0713166822295721,50.0,50.0,0.4
18,5,0.7809827171930853,5.0,0.0,0.2
18,6,0.0,15.0,0.0,0.0
18,7,0.07244669536528026,50.0,50.0,0.4
18,8,0.07091278294821776,50.0,50.0,0.4
18,9,0.09733501603600948,50.0,50.0,0.4
18,10,0.06893442158462469,50.0,50.0,0.4
18,11,0.0,10.0,0.0,0.0
18,12,0.07357212463245583,50.0,50.0,0.4
18,13,0.09605526630390458,50.0,50.0,0.4
18,14,0.06571246597104823,50.0,50.0,0.4
18,15,0.0,15.0,0.0,0.0
18,16,0.08383679980011895,50.0,50.0,0.4
18,17,0.05106132724986507,50.0,50.0,0.4
18,18,0.0996836028216725,50.0,50.0,0.4
18,19,0.08271587853824108,60.0,10.0,0.3
18,20,0.0501106636993491,60.0,10.0,0.3
18,21,0.7655887433669386,5.0,0.0,0.2
18,22,0.7516736717403281,5.0,0.0,0.2
18,23,0.7503891609881859,5.0,0.0,0.2
18,24,0.7546401281358684,5.0,0.0,0.2
18,25,0.7920614544271216,5.0,0.0,0.2
18,26,0.7830451852583159,5.0,0.0,0.2
18,27,0.0,10.0,0.0,0.0
18,28,0.6888323699578927,5.0,0.0,1.0
18,29,0.6689516889417864,5.0,0.0,1.0
18,30,0.659564558721381,5.0,0.0,1.0
18,31,0.681739743593158,5.0,0.0,1.0
18,32,0.6920447790035055,5.0,0.0,1.0
18,33,0.6665591412772953,5.0,0.0,1.0
18,34,0.697525661103465,5.0,0.0,1.0
18,35,0.6574683177420568,5.0,0.0,1.0
18,36,0.6980424960724677,5.0,0.0,1.0
18,37,0.6749422789448354,5.0,0.0,1.0
18,38,0.6620589584311741,5.0,0.0,1.0
18,39,0.6545906935214426,5.0,0.0,1.0
18,40,0.6673572969569274,5.0,0.0,1.0
18,41,0.658211717345869,5.0,0.0,1.0
18,42,0.775543912905053,5.0,0.0,0.2
18,43,0.7858103747901111,5.0,0.0,0.2
18,44,0.7693943547730194,5.0,0.0,0.2
18,45,0.7892825997041185,5.0,0.0,0.2
18,46,0.7991243577116087,5.0,0.0,0.2
18,47,0.7898293235067513,5.0,0.0,0.2
18,48,0.7963803854932276,5.0,0.0,0.2
18,49,0.770402283212782,5.0,0.0,0.2
19,0,0.6897284051701363,5.0,0.0,1.0
19,1,0.685620598243087,5.0,0.0,1.0
19,2,0.053222652549846705,50.0,50.0,0.4
19,3,0.07636618354373143,50.0,50.0,0.4
19,4,0.0786078450964175,50.0,50.0,0.4
19,5,0.7771020726125669,5.0,0.0,0.2
19,6,0.0,15.0,0.0,0.0
19,7,0.09366516223141451,50.0,50.0,0.4
19,8,0.09401340478735801,50.0,50.0,0.4
19,9,0.054693679688038545,50.0,50.0,0.4
19,10,0.06512180006909893,50.0,50.0,0.4
19,11,0.05520350033195728,50.0,50.0,0.4
19,12,0.0,10.0,0.0,0.0
19,13,0.0,15.0,0.0,0.0
19,14,0.0,15.0,0.0,0.0
19,15,0.05852634275066417,50.0,50.0,0.4
19,16,0.0,10.0,0.0,0.0
19,17,0.0,10.0,0.0,0.0
19,18,0.05720362978533076,60.0,10.0,0.3
19,19,0.08953380519584293,60.0,10.0,0.3
19,20,0.7946917345353667,5.0,0.0,0.2
19,21,0.7586190987060785,5.0,0.0,0.2
19,22,0.08610942257482058,60.0,10.0,0.3
19,23,0.7704898854737219,5.0,0.0,0.2
19,24,0.7869504796951077,5.0,0.0,0.2
19,25,0.797841338943987,5.0,0.0,0.2
19,26,0.0,10.0,0.0,0.0
19,27,0.6705147087694107,5.0,0.0,1.0
19,28,0.6611017883277828,5.0,0.0,1.0
19,29,0.6730726921790638,5.0,0.0,1.0
19,30,0.6660433339664823,5.0,0.0,1.0
19,31,0.6810675620511593,5.0,0.0,1.0
19,32,0.677750596447751,5.0,0.0,1.0
19,33,0.6574542188277417,5.0,0.0,1.0
19,34,0.692607335387906,5.0,0.0,1.0
19,35,0.651021414785002,5.0,0.0,1.0
19,36,0.6627329685313764,5.0,0.0,1.0
19,37,0.6639996917483797,5.0,0.0,1.0
19,38,0.7751016162728158,5.0,0.0,0.2
19,39,0.7697576083100386,5.0,0.0,0.2
19,40,0.7565875553276006,5.0,0.0,0.2
19,41,0.7671716795810265,5.0,0.0,0.2
19,42,0.7733832140716846,5.0,0.0,0.2
19,43,0.7784096721461039,5.0,0.0,0.2
19,44,0.7733869909412026,5.0,0.0,0.2
19,45,0.7788549454402712,5.0,0.0,0.2
19,46,0.7804412277903244,5.0,0.0,0.2
19,47,0.7985599966047595,5.0,0.0,0.2
19,48,0.7970054712592285,5.0,0.0,0.2
19,49,0.7878473713912406,5.0,0.0,0.2
20,0,0.6535631128701919,5.0,0.0,1.0
20,1,0.6503306425937585,5.0,0.0,1.0
20,2,0.06822250763193878,50.0,50.0,0.4
20,3,0.07752601414547942,50.0,50.0,0.4
20,4,0.09392853211332342,50.0,50.0,0.4
20,5,0.7533105552619648,5.0,0.0,0.2
20,6,0.0,15.0,0.0,0.0
20,7,0.06887201550904988,50.0,50.0,0.4
20,8,0.06643647427900862,50.0,50.0,0.4
20,9,0.051734331911398625,50.0,50.0,0.4
20,10,0.06377347918757686,50.0,50.0,0.4
20,11,0.0,15.0,0.0,0.0
20,12,0.0,15.0,0.0,0.0
20,13,0.0,10.0,0.0,0.0
20,14,0.0968487763145249,50.0,50.0,0.4
20,15,0.0,10.0,0.0,0.0
20,16,0.09753197124422587,50.0,50.0,0.4
20,17,0.08956860887176746,60.0,10.0,0.3
20,18,0.07195882034832049,60.0,10.0,0.3
20,19,0.7606147229774,5.0,0.0,0.2
20,20,0.7832494953844922,5.0,0.0,0.2
20,21,0.09983622648060533,60.0,10.0,0.3
20,22,0.09144399385988891,60.0,10.0,0.3
20,23,0.7545746743617124,5.0,0.0,0.2
20,24,0.752418678296848,5.0,0.0,0.2
20,25,0.0,10.0,0.0,0.0
20,26,0.684351829611079,5.0,0.0,1.0
20,27,0.6846724179330466,5.0,0.0,1.0
20,28,0.6720888958827131,5.0,0.0,1.0
20,29,0.6842621344941713,5.0,0.0,1.0
20,30,0.6968942093927187,5.0,0.0,1.0
20,31,0.6945184802511164,5.0,0.0,1.0
20,32,0.6694560698924705,5.0,0.0,1.0
20,33,0.6528524121842794,5.0,0.0,1.0
20,34,0.6590529071747161,5.0,0.0,1.0
20,35,0.6732447791530486,5.0,0.0,1.0
20,36,0.6876297597699845,5.0,0.0,1.0
20,37,0.6711813998415264,5.0,0.0,1.0
20,38,0.7651000784034193,5.0,0.0,0.2
20,39,0.7834952715207123,5.0,0.0,0.2
20,40,0.7819359047896173,5.0,0.0,0.2
20,41,0.758306631967576,5.0,0.0,0.2
20,42,0.7692104231286025,5.0,0.0,0.2
20,43,0.7639674044799597,5.0,0.0,0.2
20,44,0.7709186311846575,5.0,0.0,0.2
20,45,0.797536239250654,5.0,0.0,0.2
20,46,0.7605320952033899,5.0,0.0,0.2
20,47,0.7613098965275212,5.0,0.0,0.2
20,48,0.7678851430241026,5.0,0.0,0.2
20,49,0.7764058111333139,5.0,0.0,0.2
21,0,0.6753843616171222,5.0,0.0,1.0
21,1,0.6897895043953437,5.0,0.0,1.0
21,2,0.09278501693950954,50.0,50.0,0.4
21,3,0.05677127987068717,50.0,50.0,0.4
21,4,0.09107785732734502,50.0,50.0,0.4
21,5,0.0,15.0,0.0,0.0
21,6,0.050060683586537695,50.0,50.0,0.4
21,7,0.06331117692194037,50.0,50.0,0.4
21,8,0.09386746388034203,50.0,50.0,0.4
21,9,0.05417079549287038,50.0,50.0,0.4
21,10,0.0,15.0,0.0,0.0
21,11,0.09630983669273942,50.0,50.0,0.4
21,12,0.09229439443798096,50.0,50.0,0.4
21,13,0.0,10.0,0.0,0.0
21,14,0.0,10.0,0.0,0.0
21,15,0.061630618071464166,50.0,50.0,0.4
21,16,0.05837895221402444,60.0,10.0,0.3
21,17,0.05902734411426924,60.0,10.0,0.3
21,18,0.7579274996818457,5.0,0.0,0.2
21,19,0.7694236099756133,5.0,0.0,0.2
21,20,0.08030507812560775,60.0,10.0,0.3
21,21,0.06977558880272017,60.0,10.0,0.3
21,22,0.07357661165715132,60.0,10.0,0.3
21,23,0.0,10.0,0.0,0.0
21,24,0.0,10.0,0.0,0.0
21,25,0.6963301500026302,5.0,0.0,1.0
21,26,0.6764007088894968,5.0,0.0,1.0
21,27,0.6638740646732348,5.0,0.0,1.0
21,28,0.6902301552930324,5.0,0.0,1.0
21,29,0.6753371664884237,5.0,0.0,1.0
21,30,0.6836203922117386,5.0,0.0,1.0
21,31,0.6506118544256018,5.0,0.0,1.0
21,32,0.6942168735709072,5.0,0.0,1.0
21,33,0.6875786739940168,5.0,0.0,1.0
21,34,0.6664435210914156,5.0,0.0,1.0
21,35,0.6591472450176121,5.0,0.0,1.0
21,36,0.6851865309411748,5.0,0.0,1.0
21,37,0.6718670831827239,5.0,0.0,1.0
21,38,0.7713649181678687,5.0,0.0,0.2
21,39,0.7836253635766423,5.0,0.0,0.2
21,40,0.7500010168442418,5.0,0.0,0.2
21,41,0.7801155794629295,5.0,0.0,0.2
21,42,0.7515863944591361,5.0,0.0,0.2
21,43,0.7843885135571275,5.0,0.0,0.2
21,44,0.7643373165320881,5.0,0.0,0.2
21,45,0.7735524799619511,5.0,0.0,0.2
21,46,0.7855360231303757,5.0,0.0,0.2
21,47,0.760458509411303,5.0,0.0,0.2
21,48,0.7602301075019063,5.0,0.0,0.2
21,49,0.7745234826942845,5.0,0.0,0.2
22,0,0.6919271735744095,5.0,0.0,1.0
22,1,0.6631451606361878,5.0,0.0,1.0
22,2,0.07663802313776924,50.0,50.0,0.4
22,3,0.08443584668530653,50.0,50.0,0.4
22,4,0.050190635350631216,50.0,50.0,0.4
22,5,0.0,15.0,0.0,0.0
22,6,0.051960205521127185,50.0,50.0,0.4
22,7,0.07444879969385987,50.0,50.0,0.4
22,8,0.0,15.0,0.0,0.0
22,9,0.0,15.0,0.0,0.0
22,10,0.0,10.0,0.0,0.0
22,11,0.0529938961014829,50.0,50.0,0.4
22,12,0.0,10.0,0.0,0.0
22,13,0.07155533251124827,50.0,50.0,0.4
22,14,0.0,10.0,0.0,0.0
22,15,0.07851947124805017,50.0,50.0,0.4
22,16,0.06663375787879794,50.0,50.0,0.4
22,17,0.06946164867749624,50.0,50.0,0.4
22,18,0.059905521744173934,50.0,50.0,0.4
22,19,0.06653249948601507,60.0,10.0,0.3
22,20,0.06583581908029894,60.0,10.0,0.3
22,21,0.051000828255165255,60.0,10.0,0.3
22,22,0.08310785010519296,60.0,10.0,0.3
22,23,0.6756129301554157,5.0,0.0,1.0
22,24,0.6655513992914373,5.0,0.0,1.0
22,25,0.653597728600923,5.0,0.0,1.0
22,26,0.6574707238376883,5.0,0.0,1.0
22,27,0.6775708877835813,5.0,0.0,1.0
22,28,0.6731603797116685,5.0,0.0,1.0
22,29,0.6763928404278776,5.0,0.0,1.0
22,30,0.6835894591549256,5.0,0.0,1.0
22,31,0.6606591536649125,5.0,0.0,1.0
22,32,0.691707964734312,5.0,0.0,1.0
22,33,0.7529831689642658,5.0,0.0,0.2
22,34,0.7594186928104137,5.0,0.0,0.2
22,35,0.7624570207519118,5.0,0.0,0.2
22,36,0.7669069306810987,5.0,0.0,0.2
22,37,0.7733805794769704,5.0,0.0,0.2
22,38,0.7619572832090488,5.0,0.0,0.2
22,39,0.7999669425120771,5.0,0.0,0.2
22,40,0.7736479585574032,5.0,0.0,0.2
22,41,0.7782437660609128,5.0,0.0,0.2
22,42,0.7786153178904012,5.0,0.0,0.2
22,43,0.7802106820128678,5.0,0.0,0.2
22,44,0.7646402939579365,5.0,0.0,0.2
22,45,0.78175601482851,5.0,0.0,0.2
22,46,0.7559677836884268,5.0,0.0,0.2
22,47,0.7819686095270885,5.0,0.0,0.2
22,48,0.7857091243831089,5.0,0.0,0.2
22,49,0.7673449331617251,5.0,0.0,0.2
23,0,0.6539540924060201,5.0,0.0,1.0
23,1,0.6986104964260367,5.0,0.0,1.0
23,2,0.09214709798649784,50.0,50.0,0.4
23,3,0.053829382292850954,50.0,50.0,0.4
23,4,0.08947790125406907,50.0,50.0,0.4
23,5,0.0,15.0,0.0,0.0
23,6,0.07007524348724176,50.0,50.0,0.4
23,7,0.0,15.0,0.0,0.0
23,8,0.07679538841917528,50.0,50.0,0.4
23,9,0.062064820131933957,50.0,50.0,0.4
23,10,0.07982926603499725,50.0,50.0,0.4
23,11,0.0,10.0,0.0,0.0
23,12,0.054597669711547205,50.0,50.0,0.4
23,13,0.07453869140326429,50.0,50.0,0.4
23,14,0.0,10.0,0.0,0.0
23,15,0.09647861497425994,50.0,50.0,0.4
23,16,0.05673531298020719,50.0,50.0,0.4
23,17,0.05636154211775147,50.0,50.0,0.4
23,18,0.052574449612077516,50.0,50.0,0.4
23,19,0.0894471214113765,60.0,10.0,0.3
23,20,0.09900600847450736,60.0,10.0,0.3
23,21,0.06754732908541408,60.0,10.0,0.3
23,22,0.06804845822445617,60.0,10.0,0.3
23,23,0.6937953668442736,5.0,0.0,1.0
23,24,0.6864837595950456,5.0,0.0,1.0
23,25,0.6940585964453171,5.0,0.0,1.0
23,26,0.6765462016659608,5.0,0.0,1.0
23,27,0.6946557876461928,5.0,0.0,1.0
23,28,0.6833176665513981,5.0,0.0,1.0
23,29,0.6922336437253479,5.0,0.0,1.0
23,30,0.6743085844255071,5.0,0.0,1.0
23,31,0.6558713047279783,5.0,0.0,1.0
23,32,0.6865723085985735,5.0,0.0,1.0
23,33,0.7949035762598681,5.0,0.0,0.2
23,34,0.7994339852749459,5.0,0.0,0.2
23,35,0.7979236013131398,5.0,0.0,0.2
23,36,0.7907883560799118,5.0,0.0,0.2
23,37,0.7946802130916903,5.0,0.0,0.2
23,38,0.7851117982782355,5.0,0.0,0.2
23,39,0.7831422020481182,5.0,0.0,0.2
23,40,0.7923776082439771,5.0,0.0,0.2
23,41,0.7869185092037164,5.0,0.0,0.2
23,42,0.7771153156537335,5.0,0.0,0.2
23,43,0.7808979319245838,5.0,0.0,0.2
23,44,0.751770863056977,5.0,0.0,0.2
23,45,0.7913781038382008,5.0,0.0,0.2
23,46,0.7720085883776336,5.0,0.0,0.2
23,47,0.7894059042563726,5.0,0.0,0.2
23,48,0.7687171910785472,5.0,0.0,0.2
23,49,0.7835272297540895,5.0,0.0,0.2
24,0,0.6874562800569143,5.0,0.0,1.0
24,1,0.6685822945349095,5.0,0.0,1.0
24,2,0.6510411026633931,5.0,0.0,1.0
24,3,0.6610710854587603,5.0,0.0,1.0
24,4,0.6637789615179531,5.0,0.0,1.0
24,5,0.0,15.0,0.0,0.0
24,6,0.0,15.0,0.0,0.0
24,7,0.07208271281586234,50.0,50.0,0.4
24,8,0.08617293886166508,50.0,50.0,0.4
24,9,0.06894090928148537,50.0,50.0,0.4
24,10,0.06037439501150853,50.0,50.0,0.4
24,11,0.0,10.0,0.0,0.0
24,12,0.05570219185714801,50.0,50.0,0.4
24,13,0.08630856503797442,50.0,50.0,0.4
24,14,0.0,10.0,0.0,0.0
24,15,0.054425432906946035,50.0,50.0,0.4
24,16,0.050601730084359545,50.0,50.0,0.4
24,17,0.08753699142666187,50.0,50.0,0.4
24,18,0.08112764923232994,50.0,50.0,0.4
24,19,0.07381544135485102,60.0,10.0,0.3
24,20,0.052553556760915304,60.0,10.0,0.3
24,21,0.6852052940602016,5.0,0.0,1.0
24,22,0.6786227731361201,5.0,0.0,1.0
24,23,0.6619032809035177,5.0,0.0,1.0
24,24,0.6663580874312788,5.0,0.0,1.0
24,25,0.6865366890746221,5.0,0.0,1.0
24,26,0.6867073180231434,5.0,0.0,1.0
24,27,0.6732064237907371,5.0,0.0,1.0
24,28,0.6689305315572396,5.0,0.0,1.0
24,29,0.6597442833417018,5.0,0.0,1.0
24,30,0.6597739064870063,5.0,0.0,1.0
24,31,0.6738724662430354,5.0,0.0,1.0
24,32,0.7736640117863309,5.0,0.0,0.2
24,33,0.7595195063431035,5.0,0.0,0.2
24,34,0.7826726231912424,5.0,0.0,0.2
24,35,0.7834634543420117,5.0,0.0,0.2
24,36,0.7860686498150009,5.0,0.0,0.2
24,37,0.7767625339737992,5.0,0.0,0.2
24,38,0.7982341166010467,5.0,0.0,0.2
24,39,0.7736575334096908,5.0,0.0,0.2
24,40,0.7871688687850933,5.0,0.0,0.2
24,41,0.7629338913410063,5.0,0.0,0.2
24,42,0.7695378535401391,5.0,0.0,0.2
24,43,0.7920391435530059,5.0,0.0,0.2
24,44,0.7953913137305901,5.0,0.0,0.2
24,45,0.7548462237377762,5.0,0.0,0.2
24,46,0.7933119627291377,5.0,0.0,0.2
24,47,0.769074032071399,5.0,0.0,0.2
24,48,0.7750422618930307,5.0,0.0,0.2
24,49,0.7828144593775836,5.0,0.0,0.2
25,0,0.698166278127159,5.0,0.0,1.0
25,1,0.6730554197485676,5.0,0.0,1.0
25,2,0.6613311213203925,5.0,0.0,1.0
25,3,0.6534918890154867,5.0,0.0,1.0
25,4,0.0,15.0,0.0,0.0
25,5,0.0,15.0,0.0,0.0
25,6,0.054656823724576475,50.0,50.0,0.4
25,7,0.0800747693586322,50.0,50.0,0.4
25,8,0.0835581547836815,50.0,50.0,0.4
25,9,0.07421765064681918,50.0,50.0,0.4
25,10,0.0,10.0,0.0,0.0
25,11,0.0852357492804882,50.0,50.0,0.4
25,12,0.0,10.0,0.0,0.0
25,13,0.06131176904603881,50.0,50.0,0.4
25,14,0.08934702477817523,50.0,50.0,0.4
25,15,0.0,10.0,0.0,0.0
25,16,0.09466153589833315,50.0,50.0,0.4
25,17,0.08354491483351403,50.0,50.0,0.4
25,18,0.08621739036930519,50.0,50.0,0.4
25,19,0.0765012236145813,60.0,10.0,0.3
25,20,0.08648992307137195,60.0,10.0,0.3
25,21,0.688959564176245,5.0,0.0,1.0
25,22,0.6515384637014078,5.0,0.0,1.0
25,23,0.6773950309018637,5.0,0.0,1.0
25,24,0.6599378615178291,5.0,0.0,1.0
25,25,0.6571763718572883,5.0,0.0,1.0
25,26,0.6739899370332918,5.0,0.0,1.0
25,27,0.6731070618144396,5.0,0.0,1.0
25,28,0.6878579553969343,5.0,0.0,1.0
25,29,0.6612573073554343,5.0,0.0,1.0
25,30,0.6514453299148693,5.0,0.0,1.0
25,31,0.6620016890895837,5.0,0.0,1.0
25,32,0.7609898625705529,5.0,0.0,0.2
25,33,0.7682203773948955,5.0,0.0,0.2
25,34,0.7844534017703404,5.0,0.0,0.2
25,35,0.7774297339296097,5.0,0.0,0.2
25,36,0.7681830755173682,5.0,0.0,0.2
25,37,0.7935756605676868,5.0,0.0,0.2
25,38,0.7947007793195123,5.0,0.0,0.2
25,39,0.7988608254357545,5.0,0.0,0.2
25,40,0.762355403777552,5.0,0.0,0.2
25,41,0.760759126849556,5.0,0.0,0.2
25,42,0.776693503992701,5.0,0.0,0.2
25,43,0.7565699454085542,5.0,0.0,0.2
25,44,0.7564509212984786,5.0,0.0,0.2
25,45,0.7971533728768284,5.0,0.0,0.2
25,46,0.7756837432131541,5.0,0.0,0.2
25,47,0.7551456333918726,5.0,0.0,0.2
25,48,0.7640782041164154,5.0,0.0,0.2
25,49,0.7544544307496018,5.0,0.0,0.2
26,0,0.6519681805637976,5.0,0.0,1.0
26,1,0.6899961777101545,5.0,0.0,1.0
26,2,0.6752004007776622,5.0,0.0,1.0
26,3,0.0,15.0,0.0,0.0
26,4,0.7785022407926958,5.0,0.0,0.2
26,5,0.7727997219486807,5.0,0.0,0.2
26,6,0.0,15.0,0.0,0.0
26,7,0.0757825409268115,50.0,50.0,0.4
26,8,0.059444057506727,50.0,50.0,0.4
26,9,0.07892703554994712,50.0,50.0,0.4
26,10,0.0,10.0,0.0,0.0
26,11,0.07265794301917311,50.0,50.0,0.4
26,12,0.07525143603241503,50.0,50.0,0.4
26,13,0.0,10.0,0.0,0.0
26,14,0.07003287535615188,50.0,50.0,0.4
26,15,0.07065983602727247,50.0,50.0,0.4
26,16,0.0,10.0,0.0,0.0
26,17,0.09859947972385355,50.0,50.0,0.4
26,18,0.053471730902760965,50.0,50.0,0.4
26,19,0.0927240628664486,60.0,10.0,0.3
26,20,0.08509945458531787,60.0,10.0,0.3
26,21,0.6985738561378602,5.0,0.0,1.0
26,22,0.6757334839811275,5.0,0.0,1.0
26,23,0.6823413552793646,5.0,0.0,1.0
26,24,0.693255027033645,5.0,0.0,1.0
26,25,0.6786762826110335,5.0,0.0,1.0
26,26,0.697903953242852,5.0,0.0,1.0
26,27,0.6698082746585322,5.0,0.0,1.0
26,28,0.6660849740558519,5.0,0.0,1.0
26,29,0.6767363628549563,5.0,0.0,1.0
26,30,0.6526390153368336,5.0,0.0,1.0
26,31,0.790273658853023,5.0,0.0,0.2
26,32,0.7754939837610764,5.0,0.0,0.2
26,33,0.7882278496060247,5.0,0.0,0.2
26,34,0.7636878857108751,5.0,0.0,0.2
26,35,0.7928524833433899,5.0,0.0,0.2
26,36,0.7663383689444551,5.0,0.0,0.2
26,37,0.7782225554384781,5.0,0.0,0.2
26,38,0.7674644436881571,5.0,0.0,0.2
26,39,0.7752263360547118,5.0,0.0,0.2
26,40,0.7880002703173046,5.0,0.0,0.2
26,41,0.770587115533547,5.0,0.0,0.2
26,42,0.7623793583085138,5.0,0.0,0.2
26,43,0.7951870749633623,5.0,0.0,0.2
26,44,0.7822516784446379,5.0,0.0,0.2
26,45,0.7547948878158863,5.0,0.0,0.2
26,46,0.789905288693306,5.0,0.0,0.2
26,47,0.7591944944869232,5.0,0.0,0.2
26,48,0.7618889731538532,5.0,0.0,0.2
26,49,0.7902823894096404,5.0,0.0,0.2
27,0,0.6659899535020121,5.0,0.0,1.0
27,1,0.6949756512059986,5.0,0.0,1.0
27,2,0.0,15.0,0.0,0.0
27,3,0.7837072911112468,5.0,0.0,0.2
27,4,0.7543471383623471,5.0,0.0,0.2
27,5,0.7903548731442995,5.0,0.0,0.2
27,6,0.7716430714370234,5.0,0.0,0.2
27,7,0.0,15.0,0.0,0.0
27,8,0.05686095357727607,50.0,50.0,0.4
27,9,0.07045421372067587,50.0,50.0,0.4
27,10,0.0,10.0,0.0,0.0
27,11,0.08546990362653756,50.0,50.0,0.4
27,12,0.09253308692517413,50.0,50.0,0.4
27,13,0.07051716143228495,50.0,50.0,0.4
27,14,0.0,10.0,0.0,0.0
27,15,0.07369689855164901,50.0,50.0,0.4
27,16,0.0679903412077385,50.0,50.0,0.4
27,17,0.0,10.0,0.0,0.0
27,18,0.07764877283713657,50.0,50.0,0.4
27,19,0.05677909201043747,50.0,50.0,0.4
27,20,0.08316904957569948,50.0,50.0,0.4
27,21,0.6553189819998392,5.0,0.0,1.0
27,22,0.6631180251015032,5.0,0.0,1.0
27,23,0.6601534076800712,5.0,0.0,1.0
27,24,0.6531826726280124,5.0,0.0,1.0
27,25,0.655459366639242,5.0,0.0,1.0
27,26,0.6853223676037696,5.0,0.0,1.0
27,27,0.7727367641987228,5.0,0.0,0.2
27,28,0.7521232608517736,5.0,0.0,0.2
27,29,0.7982266609086037,5.0,0.0,0.2
27,30,0.7565338291825584,5.0,0.0,0.2
27,31,0.7772253030891503,5.0,0.0,0.2
27,32,0.759543212786304,5.0,0.0,0.2
27,33,0.7744781886019517,5.0,0.0,0.2
27,34,0.7541703608456739,5.0,0.0,0.2
27,35,0.7938201367706029,5.0,0.0,0.2
27,36,0.7525993068179783,5.0,0.0,0.2
27,37,0.7516254064349364,5.0,0.0,0.2
27,38,0.7710236544483932,5.0,0.0,0.2
27,39,0.7796211904617831,5.0,0.0,0.2
27,40,0.7761534449203994,5.0,0.0,0.2
27,41,0.7748674471245925,5.0,0.0,0.2
27,42,0.7745645866629247,5.0,0.0,0.2
27,43,0.7565258299121544,5.0,0.0,0.2
27,44,0.7682477340343261,5.0,0.0,0.2
27,45,0.79924347157069,5.0,0.0,0.2
27,46,0.7784286511218567,5.0,0.0,0.2
27,47,0.7963493895279231,5.0,0.0,0.2
27,48,0.7599232798337184,5.0,0.0,0.2
27,49,0.7635086414796064,5.0,0.0,0.2
28,0,0.6623457768387234,5.0,0.0,1.0
28,1,0.0,15.0,0.0,0.0
28,2,0.753587807503676,5.0,0.0,0.2
28,3,0.7709253829740959,5.0,0.0,0.2
28,4,0.7717877206720649,5.0,0.0,0.2
28,5,0.7676916231162192,5.0,0.0,0.2
28,6,0.7543540300014147,5.0,0.0,0.2
28,7,0.0,15.0,0.0,0.0
28,8,0.0630436755749126,50.0,50.0,0.4
28,9,0.07818490179989954,50.0,50.0,0.4
28,10,0.0,10.0,0.0,0.0
28,11,0.09885629360663949,50.0,50.0,0.4
28,12,0.08397721105493283,50.0,50.0,0.4
28,13,0.0740959999434758,50.0,50.0,0.4
28,14,0.0,10.0,0.0,0.0
28,15,0.0,10.0,0.0,0.0
28,16,0.0977402270839452,50.0,50.0,0.4
28,17,0.07653847593128557,50.0,50.0,0.4
28,18,0.0,10.0,0.0,0.0
28,19,0.09531995545616431,50.0,50.0,0.4
28,20,0.07240712880450716,50.0,50.0,0.4
28,21,0.6738714282963817,5.0,0.0,1.0
28,22,0.6631269575232379,5.0,0.0,1.0
28,23,0.6995679989272107,5.0,0.0,1.0
28,24,0.6906667966385307,5.0,0.0,1.0
28,25,0.6718334855839201,5.0,0.0,1.0
28,26,0.6863911200130353,5.0,0.0,1.0
28,27,0.7847387734684195,5.0,0.0,0.2
28,28,0.7680717370742896,5.0,0.0,0.2
28,29,0.7799406184338862,5.0,0.0,0.2
28,30,0.7649356266243051,5.0,0.0,0.2
28,31,0.7859442170094758,5.0,0.0,0.2
28,32,0.7853373860841139,5.0,0.0,0.2
28,33,0.7935773120843352,5.0,0.0,0.2
28,34,0.7872443688263122,5.0,0.0,0.2
28,35,0.7716138852417723,5.0,0.0,0.2
28,36,0.7616701477578381,5.0,0.0,0.2
28,37,0.7937037052911753,5.0,0.0,0.2
28,38,0.7658234386159029,5.0,0.0,0.2
28,39,0.7904729237989628,5.0,0.0,0.2
28,40,0.7663883414009152,5.0,0.0,0.2
28,41,0.7955503115681509,5.0,0.0,0.2
28,42,0.7787767974730913,5.0,0.0,0.2
28,43,0.7723659814160475,5.0,0.0,0.2
28,44,0.7778045424273425,5.0,0.0,0.2
28,45,0.7674080541825329,5.0,0.0,0.2
28,46,0.7952824012805102,5.0,0.0,0.2
28,47,0.7656535810930568,5.0,0.0,0.2
28,48,0.7689482814770313,5.0,0.0,0.2
28,49,0.7571602398135652,5.0,0.0,0.2
29,0,0.0,15.0,0.0,0.0
29,1,0.7677423428244634,5.0,0.0,0.2
29,2,0.7879736209655381,5.0,0.0,0.2
29,3,0.7767671709790535,5.0,0.0,0.2
29,4,0.7887112493427294,5.0,0.0,0.2
29,5,0.7808713043312381,5.0,0.0,0.2
29,6,0.7551752285909975,5.0,0.0,0.2
29,7,0.0,15.0,0.0,0.0
29,8,0.061479342761953215,50.0,50.0,0.4
29,9,0.08425420772771852,50.0,50.0,0.4
29,10,0.0755192527781268,50.0,50.0,0.4
29,11,0.06279148478089541,50.0,50.0,0.4
29,12,0.08012939216598892,50.0,50.0,0.4
29,13,0.0,10.0,0.0,0.0
29,14,0.06636796525721944,50.0,50.0,0.4
29,15,0.09458006566988501,50.0,50.0,0.4
29,16,0.0,10.0,0.0,0.0
29,17,0.08360720550228157,50.0,50.0,0.4
29,18,0.0616311159580183,50.0,50.0,0.4
29,19,0.0,10.0,0.0,0.0
29,20,0.07637559727237034,50.0,50.0,0.4
29,21,0.6825661091367162,5.0,0.0,1.0
29,22,0.6876004777528629,5.0,0.0,1.0
29,23,0.6688220831580886,5.0,0.0,1.0
29,24,0.6867388054348903,5.0,0.0,1.0
29,25,0.6715009773253289,5.0,0.0,1.0
29,26,0.6552207256553657,5.0,0.0,1.0
29,27,0.7569163582253782,5.0,0.0,0.2
29,28,0.7544286564115672,5.0,0.0,0.2
29,29,0.788605224723738,5.0,0.0,0.2
29,30,0.7833992270561738,5.0,0.0,0.2
29,31,0.7623264022321076,5.0,0.0,0.2
29,32,0.7709425164759355,5.0,0.0,0.2
29,33,0.7783127503418364,5.0,0.0,0.2
29,34,0.7576456628514601,5.0,0.0,0.2
29,35,0.7970694975058971,5.0,0.0,0.2
29,36,0.772593771835892,5.0,0.0,0.2
29,37,0.7665049960746438,5.0,0.0,0.2
29,38,0.7680344103354007,5.0,0.0,0.2
29,39,0.7872779324779314,5.0,0.0,0.2
29,40,0.7759076148423648,5.0,0.0,0.2
29,41,0.7718677438222497,5.0,0.0,0.2
29,42,0.7930325501709179,5.0,0.0,0.2
29,43,0.7968536226430437,5.0,0.0,0.2
29,44,0.7520023967176301,5.0,0.0,0.2
29,45,0.7646263257975191,5.0,0.0,0.2
29,46,0.7895884849713913,5.0,0.0,0.2
29,47,0.7912785538217131,5.0,0.0,0.2
29,48,0.789686785783081,5.0,0.0,0.2
29,49,0.7643271410090443,5.0,0.0,0.2
30,0,0.7644709742169302,5.0,0.0,0.2
30,1,0.7809385494080354,5.0,0.0,0.2
30,2,0.7723997587620588,5.0,0.0,0.2
30,3,0.7776253827019989,5.0,0.0,0.2
30,4,0.7609980178180581,5.0,0.0,0.2
30,5,0.7837593269120511,5.0,0.0,0.2
30,6,0.7711439835871,5.0,0.0,0.2
30,7,0.0,15.0,0.0,0.0
30,8,0.09811370571240359,50.0,50.0,0.4
30,9,0.05711562656515312,50.0,50.0,0.4
30,10,0.06751127022572585,50.0,50.0,0.4
30,11,0.08878753259674164,50.0,50.0,0.4
30,12,0.0,10.0,0.0,0.0
30,13,0.0816796538640899,50.0,50.0,0.4
30,14,0.0858774300567812,50.0,50.0,0.4
30,15,0.07284186495402262,50.0,50.0,0.4
30,16,0.0,10.0,0.0,0.0
30,17,0.0,10.0,0.0,0.0
30,18,0.0899486227144203,50.0,50.0,0.4
30,19,0.09051589081382994,50.0,50.0,0.4
30,20,0.0,10.0,0.0,0.0
30,21,0.6562049974359707,5.0,0.0,1.0
30,22,0.6667906832561641,5.0,0.0,1.0
30,23,0.694330742283757,5.0,0.0,1.0
30,24,0.6829502046100283,5.0,0.0,1.0
30,25,0.6959167176760536,5.0,0.0,1.0
30,26,0.6595581762598657,5.0,0.0,1.0
30,27,0.7667731370196695,5.0,0.0,0.2
30,28,0.7756342840657181,5.0,0.0,0.2
30,29,0.7646206986120889,5.0,0.0,0.2
30,30,0.7987375948872044,5.0,0.0,0.2
30,31,0.7642493024355652,5.0,0.0,0.2
30,32,0.7766936820879543,5.0,0.0,0.2
30,33,0.7779991772611851,5.0,0.0,0.2
30,34,0.7941357642287972,5.0,0.0,0.2
30,35,0.7874200374217767,5.0,0.0,0.2
30,36,0.7708968122945719,5.0,0.0,0.2
30,37,0.7992688727893285,5.0,0.0,0.2
30,38,0.7518729735573473,5.0,0.0,0.2
30,39,0.7519598374150441,5.0,0.0,0.2
30,40,0.7962492140369304,5.0,0.0,0.2
30,41,0.7564848782870187,5.0,0.0,0.2
30,42,0.7862133196714371,5.0,0.0,0.2
30,43,0.7694558595072477,5.0,0.0,0.2
30,44,0.7950230244583835,5.0,0.0,0.2
30,45,0.7732723239442792,5.0,0.0,0.2
30,46,0.7789325106662497,5.0,0.0,0.2
30,47,0.7539696426710567,5.0,0.0,0.2
30,48,0.7918999728153812,5.0,0.0,0.2
30,49,0.7667493994816852,5.0,0.0,0.2
31,0,0.7680989775743939,5.0,0.0,0.2
31,1,0.7816760926135249,5.0,0.0,0.2
31,2,0.7585074765600398,5.0,0.0,0.2
31,3,0.78335549982509,5.0,0.0,0.2
31,4,0.7774701631598319,5.0,0.0,0.2
31,5,0.793904767952812,5.0,0.0,0.2
31,6,0.7521263249571946,5.0,0.0,0.2
31,7,0.0,15.0,0.0,0.0
31,8,0.07965925284152567,50.0,50.0,0.4
31,9,0.08430846030303144,50.0,50.0,0.4
31,10,0.09126611211739635,50.0,50.0,0.4
31,11,0.08047141748264935,50.0,50.0,0.4
31,12,0.09818822120127661,50.0,50.0,0.4
31,13,0.0,10.0,0.0,0.0
31,14,0.07541747863809331,50.0,50.0,0.4
31,15,0.0,10.0,0.0,0.0
31,16,0.09917251284541156,50.0,50.0,0.4
31,17,0.09092326462401996,50.0,50.0,0.4
31,18,0.0,10.0,0.0,0.0
31,19,0.06892726630583293,50.0,50.0,0.4
31,20,0.08164223333405037,50.0,50.0,0.4
31,21,0.0,10.0,0.0,0.0
31,22,0.6867476405017866,5.0,0.0,1.0
31,23,0.6841939155113923,5.0,0.0,1.0
31,24,0.6833185023811958,5.0,0.0,1.0
31,25,0.6637549693928286,5.0,0.0,1.0
31,26,0.6898148617708569,5.0,0.0,1.0
31,27,0.7975142493412044,5.0,0.0,0.2
31,28,0.7965430810060247,5.0,0.0,0.2
31,29,0.7684224505042113,5.0,0.0,0.2
31,30,0.7917673274769699,5.0,0.0,0.2
31,31,0.7507303385453437,5.0,0.0,0.2
31,32,0.7817254982024454,5.0,0.0,0.2
31,33,0.7624730308582549,5.0,0.0,0.2
31,34,0.7597960292314674,5.0,0.0,0.2
31,35,0.7598137593280582,5.0,0.0,0.2
31,36,0.7810669457370734,5.0,0.0,0.2
31,37,0.7933914933186187,5.0,0.0,0.2
31,38,0.7733043400952011,5.0,0.0,0.2
31,39,0.7750159057607988,5.0,0.0,0.2
31,40,0.7555617953568452,5.0,0.0,0.2
31,41,0.7646526722159668,5.0,0.0,0.2
31,42,0.7973085449168187,5.0,0.0,0.2
31,43,0.7726063472856926,5.0,0.0,0.2
31,44,0.7593018480745395,5.0,0.0,0.2
31,45,0.7756296836802063,5.0,0.0,0.2
31,46,0.7897465749369509,5.0,0.0,0.2
31,47,0.7531809770102763,5.0,0.0,0.2
31,48,0.7851377535752101,5.0,0.0,0.2
31,49,0.7874404897555869,5.0,0.0,0.2
32,0,0.7992958523891422,5.0,0.0,0.2
32,1,0.7590322277602798,5.0,0.0,0.2
32,2,0.7849246132714234,5.0,0.0,0.2
32,3,0.7836105689079464,5.0,0.0,0.2
32,4,0.7520623959312756,5.0,0.0,0.2
32,5,0.7620688012643313,5.0,0.0,0.2
32,6,0.7774202644233177,5.0,0.0,0.2
32,7,0.0,15.0,0.0,0.0
32,8,0.07502295808087606,50.0,50.0,0.4
32,9,0.05873481270961156,50.0,50.0,0.4
32,10,0.07676888011200342,50.0,50.0,0.4
32,11,0.08322184029633733,50.0,50.0,0.4
32,12,0.09114532704567732,50.0,50.0,0.4
32,13,0.09007622530312892,50.0,50.0,0.4
32,14,0.0,10.0,0.0,0.0
32,15,0.05818204701014638,50.0,50.0,0.4
32,16,0.06638536695369895,50.0,50.0,0.4
32,17,0.07885846171654444,50.0,50.0,0.4
32,18,0.09898285743682389,50.0,50.0,0.4
32,19,0.0,10.0,0.0,0.0
32,20,0.0,10.0,0.0,0.0
32,21,0.08034701707609232,50.0,50.0,0.4
32,22,0.0,10.0,0.0,0.0
32,23,0.6623997162786371,5.0,0.0,1.0
32,24,0.6504774212433692,5.0,0.0,1.0
32,25,0.6746496858749624,5.0,0.0,1.0
32,26,0.6954974644399936,5.0,0.0,1.0
32,27,0.7848518152697048,5.0,0.0,0.2
32,28,0.7838873950475912,5.0,0.0,0.2
32,29,0.7730678147094764,5.0,0.0,0.2
32,30,0.7654947719397079,5.0,0.0,0.2
32,31,0.751459644722832,5.0,0.0,0.2
32,32,0.7912235953289034,5.0,0.0,0.2
32,33,0.7991179885446077,5.0,0.0,0.2
32,34,0.7998994351425286,5.0,0.0,0.2
32,35,0.7951224428951779,5.0,0.0,0.2
32,36,0.7511085955875777,5.0,0.0,0.2
32,37,0.7775655178236928,5.0,0.0,0.2
32,38,0.7581213821366214,5.0,0.0,0.2
32,39,0.7738861781835088,5.0,0.0,0.2
32,40,0.7845204090726251,5.0,0.0,0.2
32,41,0.7627782664227469,5.0,0.0,0.2
32,42,0.7976574843816128,5.0,0.0,0.2
32,43,0.7918604095147553,5.0,0.0,0.2
32,44,0.7769530965242387,5.0,0.0,0.2
32,45,0.7821866022842745,5.0,0.0,0.2
32,46,0.7624627795705508,5.0,0.0,0.2
32,47,0.7606655660304101,5.0,0.0,0.2
32,48,0.7551684704904605,5.0,0.0,0.2
32,49,0.7632587742403089,5.0,0.0,0.2
33,0,0.770832681672052,5.0,0.0,0.2
33,1,0.7880933078087973,5.0,0.0,0.2
33,2,0.7820819709649838,5.0,0.0,0.2
33,3,0.7764171868444731,5.0,0.0,0.2
33,4,0.7806573120232138,5.0,0.0,0.2
33,5,0.7647003495577087,5.0,0.0,0.2
33,6,0.7508512606392385,5.0,0.0,0.2
33,7,0.0,15.0,0.0,0.0
33,8,0.05374704318402796,50.0,50.0,0.4
33,9,0.08573054547055955,50.0,50.0,0.4
33,10,0.06918828377000348,50.0,50.0,0.4
33,11,0.06456381781069916,50.0,50.0,0.4
33,12,0.09682558179595484,50.0,50.0,0.4
33,13,0.07831273792759241,50.0,50.0,0.4
33,14,0.06600441359305557,50.0,50.0,0.4
33,15,0.0,10.0,0.0,0.0
33,16,0.09028585573028364,50.0,50.0,0.4
33,17,0.09659073877143087,50.0,50.0,0.4
33,18,0.07258800114363559,50.0,50.0,0.4
33,19,0.0,10.0,0.0,0.0
33,20,0.0,10.0,0.0,0.0
33,21,0.05383408979523375,50.0,50.0,0.4
33,22,0.07105048452354473,50.0,50.0,0.4
33,23,0.0,10.0,0.0,0.0
33,24,0.6562586865766806,5.0,0.0,1.0
33,25,0.6890074222663042,5.0,0.0,1.0
33,26,0.656560763724308,5.0,0.0,1.0
33,27,0.7557434228888104,5.0,0.0,0.2
33,28,0.7755302631108645,5.0,0.0,0.2
33,29,0.7572684304010785,5.0,0.0,0.2
33,30,0.7556921553358945,5.0,0.0,0.2
33,31,0.7628616032510789,5.0,0.0,0.2
33,32,0.790922919647845,5.0,0.0,0.2
33,33,0.7695693227692649,5.0,0.0,0.2
33,34,0.79925179525838,5.0,0.0,0.2
33,35,0.7713242208097613,5.0,0.0,0.2
33,36,0.7731977851583669,5.0,0.0,0.2
33,37,0.7676509484698574,5.0,0.0,0.2
33,38,0.7917676229606516,5.0,0.0,0.2
33,39,0.7945851608154078,5.0,0.0,0.2
33,40,0.7533466254744309,5.0,0.0,0.2
33,41,0.7927489221624122,5.0,0.0,0.2
33,42,0.788885316955144,5.0,0.0,0.2
33,43,0.7669920067565361,5.0,0.0,0.2
33,44,0.7937870926757855,5.0,0.0,0.2
33,45,0.7860345359023856,5.0,0.0,0.2
33,46,0.7975430756926097,5.0,0.0,0.2
33,47,0.779217584538351,5.0,0.0,0.2
33,48,0.7998613045320573,5.0,0.0,0.2
33,49,0.7564866249940401,5.0,0.0,0.2
34,0,0.7937424657735397,5.0,0.0,0.2
34,1,0.7861357588846571,5.0,0.0,0.2
34,2,0.7641810162814898,5.0,0.0,0.2
34,3,0.7956268786588236,5.0,0.0,0.2
34,4,0.7804774010081745,5.0,0.0,0.2
34,5,0.7694679667045656,5.0,0.0,0.2
34,6,0.754468050810018,5.0,0.0,0.2
34,7,0.0,15.0,0.0,0.0
34,8,0.0843699806344669,50.0,50.0,0.4
34,9,0.08530403358140731,50.0,50.0,0.4
34,10,0.050035402780419534,50.0,50.0,0.4
34,11,0.09865890238169593,50.0,50.0,0.4
34,12,0.09075747833903008,50.0,50.0,0.4
34,13,0.08522522629668505,50.0,50.0,0.4
34,14,0.0741883242396162,50.0,50.0,0.4
34,15,0.08173152797940281,50.0,50.0,0.4
34,16,0.0,10.0,0.0,0.0
34,17,0.09859486549321199,50.0,50.0,0.4
34,18,0.0,10.0,0.0,0.0
34,19,0.063464202230932,50.0,50.0,0.4
34,20,0.08764230889720212,50.0,50.0,0.4
34,21,0.0,10.0,0.0,0.0
34,22,0.05234290926568689,50.0,50.0,0.4
34,23,0.07550956755010219,50.0,50.0,0.4
34,24,0.0,10.0,0.0,0.0
34,25,0.6672820414661588,5.0,0.0,1.0
34,26,0.6549575212758477,5.0,0.0,1.0
34,27,0.787228088598269,5.0,0.0,0.2
34,28,0.7791730210057265,5.0,0.0,0.2
34,29,0.7928295479515518,5.0,0.0,0.2
34,30,0.7788334164472229,5.0,0.0,0.2
34,31,0.7834812419679813,5.0,0.0,0.2
34,32,0.7766684600062964,5.0,0.0,0.2
34,33,0.7507046009626772,5.0,0.0,0.2
34,34,0.7530367513098846,5.0,0.0,0.2
34,35,0.7504268756762409,5.0,0.0,0.2
34,36,0.7757062641635217,5.0,0.0,0.2
34,37,0.7993683991673071,5.0,0.0,0.2
34,38,0.7738292716554792,5.0,0.0,0.2
34,39,0.7535324641662001,5.0,0.0,0.2
34,40,0.7614333458822853,5.0,0.0,0.2
34,41,0.783213220812958,5.0,0.0,0.2
34,42,0.7919293586254769,5.0,0.0,0.2
34,43,0.7806771930551772,5.0,0.0,0.2
34,44,0.791846584635174,5.0,0.0,0.2
34,45,0.7599034382212558,5.0,0.0,0.2
34,46,0.7752633688248506,5.0,0.0,0.2
34,47,0.7814456100953413,5.0,0.0,0.2
34,48,0.7541087571471318,5.0,0.0,0.2
34,49,0.7534345596101921,5.0,0.0,0.2
35,0,0.7849884403845692,5.0,0.0,0.2
35,1,0.7517865686796776,5.0,0.0,0.2
35,2,0.7974227288762022,5.0,0.0,0.2
35,3,0.7821397987240876,5.0,0.0,0.2
35,4,0.7921752800739685,5.0,0.0,0.2
35,5,0.7764819219031477,5.0,0.0,0.2
35,6,0.7878723034991074,5.0,0.0,0.2
35,7,0.0,15.0,0.0,0.0
35,8,0.05687725458885091,50.0,50.0,0.4
35,9,0.07288524605606515,50.0,50.0,0.4
35,10,0.08693138891012633,50.0,50.0,0.4
35,11,0.07452950359461942,50.0,50.0,0.4
35,12,0.7620043110965895,5.0,0.0,0.2
35,13,0.7851626222957944,5.0,0.0,0.2
35,14,0.08995440783067163,50.0,50.0,0.4
35,15,0.06198777349086974,50.0,50.0,0.4
35,16,0.06868345963970336,50.0,50.0,0.4
35,17,0.0,10.0,0.0,0.0
35,18,0.07839160488616082,50.0,50.0,0.4
35,19,0.08934406979563367,50.0,50.0,0.4
35,20,0.05795280830212138,50.0,50.0,0.4
35,21,0.052471783297056096,50.0,50.0,0.4
35,22,0.0,10.0,0.0,0.0
35,23,0.0,10.0,0.0,0.0
35,24,0.057599958978361086,50.0,50.0,0.4
35,25,0.6618593533617573,5.0,0.0,1.0
35,26,0.6930906862845785,5.0,0.0,1.0
35,27,0.7504158274391596,5.0,0.0,0.2
35,28,0.7707802744937259,5.0,0.0,0.2
35,29,0.7963544200779469,5.0,0.0,0.2
35,30,0.7936592361505344,5.0,0.0,0.2
35,31,0.7998045203746775,5.0,0.0,0.2
35,32,0.7735998897548316,5.0,0.0,0.2
35,33,0.7612583710767,5.0,0.0,0.2
35,34,0.7663857929413032,5.0,0.0,0.2
35,35,0.7811950683742053,5.0,0.0,0.2
35,36,0.7534044810288462,5.0,0.0,0.2
35,37,0.7573968457821866,5.0,0.0,0.2
35,38,0.7942894631072411,5.0,0.0,0.2
35,39,0.753927916594758,5.0,0.0,0.2
35,40,0.7664907377301092,5.0,0.0,0.2
35,41,0.787002184628832,5.0,0.0,0.2
35,42,0.7759661022105198,5.0,0.0,0.2
35,43,0.7935655219146369,5.0,0.0,0.2
35,44,0.7731134981375809,5.0,0.0,0.2
35,45,0.7751130913490374,5.0,0.0,0.2
35,46,0.7969284460843765,5.0,0.0,0.2
35,47,0.7756683233789665,5.0,0.0,0.2
35,48,0.7713331080037698,5.0,0.0,0.2
35,49,0.7978801476704332,5.0,0.0,0.2
36,0,0.7787746351391073,5.0,0.0,0.2
36,1,0.782510976775985,5.0,0.0,0.2
36,2,0.7582674656095066,5.0,0.0,0.2
36,3,0.7610293133771016,5.0,0.0,0.2
36,4,0.7823806460269315,5.0,0.0,0.2
36,5,0.7638363303142778,5.0,0.0,0.2
36,6,0.7826029653783232,5.0,0.0,0.2
36,7,0.7599118708031135,5.0,0.0,0.2
36,8,0.0,15.0,0.0,0.0
36,9,0.08000387777555841,50.0,50.0,0.4
36,10,0.0976284723929201,50.0,50.0,0.4
36,11,0.09506967658936241,50.0,50.0,0.4
36,12,0.07431974833208002,50.0,50.0,0.4
36,13,0.08053134927749617,50.0,50.0,0.4
36,14,0.7703353600572787,5.0,0.0,0.2
36,15,0.05734913285816557,50.0,50.0,0.4
36,16,0.057233787646097684,50.0,50.0,0.4
36,17,0.08873708191208587,50.0,50.0,0.4
36,18,0.0,10.0,0.0,0.0
36,19,0.07604657246302146,50.0,50.0,0.4
36,20,0.05109739822442763,50.0,50.0,0.4
36,21,0.08570285602655411,50.0,50.0,0.4
36,22,0.0,10.0,0.0,0.0
36,23,0.06418786221702102,50.0,50.0,0.4
36,24,0.08435189512617514,50.0,50.0,0.4
36,25,0.6880199229616565,5.0,0.0,1.0
36,26,0.6795398245657397,5.0,0.0,1.0
36,27,0.6620116965383577,5.0,0.0,1.0
36,28,0.6782943417324496,5.0,0.0,1.0
36,29,0.799504659407596,5.0,0.0,0.2
36,30,0.7772333434863569,5.0,0.0,0.2
36,31,0.7751040234374816,5.0,0.0,0.2
36,32,0.7619369514031434,5.0,0.0,0.2
36,33,0.7555647330209143,5.0,0.0,0.2
36,34,0.7633820259498889,5.0,0.0,0.2
36,35,0.7670201792079869,5.0,0.0,0.2
36,36,0.7970971561094538,5.0,0.0,0.2
36,37,0.766609017581219,5.0,0.0,0.2
36,38,0.7538074189072216,5.0,0.0,0.2
36,39,0.7852404730980707,5.0,0.0,0.2
36,40,0.7633176464339434,5.0,0.0,0.2
36,41,0.7525945583011,5.0,0.0,0.2
36,42,0.7993196287898672,5.0,0.0,0.2
36,43,0.7899984102801914,5.0,0.0,0.2
36,44,0.7755945534820268,5.0,0.0,0.2
36,45,0.797938069755507,5.0,0.0,0.2
36,46,0.7621203988550929,5.0,0.0,0.2
36,47,0.7747738502649454,5.0,0.0,0.2
36,48,0.7667771180036156,5.0,0.0,0.2
36,49,0.7530689067185361,5.0,0.0,0.2
37,0,0.7717822904021785,5.0,0.0,0.2
37,1,0.7863267859614023,5.0,0.0,0.2
37,2,0.7869928784906594,5.0,0.0,0.2
37,3,0.763419085701082,5.0,0.0,0.2
37,4,0.7651161721133206,5.0,0.0,0.2
37,5,0.7808767622423615,5.0,0.0,0.2
37,6,0.7596659119792925,5.0,0.0,0.2
37,7,0.7991407969047073,5.0,0.0,0.2
37,8,0.7989916448414822,5.0,0.0,0.2
37,9,0.0,15.0,0.0,0.0
37,10,0.08153470726164391,50.0,50.0,0.4
37,11,0.0510638444685681,50.0,50.0,0.4
37,12,0.06622287536841558,50.0,50.0,0.4
37,13,0.0849418085760357,50.0,50.0,0.4
37,14,0.7866233853211638,5.0,0.0,0.2
37,15,0.7892302237990765,5.0,0.0,0.2
37,16,0.7634045555725864,5.0,0.0,0.2
37,17,0.051213390950770404,50.0,50.0,0.4
37,18,0.07850527121147821,50.0,50.0,0.4
37,19,0.0,10.0,0.0,0.0
37,20,0.05350324227153884,50.0,50.0,0.4
37,21,0.0,10.0,0.0,0.0
37,22,0.06364366253815715,50.0,50.0,0.4
37,23,0.05913679657751761,50.0,50.0,0.4
37,24,0.0,10.0,0.0,0.0
37,25,0.08318154530437225,50.0,50.0,0.4
37,26,0.08014506092615176,50.0,50.0,0.4
37,27,0.6679674348371858,5.0,0.0,1.0
37,28,0.6910121155520305,5.0,0.0,1.0
37,29,0.7605704544014896,5.0,0.0,0.2
37,30,0.7679918600722532,5.0,0.0,0.2
37,31,0.757060034362737,5.0,0.0,0.2
37,32,0.7789141115506094,5.0,0.0,0.2
37,33,0.7711649464603266,5.0,0.0,0.2
37,34,0.7691021245062862,5.0,0.0,0.2
37,35,0.7892520889673874,5.0,0.0,0.2
37,36,0.7641283954531133,5.0,0.0,0.2
37,37,0.7965605121893446,5.0,0.0,0.2
37,38,0.759501347582902,5.0,0.0,0.2
37,39,0.7998135827421022,5.0,0.0,0.2
37,40,0.7666522414228597,5.0,0.0,0.2
37,41,0.761167416518702,5.0,0.0,0.2
37,42,0.7855434017434594,5.0,0.0,0.2
37,43,0.7826700936914572,5.0,0.0,0.2
37,44,0.765052212635405,5.0,0.0,0.2
37,45,0.7658961561521737,5.0,0.0,0.2
37,46,0.7855415923035267,5.0,0.0,0.2
37,47,0.7691606024123984,5.0,0.0,0.2
37,48,0.7591649901578609,5.0,0.0,0.2
37,49,0.7950574267154092,5.0,0.0,0.2
38,0,0.7771152720573868,5.0,0.0,0.2
38,1,0.7537453308575522,5.0,0.0,0.2
38,2,0.7917041063709844,5.0,0.0,0.2
38,3,0.789112875485772,5.0,0.0,0.2
38,4,0.7820176571872293,5.0,0.0,0.2
38,5,0.7682765515265382,5.0,0.0,0.2
38,6,0.7931113776748565,5.0,0.0,0.2
38,7,0.7524202040509979,5.0,0.0,0.2
38,8,0.7552735761386515,5.0,0.0,0.2
38,9,0.7664124775819583,5.0,0.0,0.2
38,10,0.0,15.0,0.0,0.0
38,11,0.06554236086659813,50.0,50.0,0.4
38,12,0.07147486963743392,50.0,50.0,0.4
38,13,0.08496737689339304,50.0,50.0,0.4
38,14,0.09352861052535788,50.0,50.0,0.4
38,15,0.06586727430318054,50.0,50.0,0.4
38,16,0.7771352644281084,5.0,0.0,0.2
38,17,0.08648700076522067,50.0,50.0,0.4
38,18,0.07357122522045914,50.0,50.0,0.4
38,19,0.06949230274688468,50.0,50.0,0.4
38,20,0.0,10.0,0.0,0.0
38,21,0.07374317117103821,50.0,50.0,0.4
38,22,0.0,10.0,0.0,0.0
38,23,0.09049387425962811,50.0,50.0,0.4
38,24,0.0872474182482355,50.0,50.0,0.4
38,25,0.0,10.0,0.0,0.0
38,26,0.06116025253393534,50.0,50.0,0.4
38,27,0.08657144695148566,50.0,50.0,0.4
38,28,0.6579779857491531,5.0,0.0,1.0
38,29,0.6726294629510471,5.0,0.0,1.0
38,30,0.7724798459087274,5.0,0.0,0.2
38,31,0.786856975239846,5.0,0.0,0.2
38,32,0.7914990196825685,5.0,0.0,0.2
38,33,0.7960482654871665,5.0,0.0,0.2
38,34,0.797076481146032,5.0,0.0,0.2
38,35,0.7582091729676447,5.0,0.0,0.2
38,36,0.7793436632423517,5.0,0.0,0.2
38,37,0.7501981629089597,5.0,0.0,0.2
38,38,0.7840825093792889,5.0,0.0,0.2
38,39,0.7895192258467536,5.0,0.0,0.2
38,40,0.7799502828212876,5.0,0.0,0.2
38,41,0.7799773690963567,5.0,0.0,0.2
38,42,0.7913665838563901,5.0,0.0,0.2
38,43,0.7587840705035939,5.0,0.0,0.2
38,44,0.7567805285044382,5.0,0.0,0.2
38,45,0.7745804721225543,5.0,0.0,0.2
38,46,0.7663906414983205,5.0,0.0,0.2
38,47,0.7587750940506603,5.0,0.0,0.2
38,48,0.7556534625141892,5.0,0.0,0.2
38,49,0.7859190470044726,5.0,0.0,0.2
39,0,0.7731901967162776,5.0,0.0,0.2
39,1,0.7624744545680797,5.0,0.0,0.2
39,2,0.783108908806546,5.0,0.0,0.2
39,3,0.7678101952988329,5.0,0.0,0.2
39,4,0.7579210827374557,5.0,0.0,0.2
39,5,0.7588863892648171,5.0,0.0,0.2
39,6,0.7586581504660943,5.0,0.0,0.2
39,7,0.7544166968573442,5.0,0.0,0.2
39,8,0.7597136855505564,5.0,0.0,0.2
39,9,0.7983958916398326,5.0,0.0,0.2
39,10,0.7680470315385959,5.0,0.0,0.2
39,11,0.0,15.0,0.0,0.0
39,12,0.05848863493696063,50.0,50.0,0.4
39,13,0.06667280699784345,50.0,50.0,0.4
39,14,0.07368210688600002,50.0,50.0,0.4
39,15,0.06646955767868916,50.0,50.0,0.4
39,16,0.05075249845999355,50.0,50.0,0.4
39,17,0.08589920821110744,50.0,50.0,0.4
39,18,0.07435762082470315,50.0,50.0,0.4
39,19,0.0,10.0,0.0,0.0
39,20,0.0,10.0,0.0,0.0
39,21,0.08048645422981339,50.0,50.0,0.4
39,22,0.09222577420634935,50.0,50.0,0.4
39,23,0.0,10.0,0.0,0.0
39,24,0.0640317610954633,50.0,50.0,0.4
39,25,0.06952072693060929,50.0,50.0,0.4
39,26,0.0,10.0,0.0,0.0
39,27,0.07110418526804797,50.0,50.0,0.4
39,28,0.07869293762911712,50.0,50.0,0.4
39,29,0.6656170575994864,5.0,0.0,1.0
39,30,0.7856757361964278,5.0,0.0,0.2
39,31,0.7647758133399913,5.0,0.0,0.2
39,32,0.7639356739200606,5.0,0.0,0.2
39,33,0.7895967073072125,5.0,0.0,0.2
39,34,0.7610757515671065,5.0,0.0,0.2
39,35,0.7925410367005273,5.0,0.0,0.2
39,36,0.7731653866926165,5.0,0.0,0.2
39,37,0.7585270340414767,5.0,0.0,0.2
39,38,0.7901163554400383,5.0,0.0,0.2
39,39,0.7849482067721398,5.0,0.0,0.2
39,40,0.7587573389790261,5.0,0.0,0.2
39,41,0.7788437585539072,5.0,0.0,0.2
39,42,0.7875673476965734,5.0,0.0,0.2
39,43,0.7895236878562433,5.0,0.0,0.2
39,44,0.7582480945022932,5.0,0.0,0.2
39,45,0.7628548278936372,5.0,0.0,0.2
39,46,0.7737567352635385,5.0,0.0,0.2
39,47,0.7746188833305921,5.0,0.0,0.2
39,48,0.7524220241334871,5.0,0.0,0.2
39,49,0.7577520713857541,5.0,0.0,0.2
40,0,0.7721663803231766,5.0,0.0,0.2
40,1,0.7933123849557119,5.0,0.0,0.2
40,2,0.7737805047354958,5.0,0.0,0.2
40,3,0.7509298575991268,5.0,0.0,0.2
40,4,0.7795031985488439,5.0,0.0,0.2
40,5,0.7523020408007797,5.0,0.0,0.2
40,6,0.7650781636008039,5.0,0.0,0.2
40,7,0.7599329344025049,5.0,0.0,0.2
40,8,0.7949302268747978,5.0,0.0,0.2
40,9,0.752141385465804,5.0,0.0,0.2
40,10,0.7668131791357269,5.0,0.0,0.2
40,11,0.7827416787455101,5.0,0.0,0.2
40,12,0.0,15.0,0.0,0.0
40,13,0.08829999072587172,50.0,50.0,0.4
40,14,0.07237756860689147,50.0,50.0,0.4
40,15,0.08262412238462952,50.0,50.0,0.4
40,16,0.05821867876960173,50.0,50.0,0.4
40,17,0.08781659297563801,50.0,50.0,0.4
40,18,0.0,10.0,0.0,0.0
40,19,0.06033545361794329,50.0,50.0,0.4
40,20,0.08066184310224883,50.0,50.0,0.4
40,21,0.0,10.0,0.0,0.0
40,22,0.0977413174516362,50.0,50.0,0.4
40,23,0.054828163727788426,50.0,50.0,0.4
40,24,0.0,10.0,0.0,0.0
40,25,0.0,10.0,0.0,0.0
40,26,0.09706583017682888,50.0,50.0,0.4
40,27,0.0,10.0,0.0,0.0
40,28,0.05311999381261625,50.0,50.0,0.4
40,29,0.07043919938812324,50.0,50.0,0.4
40,30,0.6958154551035588,5.0,0.0,1.0
40,31,0.7867964730075967,5.0,0.0,0.2
40,32,0.7817405746707512,5.0,0.0,0.2
40,33,0.7962207137347134,5.0,0.0,0.2
40,34,0.7832380201775484,5.0,0.0,0.2
40,35,0.7887037880734175,5.0,0.0,0.2
40,36,0.75196309140151,5.0,0.0,0.2
40,37,0.7642335208712205,5.0,0.0,0.2
40,38,0.7802158819972995,5.0,0.0,0.2
40,39,0.76253611382612,5.0,0.0,0.2
40,40,0.7578333868007315,5.0,0.0,0.2
40,41,0.7858258068744691,5.0,0.0,0.2
40,42,0.7949728109303266,5.0,0.0,0.2
40,43,0.7852989577414606,5.0,0.0,0.2
40,44,0.764878257592177,5.0,0.0,0.2
40,45,0.7645360553833815,5.0,0.0,0.2
40,46,0.7545886293806175,5.0,0.0,0.2
40,47,0.7552359365421718,5.0,0.0,0.2
40,48,0.7858787108548894,5.0,0.0,0.2
40,49,0.7845686887147866,5.0,0.0,0.2
41,0,0.7542006763313397,5.0,0.0,0.2
41,1,0.7858343654380672,5.0,0.0,0.2
41,2,0.7960692410701078,5.0,0.0,0.2
41,3,0.7750277104098304,5.0,0.0,0.2
41,4,0.7538359202915411,5.0,0.0,0.2
41,5,0.7587710918248219,5.0,0.0,0.2
41,6,0.7834747293109479,5.0,0.0,0.2
41,7,0.7912460038496192,5.0,0.0,0.2
41,8,0.7545484104727427,5.0,0.0,0.2
41,9,0.7683042415804422,5.0,0.0,0.2
41,10,0.758727720381106,5.0,0.0,0.2
41,11,0.7601450750790855,5.0,0.0,0.2
41,12,0.7693274494022585,5.0,0.0,0.2
41,13,0.0,15.0,0.0,0.0
41,14,0.05932479109482985,50.0,50.0,0.4
41,15,0.07965430535253194,50.0,50.0,0.4
41,16,0.09776010801465909,50.0,50.0,0.4
41,17,0.0,10.0,0.0,0.0
41,18,0.06465496832681611,50.0,50.0,0.4
41,19,0.08852710912971892,50.0,50.0,0.4
41,20,0.7699602867017411,5.0,0.0,0.2
41,21,0.7989801058995094,5.0,0.0,0.2
41,22,0.0,10.0,0.0,0.0
41,23,0.07716429099977289,50.0,50.0,0.4
41,24,0.0,10.0,0.0,0.0
41,25,0.0,10.0,0.0,0.0
41,26,0.06343395642177967,50.0,50.0,0.4
41,27,0.08696914584146273,50.0,50.0,0.4
41,28,0.0,10.0,0.0,0.0
41,29,0.08067273294659505,50.0,50.0,0.4
41,30,0.6512341122244091,5.0,0.0,1.0
41,31,0.7805790014781476,5.0,0.0,0.2
41,32,0.7523350865607503,5.0,0.0,0.2
41,33,0.7896265149209558,5.0,0.0,0.2
41,34,0.7609471410997424,5.0,0.0,0.2
41,35,0.7927236884117737,5.0,0.0,0.2
41,36,0.7738604234680633,5.0,0.0,0.2
41,37,0.7568938386152142,5.0,0.0,0.2
41,38,0.7855649396762076,5.0,0.0,0.2
41,39,0.7944309927830357,5.0,0.0,0.2
41,40,0.7582317268771426,5.0,0.0,0.2
41,41,0.7560067575686671,5.0,0.0,0.2
41,42,0.7775819526014144,5.0,0.0,0.2
41,43,0.7783016424582379,5.0,0.0,0.2
41,44,0.7549725924477046,5.0,0.0,0.2
41,45,0.7663972240057363,5.0,0.0,0.2
41,46,0.7988193280015281,5.0,0.0,0.2
41,47,0.7646753163607629,5.0,0.0,0.2
41,48,0.7864072620954377,5.0,0.0,0.2
41,49,0.781041946180228,5.0,0.0,0.2
42,0,0.7753873832645537,5.0,0.0,0.2
42,1,0.7905145987107153,5.0,0.0,0.2
42,2,0.7907822201553981,5.0,0.0,0.2
42,3,0.7687450188635025,5.0,0.0,0.2
42,4,0.797004287242095,5.0,0.0,0.2
42,5,0.7979532782245811,5.0,0.0,0.2
42,6,0.7769034139540499,5.0,0.0,0.2
42,7,0.752824635696529,5.0,0.0,0.2
42,8,0.7918243976914076,5.0,0.0,0.2
42,9,0.764476273291348,5.0,0.0,0.2
42,10,0.7771318320922741,5.0,0.0,0.2
42,11,0.7741425716194962,5.0,0.0,0.2
42,12,0.7887252226546606,5.0,0.0,0.2
42,13,0.7800752376191389,5.0,0.0,0.2
42,14,0.0,15.0,0.0,0.0
42,15,0.0,15.0,0.0,0.0
42,16,0.0,10.0,0.0,0.0
42,17,0.05244074651931839,50.0,50.0,0.4
42,18,0.08144401810813784,50.0,50.0,0.4
42,19,0.07780818554333165,50.0,50.0,0.4
42,20,0.09156813642668277,50.0,50.0,0.4
42,21,0.7869418506295979,5.0,0.0,0.2
42,22,0.0758371547307144,50.0,50.0,0.4
42,23,0.0,10.0,0.0,0.0
42,24,0.054442915033887984,50.0,50.0,0.4
42,25,0.06382052847335996,50.0,50.0,0.4
42,26,0.0,10.0,0.0,0.0
42,27,0.0950871878746278,50.0,50.0,0.4
42,28,0.06448086375037629,50.0,50.0,0.4
42,29,0.0,10.0,0.0,0.0
42,30,0.6990189497795688,5.0,0.0,1.0
42,31,0.79299074905066,5.0,0.0,0.2
42,32,0.7568233207970696,5.0,0.0,0.2
42,33,0.7744479724306168,5.0,0.0,0.2
42,34,0.792064745458392,5.0,0.0,0.2
42,35,0.7565012610191058,5.0,0.0,0.2
42,36,0.7695851489796038,5.0,0.0,0.2
42,37,0.7914781740387695,5.0,0.0,0.2
42,38,0.7540836773037454,5.0,0.0,0.2
42,39,0.7623811359299947,5.0,0.0,0.2
42,40,0.7925355837075152,5.0,0.0,0.2
42,41,0.790959050691537,5.0,0.0,0.2
42,42,0.7681336609628766,5.0,0.0,0.2
42,43,0.7637196092097767,5.0,0.0,0.2
42,44,0.7954754985903846,5.0,0.0,0.2
42,45,0.7866978429790218,5.0,0.0,0.2
42,46,0.7570034576449594,5.0,0.0,0.2
42,47,0.7575881753499364,5.0,0.0,0.2
42,48,0.7715670037181875,5.0,0.0,0.2
42,49,0.7637495445560493,5.0,0.0,0.2
43,0,0.773022012243752,5.0,0.0,0.2
43,1,0.7884959025079593,5.0,0.0,0.2
43,2,0.75678450724599,5.0,0.0,0.2
43,3,0.7571870133868508,5.0,0.0,0.2
43,4,0.796838369040451,5.0,0.0,0.2
43,5,0.05818734737956604,50.0,50.0,0.4
43,6,0.08543280105715209,50.0,50.0,0.4
43,7,0.05580401205014927,50.0,50.0,0.4
43,8,0.06878006516585428,50.0,50.0,0.4
43,9,0.06344308894352436,50.0,50.0,0.4
43,10,0.09165032807247217,50.0,50.0,0.4
43,11,0.09608511464781871,50.0,50.0,0.4
43,12,0.07420486527904605,50.0,50.0,0.4
43,13,0.07277288571864736,50.0,50.0,0.4
43,14,0.7635988625793567,5.0,0.0,0.2
43,15,0.0,15.0,0.0,0.0
43,16,0.07925801893357162,50.0,50.0,0.4
43,17,0.09300356205141783,50.0,50.0,0.4
43,18,0.05310685993388855,50.0,50.0,0.4
43,19,0.08533675758744916,50.0,50.0,0.4
43,20,0.09949717600770973,50.0,50.0,0.4
43,21,0.05758347252668078,50.0,50.0,0.4
43,22,0.7869852669441867,5.0,0.0,0.2
43,23,0.056228987688046454,50.0,50.0,0.4
43,24,0.0,10.0,0.0,0.0
43,25,0.058569320429837785,50.0,50.0,0.4
43,26,0.06340563883155895,50.0,50.0,0.4
43,27,0.0,10.0,0.0,0.0
43,28,0.0657933557142617,50.0,50.0,0.4
43,29,0.0985171526911719,50.0,50.0,0.4
43,30,0.6839471072777586,5.0,0.0,1.0
43,31,0.7964490094505533,5.0,0.0,0.2
43,32,0.7977357457551586,5.0,0.0,0.2
43,33,0.7829895021253025,5.0,0.0,0.2
43,34,0.7642047922012888,5.0,0.0,0.2
43,35,0.7662277002073059,5.0,0.0,0.2
43,36,0.7828445907908357,5.0,0.0,0.2
43,37,0.760257634917015,5.0,0.0,0.2
43,38,0.7655880100362982,5.0,0.0,0.2
43,39,0.7945768582923599,5.0,0.0,0.2
43,40,0.7844002867795816,5.0,0.0,0.2
43,41,0.7943919062679383,5.0,0.0,0.2
43,42,0.7662189615506475,5.0,0.0,0.2
43,43,0.7885135502373503,5.0,0.0,0.2
43,44,0.7944033992735012,5.0,0.0,0.2
43,45,0.7682919049320182,5.0,0.0,0.2
43,46,0.7572201039517794,5.0,0.0,0.2
43,47,0.7610495907028857,5.0,0.0,0.2
43,48,0.7597236899591143,5.0,0.0,0.2
43,49,0.7798727357502603,5.0,0.0,0.2
44,0,0.7919924443209763,5.0,0.0,0.2
44,1,0.7888663920720744,5.0,0.0,0.2
44,2,0.7677047343238604,5.0,0.0,0.2
44,3,0.7534559803124424,5.0,0.0,0.2
44,4,0.7990673930427458,5.0,0.0,0.2
44,5,0.07245535069995332,50.0,50.0,0.4
44,6,0.06483372023456573,50.0,50.0,0.4
44,7,0.09057346367194954,50.0,50.0,0.4
44,8,0.05867216276272884,50.0,50.0,0.4
44,9,0.0847645953038291,50.0,50.0,0.4
44,10,0.06208077529549793,50.0,50.0,0.4
44,11,0.08456397550290243,50.0,50.0,0.4
44,12,0.06302400578735524,50.0,50.0,0.4
44,13,0.0954840493339118,50.0,50.0,0.4
44,14,0.7665271748676372,5.0,0.0,0.2
44,15,0.7606903925749965,5.0,0.0,0.2
44,16,0.0,15.0,0.0,0.0
44,17,0.08435200473453469,50.0,50.0,0.4
44,18,0.09103489430775372,50.0,50.0,0.4
44,19,0.07989964853082704,50.0,50.0,0.4
44,20,0.7929804039563423,5.0,0.0,0.2
44,21,0.08573175574388048,50.0,50.0,0.4
44,22,0.08322906967901461,50.0,50.0,0.4
44,23,0.7554572635206593,5.0,0.0,0.2
44,24,0.07008750737373054,50.0,50.0,0.4
44,25,0.0,10.0,0.0,0.0
44,26,0.09688183868833908,50.0,50.0,0.4
44,27,0.06417607603821021,50.0,50.0,0.4
44,28,0.0,10.0,0.0,0.0
44,29,0.09329477292869325,50.0,50.0,0.4
44,30,0.6513069391040891,5.0,0.0,1.0
44,31,0.7787327691269522,5.0,0.0,0.2
44,32,0.7628033618584937,5.0,0.0,0.2
44,33,0.7530851565283824,5.0,0.0,0.2
44,34,0.7812409827080528,5.0,0.0,0.2
44,35,0.7611312494932352,5.0,0.0,0.2
44,36,0.766381179769581,5.0,0.0,0.2
44,37,0.7813944220201064,5.0,0.0,0.2
44,38,0.7512277854266587,5.0,0.0,0.2
44,39,0.7877996262053197,5.0,0.0,0.2
44,40,0.7969938179948136,5.0,0.0,0.2
44,41,0.7782329278190954,5.0,0.0,0.2
44,42,0.7989261094851251,5.0,0.0,0.2
44,43,0.7858377474168684,5.0,0.0,0.2
44,44,0.7697376039768548,5.0,0.0,0.2
44,45,0.7852475555391835,5.0,0.0,0.2
44,46,0.7606832731257122,5.0,0.0,0.2
44,47,0.7636215065596895,5.0,0.0,0.2
44,48,0.7855238046666316,5.0,0.0,0.2
44,49,0.7901475384902742,5.0,0.0,0.2
45,0,0.7797744078453466,5.0,0.0,0.2
45,1,0.7780776306690396,5.0,0.0,0.2
45,2,0.7542301503216645,5.0,0.0,0.2
45,3,0.7753517131894576,5.0,0.0,0.2
45,4,0.7855400740473678,5.0,0.0,0.2
45,5,0.06431328299387414,50.0,50.0,0.4
45,6,0.08649406408306654,50.0,50.0,0.4
45,7,0.09477600733815165,50.0,50.0,0.4
45,8,0.08645795756882385,50.0,50.0,0.4
45,9,0.06052111998189974,50.0,50.0,0.4
45,10,0.08408493298929612,50.0,50.0,0.4
45,11,0.08435101048260996,50.0,50.0,0.4
45,12,0.09753623631447923,50.0,50.0,0.4
45,13,0.06058837504124188,50.0,50.0,0.4
45,14,0.7858448631037012,5.0,0.0,0.2
45,15,0.7726481029454413,5.0,0.0,0.2
45,16,0.7933116794576761,5.0,0.0,0.2
45,17,0.0,15.0,0.0,0.0
45,18,0.09805202450251878,50.0,50.0,0.4
45,19,0.09867447665724331,50.0,50.0,0.4
45,20,0.061246851686954464,50.0,50.0,0.4
45,21,0.7586710107060533,5.0,0.0,0.2
45,22,0.05107932573192549,50.0,50.0,0.4
45,23,0.0978972535585475,50.0,50.0,0.4
45,24,0.05459176534926252,50.0,50.0,0.4
45,25,0.08901741185305348,50.0,50.0,0.4
45,26,0.0,10.0,0.0,0.0
45,27,0.06418507416927252,50.0,50.0,0.4
45,28,0.09362209692620183,50.0,50.0,0.4
45,29,0.0,10.0,0.0,0.0
45,30,0.05654346362733016,50.0,50.0,0.4
45,31,0.693124049093244,5.0,0.0,1.0
45,32,0.7592891933580674,5.0,0.0,0.2
45,33,0.7899003767314359,5.0,0.0,0.2
45,34,0.7632411669867492,5.0,0.0,0.2
45,35,0.7934703906689501,5.0,0.0,0.2
45,36,0.7984330202025752,5.0,0.0,0.2
45,37,0.7568536880495516,5.0,0.0,0.2
45,38,0.7998581228344429,5.0,0.0,0.2
45,39,0.7817172026366576,5.0,0.0,0.2
45,40,0.7722865055218727,5.0,0.0,0.2
45,41,0.753821677754014,5.0,0.0,0.2
45,42,0.7761196493403666,5.0,0.0,0.2
45,43,0.7927928585667484,5.0,0.0,0.2
45,44,0.7620655417060578,5.0,0.0,0.2
45,45,0.7980570356578045,5.0,0.0,0.2
45,46,0.766893097848007,5.0,0.0,0.2
45,47,0.7507073399131552,5.0,0.0,0.2
45,48,0.7793926426128654,5.0,0.0,0.2
45,49,0.7914983115972585,5.0,0.0,0.2
46,0,0.758636475584438,5.0,0.0,0.2
46,1,0.7798947532635903,5.0,0.0,0.2
46,2,0.7759620538856097,5.0,0.0,0.2
46,3,0.05718427731084529,50.0,50.0,0.4
46,4,0.09478799389523619,50.0,50.0,0.4
46,5,0.0888073698918373,50.0,50.0,0.4
46,6,0.0782596926726416,50.0,50.0,0.4
46,7,0.07921769595958655,50.0,50.0,0.4
46,8,0.0813589331080102,50.0,50.0,0.4
46,9,0.06539884347120595,50.0,50.0,0.4
46,10,0.09801321563063695,50.0,50.0,0.4
46,11,0.07045188599568214,50.0,50.0,0.4
46,12,0.06521445204793552,50.0,50.0,0.4
46,13,0.062069309814651925,50.0,50.0,0.4
46,14,0.7944400706171291,5.0,0.0,0.2
46,15,0.7927249124529305,5.0,0.0,0.2
46,16,0.797117768089549,5.0,0.0,0.2
46,17,0.777099812729731,5.0,0.0,0.2
46,18,0.0,15.0,0.0,0.0
46,19,0.07414729345081268,50.0,50.0,0.4
46,20,0.07296860029934032,50.0,50.0,0.4
46,21,0.05141921812403635,50.0,50.0,0.4
46,22,0.7736357177358502,5.0,0.0,0.2
46,23,0.07615668771991366,50.0,50.0,0.4
46,24,0.08937310771193246,50.0,50.0,0.4
46,25,0.08063810594754724,50.0,50.0,0.4
46,26,0.06289868727842646,50.0,50.0,0.4
46,27,0.7750773074390237,5.0,0.0,0.2
46,28,0.7900710618533465,5.0,0.0,0.2
46,29,0.7601462332977139,5.0,0.0,0.2
46,30,0.06626378951719392,50.0,50.0,0.4
46,31,0.07591460555937979,50.0,50.0,0.4
46,32,0.6935327419386573,5.0,0.0,1.0
46,33,0.7583146674954822,5.0,0.0,0.2
46,34,0.7606421198232906,5.0,0.0,0.2
46,35,0.7774396371359588,5.0,0.0,0.2
46,36,0.759677241823793,5.0,0.0,0.2
46,37,0.7770156660707044,5.0,0.0,0.2
46,38,0.7845915186808129,5.0,0.0,0.2
46,39,0.7508225887974856,5.0,0.0,0.2
46,40,0.7627463444742326,5.0,0.0,0.2
46,41,0.7734373404217225,5.0,0.0,0.2
46,42,0.7846224405932397,5.0,0.0,0.2
46,43,0.7821447935269381,5.0,0.0,0.2
46,44,0.7925863955219691,5.0,0.0,0.2
46,45,0.7660744748406901,5.0,0.0,0.2
46,46,0.7842791514111397,5.0,0.0,0.2
46,47,0.7730357708943629,5.0,0.0,0.2
46,48,0.781820331031506,5.0,0.0,0.2
46,49,0.7721114453241645,5.0,0.0,0.2
47,0,0.7978429047626655,5.0,0.0,0.2
47,1,0.7895170111690729,5.0,0.0,0.2
47,2,0.7945455190150008,5.0,0.0,0.2
47,3,0.06925549678059088,50.0,50.0,0.4
47,4,0.05352145252216703,50.0,50.0,0.4
47,5,0.07601739832983827,50.0,50.0,0.4
47,6,0.06782104975629101,50.0,50.0,0.4
47,7,0.05309035845887069,50.0,50.0,0.4
47,8,0.0914791889286105,50.0,50.0,0.4
47,9,0.0573533628168533,50.0,50.0,0.4
47,10,0.08110113671527885,50.0,50.0,0.4
47,11,0.0756154120628556,50.0,50.0,0.4
47,12,0.061745853567078804,50.0,50.0,0.4
47,13,0.050819884095022104,50.0,50.0,0.4
47,14,0.79374199667801,5.0,0.0,0.2
47,15,0.7763025588580724,5.0,0.0,0.2
47,16,0.7746107366135211,5.0,0.0,0.2
47,17,0.7792815467375888,5.0,0.0,0.2
47,18,0.7858901323918264,5.0,0.0,0.2
47,19,0.0,15.0,0.0,0.0
47,20,0.0971255720491738,50.0,50.0,0.4
47,21,0.057982826938975135,50.0,50.0,0.4
47,22,0.08341428364120053,50.0,50.0,0.4
47,23,0.09321331456582876,50.0,50.0,0.4
47,24,0.05416174139731291,50.0,50.0,0.4
47,25,0.06997578343968659,50.0,50.0,0.4
47,26,0.06145214593244982,50.0,50.0,0.4
47,27,0.7920897277638297,5.0,0.0,0.2
47,28,0.08337003625476441,50.0,50.0,0.4
47,29,0.07528554625187192,50.0,50.0,0.4
47,30,0.7911525894382744,5.0,0.0,0.2
47,31,0.06807389493533826,50.0,50.0,0.4
47,32,0.09096674135028511,50.0,50.0,0.4
47,33,0.6855105222132417,5.0,0.0,1.0
47,34,0.7982497855972287,5.0,0.0,0.2
47,35,0.7521185627629744,5.0,0.0,0.2
47,36,0.792827972802197,5.0,0.0,0.2
47,37,0.7757703081277173,5.0,0.0,0.2
47,38,0.7935571270946082,5.0,0.0,0.2
47,39,0.7503467312186732,5.0,0.0,0.2
47,40,0.7619753102448473,5.0,0.0,0.2
47,41,0.7517840809091257,5.0,0.0,0.2
47,42,0.7672257089041059,5.0,0.0,0.2
47,43,0.7849331502057341,5.0,0.0,0.2
47,44,0.7542033549269285,5.0,0.0,0.2
47,45,0.7677902535838416,5.0,0.0,0.2
47,46,0.7596497377407418,5.0,0.0,0.2
47,47,0.7820531839891363,5.0,0.0,0.2
47,48,0.7647822825037387,5.0,0.0,0.2
47,49,0.77352157617529,5.0,0.0,0.2
48,0,0.7991064091075283,5.0,0.0,0.2
48,1,0.7656460355559283,5.0,0.0,0.2
48,2,0.7683550878120233,5.0,0.0,0.2
48,3,0.054987755123922434,50.0,50.0,0.4
48,4,0.0873896238977166,50.0,50.0,0.4
48,5,0.08513066924431659,50.0,50.0,0.4
48,6,0.05870391440958269,50.0,50.0,0.4
48,7,0.09437752462250212,50.0,50.0,0.4
48,8,0.09905267444906758,50.0,50.0,0.4
48,9,0.07231131025788146,50.0,50.0,0.4
48,10,0.0903012779830666,50.0,50.0,0.4
48,11,0.06839651374776445,50.0,50.0,0.4
48,12,0.056689004118214925,50.0,50.0,0.4
48,13,0.09652507569304644,50.0,50.0,0.4
48,14,0.7655112343373275,5.0,0.0,0.2
48,15,0.7820974147376838,5.0,0.0,0.2
48,16,0.7769729304528051,5.0,0.0,0.2
48,17,0.783796194147868,5.0,0.0,0.2
48,18,0.7677604450347832,5.0,0.0,0.2
48,19,0.7610712718533068,5.0,0.0,0.2
48,20,0.0,15.0,0.0,0.0
48,21,0.0557175861090266,50.0,50.0,0.4
48,22,0.057006339668718965,50.0,50.0,0.4
48,23,0.06470576080975787,50.0,50.0,0.4
48,24,0.05898990132861066,50.0,50.0,0.4
48,25,0.060749107593992796,50.0,50.0,0.4
48,26,0.7833545419827657,5.0,0.0,0.2
48,27,0.07474923490062546,50.0,50.0,0.4
48,28,0.09441391868754212,50.0,50.0,0.4
48,29,0.092384978649821,50.0,50.0,0.4
48,30,0.09522469998957589,50.0,50.0,0.4
48,31,0.0,10.0,0.0,0.0
48,32,0.0908480878453119,50.0,50.0,0.4
48,33,0.06474199527270875,50.0,50.0,0.4
48,34,0.08698923236330836,50.0,50.0,0.4
48,35,0.09912330072498562,50.0,50.0,0.4
48,36,0.0935091518140002,50.0,50.0,0.4
48,37,0.07827931997457888,50.0,50.0,0.4
48,38,0.09800721600760909,50.0,50.0,0.4
48,39,0.06802739667265122,50.0,50.0,0.4
48,40,0.054888753111004,50.0,50.0,0.4
48,41,0.7961642028077167,5.0,0.0,0.2
48,42,0.7762940967518662,5.0,0.0,0.2
48,43,0.7708659717959441,5.0,0.0,0.2
48,44,0.7911294592055406,5.0,0.0,0.2
48,45,0.7711813143987813,5.0,0.0,0.2
48,46,0.774025640861649,5.0,0.0,0.2
48,47,0.7701245147274636,5.0,0.0,0.2
48,48,0.756326296094174,5.0,0.0,0.2
48,49,0.7829145499776132,5.0,0.0,0.2
49,0,0.7809895120715744,5.0,0.0,0.2
49,1,0.7941007077191845,5.0,0.0,0.2
49,2,0.753154683340935,5.0,0.0,0.2
49,3,0.08730445173934756,50.0,50.0,0.4
49,4,0.09069729867130583,50.0,50.0,0.4
49,5,0.06674836208715282,50.0,50.0,0.4
49,6,0.06526201595505803,50.0,50.0,0.4
49,7,0.05878808835246019,50.0,50.0,0.4
49,8,0.0937763834154664,50.0,50.0,0.4
49,9,0.06493750852956146,50.0,50.0,0.4
49,10,0.08463636525562118,50.0,50.0,0.4
49,11,0.757582472400496,5.0,0.0,0.2
49,12,0.7868093152573998,5.0,0.0,0.2
49,13,0.7951575235635095,5.0,0.0,0.2
49,14,0.7506193894382434,5.0,0.0,0.2
49,15,0.7902696709481752,5.0,0.0,0.2
49,16,0.783598096855611,5.0,0.0,0.2
49,17,0.7867028165632609,5.0,0.0,0.2
49,18,0.7731812649680989,5.0,0.0,0.2
49,19,0.7910278700792159,5.0,0.0,0.2
49,20,0.0,15.0,0.0,0.0
49,21,0.06957732346116535,50.0,50.0,0.4
49,22,0.059945357853750096,50.0,50.0,0.4
49,23,0.08858747730740421,50.0,50.0,0.4
49,24,0.059360886672321214,50.0,50.0,0.4
49,25,0.09329860577417416,50.0,50.0,0.4
49,26,0.7649602198484484,5.0,0.0,0.2
49,27,0.08983375439215305,50.0,50.0,0.4
49,28,0.09837071295909519,50.0,50.0,0.4
49,29,0.08913300721963546,50.0,50.0,0.4
49,30,0.05735505869633162,50.0,50.0,0.4
49,31,0.0,10.0,0.0,0.0
49,32,0.06751816609686129,50.0,50.0,0.4
49,33,0.07842657512624009,50.0,50.0,0.4
49,34,0.06360354389439297,50.0,50.0,0.4
49,35,0.09003188589319022,50.0,50.0,0.4
49,36,0.07375784654940831,50.0,50.0,0.4
49,37,0.07070141788016043,50.0,50.0,0.4
49,38,0.0905963387051423,50.0,50.0,0.4
49,39,0.09279159162642878,50.0,50.0,0.4
49,40,0.052051074009895115,50.0,50.0,0.4
49,41,0.7893923549676184,5.0,0.0,0.2
49,42,0.7719054125421497,5.0,0.0,0.2
49,43,0.7845919957395289,5.0,0.0,0.2
49,44,0.7555200667025347,5.0,0.0,0.2
49,45,0.7781070911137634,5.0,0.0,0.2
49,46,0.7933020624231204,5.0,0.0,0.2
49,47,0.7819293669680154,5.0,0.0,0.2
49,48,0.7544907877976414,5.0,0.0,0.2
49,49,0.7713389986408464,5.0,0.0,0.2
