0,0,0.16549694588169306,50.0,50.0,0.4
0,1,0.0,15.0,0.0,0.0
0,2,0.12725294198126305,50.0,50.0,0.4
0,3,0.6597252323443565,5.0,0.0,1.0
0,4,0.7714144448572823,5.0,0.0,0.2
0,5,0.7734399305474363,5.0,0.0,0.2
0,6,0.7625590327176,5.0,0.0,0.2
0,7,0.18433087049500219,50.0,50.0,0.4
0,8,0.17230808905180328,50.0,50.0,0.4
0,9,0.1555627422006909,50.0,50.0,0.4
0,10,0.1055639831399634,50.0,50.0,0.4
0,11,0.14242249792946982,50.0,50.0,0.4
0,12,0.13196153473994804,50.0,50.0,0.4
0,13,0.7817887739873469,5.0,0.0,0.2
0,14,0.7518179750416177,5.0,0.0,0.2
0,15,0.785162455078265,5.0,0.0,0.2
0,16,0.7808229654237759,5.0,0.0,0.2
0,17,0.7716813881047777,5.0,0.0,0.2
0,18,0.755502957017141,5.0,0.0,0.2
0,19,0.77779739716724,5.0,0.0,0.2
0,20,0.7673088021265253,5.0,0.0,0.2
0,21,0.757240335570063,5.0,0.0,0.2
0,22,0.7509172121807528,5.0,0.0,0.2
0,23,0.7647684901343237,5.0,0.0,0.2
0,24,0.7747455920185107,5.0,0.0,0.2
0,25,0.7624903639517775,5.0,0.0,0.2
0,26,0.7851862543220908,5.0,0.0,0.2
0,27,0.7602842224806137,5.0,0.0,0.2
0,28,0.7661635454613698,5.0,0.0,0.2
0,29,0.7678921135946677,5.0,0.0,0.2
0,30,0.7688700341436088,5.0,0.0,0.2
0,31,0.7893556471157818,5.0,0.0,0.2
0,32,0.791466194881199,5.0,0.0,0.2
0,33,0.7892374534091793,5.0,0.0,0.2
0,34,0.7834664277536898,5.0,0.0,0.2
0,35,0.7521912775277569,5.0,0.0,0.2
0,36,0.7615621909089634,5.0,0.0,0.2
0,37,0.7501371166392905,5.0,0.0,0.2
0,38,0.7917772104483839,5.0,0.0,0.2
0,39,0.7589277940986692,5.0,0.0,0.2
0,40,0.7939458614369493,5.0,0.0,0.2
0,41,0.7732898726240829,5.0,0.0,0.2
0,42,0.7999781880588624,5.0,0.0,0.2
0,43,0.7807238984176642,5.0,0.0,0.2
0,44,0.7943594747480612,5.0,0.0,0.2
0,45,0.0,15.0,0.0,0.0
0,46,0.09752113663930047,60.0,10.0,0.3
0,47,0.05028160562928344,60.0,10.0,0.3
0,48,0.06981388420018377,60.0,10.0,0.3
0,49,0.08420199513095988,60.0,10.0,0.3
1,0,0.1086674191407549,50.0,50.0,0.4
1,1,0.0,15.0,0.0,0.0
1,2,0.12316788819506028,50.0,50.0,0.4
1,3,0.6821041955279823,5.0,0.0,1.0
1,4,0.7993193173022837,5.0,0.0,0.2
1,5,0.7716180381918032,5.0,0.0,0.2
1,6,0.786890974986136,5.0,0.0,0.2
1,7,0.17783557829351915,50.0,50.0,0.4
1,8,0.11627089253477703,50.0,50.0,0.4
1,9,0.185559969572127,50.0,50.0,0.4
1,10,0.17462009929219935,50.0,50.0,0.4
1,11,0.1255406222110214,50.0,50.0,0.4
1,12,0.12020435622613022,50.0,50.0,0.4
1,13,0.7587012194420685,5.0,0.0,0.2
1,14,0.7744904205261988,5.0,0.0,0.2
1,15,0.778746273164127,5.0,0.0,0.2
1,16,0.7990118520252879,5.0,0.0,0.2
1,17,0.7512648244591366,5.0,0.0,0.2
1,18,0.7515121623770544,5.0,0.0,0.2
1,19,0.7565907014247207,5.0,0.0,0.2
1,20,0.7782043732360489,5.0,0.0,0.2
1,21,0.7982765060189938,5.0,0.0,0.2
1,22,0.7735174013836161,5.0,0.0,0.2
1,23,0.7512772668072657,5.0,0.0,0.2
1,24,0.7697237970703141,5.0,0.0,0.2
1,25,0.7807342257697942,5.0,0.0,0.2
1,26,0.7551210287662498,5.0,0.0,0.2
1,27,0.7686202805658018,5.0,0.0,0.2
1,28,0.7887758126986921,5.0,0.0,0.2
1,29,0.7965057263549711,5.0,0.0,0.2
1,30,0.7573711744976998,5.0,0.0,0.2
1,31,0.7628888091674441,5.0,0.0,0.2
1,32,0.7674539121395709,5.0,0.0,0.2
1,33,0.765086323285904,5.0,0.0,0.2
1,34,0.7902167342120159,5.0,0.0,0.2
1,35,0.7740052615750075,5.0,0.0,0.2
1,36,0.772244296152496,5.0,0.0,0.2
1,37,0.7587193489700618,5.0,0.0,0.2
1,38,0.7772840800451946,5.0,0.0,0.2
1,39,0.7788157700813105,5.0,0.0,0.2
1,40,0.7697081504725068,5.0,0.0,0.2
1,41,0.795013420657952,5.0,0.0,0.2
1,42,0.7729016557301307,5.0,0.0,0.2
1,43,0.7983991549902916,5.0,0.0,0.2
1,44,0.7919594229752956,5.0,0.0,0.2
1,45,0.0,15.0,0.0,0.0
1,46,0.07438452906764599,60.0,10.0,0.3
1,47,0.06671902272281315,60.0,10.0,0.3
1,48,0.07865060679755762,60.0,10.0,0.3
1,49,0.09435873973453451,60.0,10.0,0.3
2,0,0.12415286035938239,50.0,50.0,0.4
2,1,0.0,15.0,0.0,0.0
2,2,0.19012923220300465,50.0,50.0,0.4
2,3,0.6551395570938306,5.0,0.0,1.0
2,4,0.7742284052494915,5.0,0.0,0.2
2,5,0.7595186013390097,5.0,0.0,0.2
2,6,0.7538826907543982,5.0,0.0,0.2
2,7,0.16662536558748803,50.0,50.0,0.4
2,8,0.13537310217283174,50.0,50.0,0.4
2,9,0.15119284457813909,50.0,50.0,0.4
2,10,0.16752756358615445,50.0,50.0,0.4
2,11,0.136306448676057,50.0,50.0,0.4
2,12,0.19901761656794834,50.0,50.0,0.4
2,13,0.7594292765008585,5.0,0.0,0.2
2,14,0.7846555149401386,5.0,0.0,0.2
2,15,0.7614897866024353,5.0,0.0,0.2
2,16,0.7695708120876295,5.0,0.0,0.2
2,17,0.7671042513950628,5.0,0.0,0.2
2,18,0.7575285963772348,5.0,0.0,0.2
2,19,0.7862267090382491,5.0,0.0,0.2
2,20,0.7739474090740438,5.0,0.0,0.2
2,21,0.7603392833350181,5.0,0.0,0.2
2,22,0.7738432281629506,5.0,0.0,0.2
2,23,0.7768342160179619,5.0,0.0,0.2
2,24,0.7966904856303758,5.0,0.0,0.2
2,25,0.7783915765652664,5.0,0.0,0.2
2,26,0.7552429512088756,5.0,0.0,0.2
2,27,0.7969275394178734,5.0,0.0,0.2
2,28,0.7699760150371261,5.0,0.0,0.2
2,29,0.753248878625409,5.0,0.0,0.2
2,30,0.7939668825819481,5.0,0.0,0.2
2,31,0.794984828770411,5.0,0.0,0.2
2,32,0.7764425249145461,5.0,0.0,0.2
2,33,0.785804178656963,5.0,0.0,0.2
2,34,0.7922052058742932,5.0,0.0,0.2
2,35,0.7958360520167036,5.0,0.0,0.2
2,36,0.7565082329837467,5.0,0.0,0.2
2,37,0.7885351235386289,5.0,0.0,0.2
2,38,0.7817883087347136,5.0,0.0,0.2
2,39,0.7955205545113084,5.0,0.0,0.2
2,40,0.7598140330292731,5.0,0.0,0.2
2,41,0.7696649855427949,5.0,0.0,0.2
2,42,0.7973244794537936,5.0,0.0,0.2
2,43,0.7922426592287047,5.0,0.0,0.2
2,44,0.0,15.0,0.0,0.0
2,45,0.09685155170660092,60.0,10.0,0.3
2,46,0.09689986975512281,60.0,10.0,0.3
2,47,0.0834643740844059,60.0,10.0,0.3
2,48,0.054867519518997876,60.0,10.0,0.3
2,49,0.08488211360090606,60.0,10.0,0.3
3,0,0.10663538136265288,50.0,50.0,0.4
3,1,0.0,15.0,0.0,0.0
3,2,0.12125110507735709,50.0,50.0,0.4
3,3,0.6667105386249101,5.0,0.0,1.0
3,4,0.788774682711291,5.0,0.0,0.2
3,5,0.7637621120620545,5.0,0.0,0.2
3,6,0.7927310287933493,5.0,0.0,0.2
3,7,0.1134005063630042,50.0,50.0,0.4
3,8,0.15655038149784326,50.0,50.0,0.4
3,9,0.1285684208236583,50.0,50.0,0.4
3,10,0.1980448695806193,50.0,50.0,0.4
3,11,0.19480819038117209,50.0,50.0,0.4
3,12,0.15152044237576573,50.0,50.0,0.4
3,13,0.7992273234038295,5.0,0.0,0.2
3,14,0.7604147638692906,5.0,0.0,0.2
3,15,0.7911009425745358,5.0,0.0,0.2
3,16,0.7592073681517386,5.0,0.0,0.2
3,17,0.7868885970395594,5.0,0.0,0.2
3,18,0.783638247035567,5.0,0.0,0.2
3,19,0.7530663631691777,5.0,0.0,0.2
3,20,0.7808491191639295,5.0,0.0,0.2
3,21,0.7936190327219464,5.0,0.0,0.2
3,22,0.7819444936844253,5.0,0.0,0.2
3,23,0.7624534237423811,5.0,0.0,0.2
3,24,0.7507044678034477,5.0,0.0,0.2
3,25,0.7779024738425743,5.0,0.0,0.2
3,26,0.7568666128784147,5.0,0.0,0.2
3,27,0.7684070466878303,5.0,0.0,0.2
3,28,0.7613814363863106,5.0,0.0,0.2
3,29,0.7958459943291708,5.0,0.0,0.2
3,30,0.758085961339389,5.0,0.0,0.2
3,31,0.7640362546516848,5.0,0.0,0.2
3,32,0.7871079148459316,5.0,0.0,0.2
3,33,0.758557132293835,5.0,0.0,0.2
3,34,0.789834495918819,5.0,0.0,0.2
3,35,0.7979853355159886,5.0,0.0,0.2
3,36,0.7575504056267439,5.0,0.0,0.2
3,37,0.7655931734595687,5.0,0.0,0.2
3,38,0.7839754269343499,5.0,0.0,0.2
3,39,0.7734784237863882,5.0,0.0,0.2
3,40,0.7555306258895792,5.0,0.0,0.2
3,41,0.7980271377558822,5.0,0.0,0.2
3,42,0.7842275403170251,5.0,0.0,0.2
3,43,0.7596957828819848,5.0,0.0,0.2
3,44,0.0,15.0,0.0,0.0
3,45,0.0920437855226301,60.0,10.0,0.3
3,46,0.07417144777562949,60.0,10.0,0.3
3,47,0.08502050873217487,60.0,10.0,0.3
3,48,0.07306276013082873,60.0,10.0,0.3
3,49,0.08533400417075657,60.0,10.0,0.3
4,0,0.12705195054407672,50.0,50.0,0.4
4,1,0.0,15.0,0.0,0.0
4,2,0.1014373159564423,50.0,50.0,0.4
4,3,0.655909237986786,5.0,0.0,1.0
4,4,0.7609918948246652,5.0,0.0,0.2
4,5,0.7753789143975958,5.0,0.0,0.2
4,6,0.7817334002480675,5.0,0.0,0.2
4,7,0.15676490878597166,50.0,50.0,0.4
4,8,0.1822589725291759,50.0,50.0,0.4
4,9,0.14167998820825295,50.0,50.0,0.4
4,10,0.17730015413979508,50.0,50.0,0.4
4,11,0.16255121259671662,50.0,50.0,0.4
4,12,0.15885405657901114,50.0,50.0,0.4
4,13,0.7521286365514994,5.0,0.0,0.2
4,14,0.7687693404541843,5.0,0.0,0.2
4,15,0.7776772552104205,5.0,0.0,0.2
4,16,0.7833198162192114,5.0,0.0,0.2
4,17,0.787415988870846,5.0,0.0,0.2
4,18,0.7515595572596092,5.0,0.0,0.2
4,19,0.7610822435957302,5.0,0.0,0.2
4,20,0.7720740198406657,5.0,0.0,0.2
4,21,0.7749942807608993,5.0,0.0,0.2
4,22,0.7801367610244787,5.0,0.0,0.2
4,23,0.7648207444458002,5.0,0.0,0.2
4,24,0.7701381742780604,5.0,0.0,0.2
4,25,0.7890847924584434,5.0,0.0,0.2
4,26,0.7956297768564945,5.0,0.0,0.2
4,27,0.7836352010217214,5.0,0.0,0.2
4,28,0.7948083665473161,5.0,0.0,0.2
4,29,0.7965855824443937,5.0,0.0,0.2
4,30,0.7535963731834474,5.0,0.0,0.2
4,31,0.7767895025546206,5.0,0.0,0.2
4,32,0.7793860799777451,5.0,0.0,0.2
4,33,0.794343355721293,5.0,0.0,0.2
4,34,0.77610562616752,5.0,0.0,0.2
4,35,0.7923746938180717,5.0,0.0,0.2
4,36,0.7511133908739838,5.0,0.0,0.2
4,37,0.7786854461772592,5.0,0.0,0.2
4,38,0.7889101478786447,5.0,0.0,0.2
4,39,0.7710948317050763,5.0,0.0,0.2
4,40,0.7978042723723031,5.0,0.0,0.2
4,41,0.7877486897755706,5.0,0.0,0.2
4,42,0.7778201252880619,5.0,0.0,0.2
4,43,0.0,15.0,0.0,0.0
4,44,0.7623160398016205,5.0,0.0,0.2
4,45,0.0916701393775689,60.0,10.0,0.3
4,46,0.08735758486389103,60.0,10.0,0.3
4,47,0.06476306075914925,60.0,10.0,0.3
4,48,0.05891627796294921,60.0,10.0,0.3
4,49,0.05396779731192842,60.0,10.0,0.3
5,0,0.18695804522092105,50.0,50.0,0.4
5,1,0.14919712028532778,50.0,50.0,0.4
5,2,0.0,15.0,0.0,0.0
5,3,0.6569564359990527,5.0,0.0,1.0
5,4,0.759397498461328,5.0,0.0,0.2
5,5,0.7696774344681723,5.0,0.0,0.2
5,6,0.7504796479881928,5.0,0.0,0.2
5,7,0.18085757787333295,50.0,50.0,0.4
5,8,0.1270237989218919,50.0,50.0,0.4
5,9,0.14426028094629909,50.0,50.0,0.4
5,10,0.1187409036451868,50.0,50.0,0.4
5,11,0.15152036908451175,50.0,50.0,0.4
5,12,0.1496229017335553,50.0,50.0,0.4
5,13,0.7766418069947878,5.0,0.0,0.2
5,14,0.7975280863184055,5.0,0.0,0.2
5,15,0.7706043233531056,5.0,0.0,0.2
5,16,0.7852212848378445,5.0,0.0,0.2
5,17,0.7946214536449162,5.0,0.0,0.2
5,18,0.7670757021375757,5.0,0.0,0.2
5,19,0.76065629232584,5.0,0.0,0.2
5,20,0.7601946815807252,5.0,0.0,0.2
5,21,0.7749518556123872,5.0,0.0,0.2
5,22,0.7788717460586694,5.0,0.0,0.2
5,23,0.7668908009196086,5.0,0.0,0.2
5,24,0.7528306033954101,5.0,0.0,0.2
5,25,0.7809333231782788,5.0,0.0,0.2
5,26,0.764788907432236,5.0,0.0,0.2
5,27,0.7793211669289561,5.0,0.0,0.2
5,28,0.7944337914800301,5.0,0.0,0.2
5,29,0.7699629151979974,5.0,0.0,0.2
5,30,0.787966829031424,5.0,0.0,0.2
5,31,0.786251461705187,5.0,0.0,0.2
5,32,0.7682221985228542,5.0,0.0,0.2
5,33,0.7726438685716449,5.0,0.0,0.2
5,34,0.7691728161325475,5.0,0.0,0.2
5,35,0.7687856937864631,5.0,0.0,0.2
5,36,0.7736728917058884,5.0,0.0,0.2
5,37,0.7959597212261881,5.0,0.0,0.2
5,38,0.7540249507988429,5.0,0.0,0.2
5,39,0.7768890571472836,5.0,0.0,0.2
5,40,0.7669783652403043,5.0,0.0,0.2
5,41,0.7978725053053335,5.0,0.0,0.2
5,42,0.0,15.0,0.0,0.0
5,43,0.7502153172827796,5.0,0.0,0.2
5,44,0.7732661234748823,5.0,0.0,0.2
5,45,0.09829597500804922,60.0,10.0,0.3
5,46,0.07149464685443374,60.0,10.0,0.3
5,47,0.09569308020895441,60.0,10.0,0.3
5,48,0.06902982418557946,60.0,10.0,0.3
5,49,0.09837298071409915,60.0,10.0,0.3
6,0,0.17270599764211275,50.0,50.0,0.4
6,1,0.13583930030901836,50.0,50.0,0.4
6,2,0.0,15.0,0.0,0.0
6,3,0.6804656076232318,5.0,0.0,1.0
6,4,0.7618872032536745,5.0,0.0,0.2
6,5,0.7514931809146649,5.0,0.0,0.2
6,6,0.7691271967047344,5.0,0.0,0.2
6,7,0.10267018549599306,50.0,50.0,0.4
6,8,0.19117217763062885,50.0,50.0,0.4
6,9,0.18318772637423564,50.0,50.0,0.4
6,10,0.1337049382512447,50.0,50.0,0.4
6,11,0.13359011581505717,50.0,50.0,0.4
6,12,0.18386220050914767,50.0,50.0,0.4
6,13,0.7822473750994726,5.0,0.0,0.2
6,14,0.7534611748538601,5.0,0.0,0.2
6,15,0.7634194113946747,5.0,0.0,0.2
6,16,0.7840456122620425,5.0,0.0,0.2
6,17,0.7872601785328637,5.0,0.0,0.2
6,18,0.78114555487351,5.0,0.0,0.2
6,19,0.7665086536534103,5.0,0.0,0.2
6,20,0.7569065960834298,5.0,0.0,0.2
6,21,0.7738183129910527,5.0,0.0,0.2
6,22,0.7766718230139436,5.0,0.0,0.2
6,23,0.7613917363013615,5.0,0.0,0.2
6,24,0.7602722070372235,5.0,0.0,0.2
6,25,0.758001369348889,5.0,0.0,0.2
6,26,0.7809732465564989,5.0,0.0,0.2
6,27,0.7503525873202039,5.0,0.0,0.2
6,28,0.7596660503732693,5.0,0.0,0.2
6,29,0.7856658063738458,5.0,0.0,0.2
6,30,0.7927227383281952,5.0,0.0,0.2
6,31,0.7956751951466771,5.0,0.0,0.2
6,32,0.7874010775808704,5.0,0.0,0.2
6,33,0.7883103655333389,5.0,0.0,0.2
6,34,0.7824254603799017,5.0,0.0,0.2
6,35,0.7944653199325915,5.0,0.0,0.2
6,36,0.7699694311173833,5.0,0.0,0.2
6,37,0.782796529269531,5.0,0.0,0.2
6,38,0.7884685597494285,5.0,0.0,0.2
6,39,0.7500689704306033,5.0,0.0,0.2
6,40,0.7956752147029289,5.0,0.0,0.2
6,41,0.0,15.0,0.0,0.0
6,42,0.7998330047788058,5.0,0.0,0.2
6,43,0.7729435741680968,5.0,0.0,0.2
6,44,0.7718506053595336,5.0,0.0,0.2
6,45,0.0621493337595577,60.0,10.0,0.3
6,46,0.09695704966431495,60.0,10.0,0.3
6,47,0.09480007519675201,60.0,10.0,0.3
6,48,0.09800785715611832,60.0,10.0,0.3
6,49,0.08789482992664634,60.0,10.0,0.3
7,0,0.15029551308634315,50.0,50.0,0.4
7,1,0.18457979158482854,50.0,50.0,0.4
7,2,0.0,15.0,0.0,0.0
7,3,0.6837636852791871,5.0,0.0,1.0
7,4,0.7763764758749618,5.0,0.0,0.2
7,5,0.7568742188626233,5.0,0.0,0.2
7,6,0.780627765424111,5.0,0.0,0.2
7,7,0.17713848359101428,50.0,50.0,0.4
7,8,0.15152627428065235,50.0,50.0,0.4
7,9,0.16975401217773414,50.0,50.0,0.4
7,10,0.18596432785583464,50.0,50.0,0.4
7,11,0.18353588957106245,50.0,50.0,0.4
7,12,0.19672406900803951,50.0,50.0,0.4
7,13,0.7912201398205704,5.0,0.0,0.2
7,14,0.7862715551700421,5.0,0.0,0.2
7,15,0.7622340242607248,5.0,0.0,0.2
7,16,0.7697453996689532,5.0,0.0,0.2
7,17,0.7719879647899001,5.0,0.0,0.2
7,18,0.7518061383482407,5.0,0.0,0.2
7,19,0.787324312315512,5.0,0.0,0.2
7,20,0.7828435795085441,5.0,0.0,0.2
7,21,0.7545039187369559,5.0,0.0,0.2
7,22,0.7537438568678798,5.0,0.0,0.2
7,23,0.7675814583181992,5.0,0.0,0.2
7,24,0.7571037604734783,5.0,0.0,0.2
7,25,0.7942228185646742,5.0,0.0,0.2
7,26,0.7988554468711128,5.0,0.0,0.2
7,27,0.7524685234049429,5.0,0.0,0.2
7,28,0.7526487166864728,5.0,0.0,0.2
7,29,0.7866339107182896,5.0,0.0,0.2
7,30,0.7677316474770355,5.0,0.0,0.2
7,31,0.7789379365355824,5.0,0.0,0.2
7,32,0.7770757050022085,5.0,0.0,0.2
7,33,0.7738964707567545,5.0,0.0,0.2
7,34,0.7720429185418956,5.0,0.0,0.2
7,35,0.7639760844755974,5.0,0.0,0.2
7,36,0.7619613922901386,5.0,0.0,0.2
7,37,0.7957244798532062,5.0,0.0,0.2
7,38,0.791858523377233,5.0,0.0,0.2
7,39,0.7703451705606739,5.0,0.0,0.2
7,40,0.0,15.0,0.0,0.0
7,41,0.7564212073773968,5.0,0.0,0.2
7,42,0.7926431195366991,5.0,0.0,0.2
7,43,0.7754028506752185,5.0,0.0,0.2
7,44,0.7941299282960341,5.0,0.0,0.2
7,45,0.09395546276881336,60.0,10.0,0.3
7,46,0.057306806069771635,60.0,10.0,0.3
7,47,0.08007710824457433,60.0,10.0,0.3
7,48,0.06703971544668313,60.0,10.0,0.3
7,49,0.0964642811486208,60.0,10.0,0.3
8,0,0.14887285881828521,50.0,50.0,0.4
8,1,0.11398232708698955,50.0,50.0,0.4
8,2,0.7925982753672931,5.0,0.0,0.2
8,3,0.0,15.0,0.0,0.0
8,4,0.6689606633116942,5.0,0.0,1.0
8,5,0.6705679284600228,5.0,0.0,1.0
8,6,0.7945296174809265,5.0,0.0,0.2
8,7,0.0,10.0,0.0,0.0
8,8,0.0,10.0,0.0,0.0
8,9,0.17084565382292277,50.0,50.0,0.4
8,10,0.1779496201358767,50.0,50.0,0.4
8,11,0.1303249070118349,50.0,50.0,0.4
8,12,0.16785682115617087,50.0,50.0,0.4
8,13,0.7613722239522287,5.0,0.0,0.2
8,14,0.7769231220856362,5.0,0.0,0.2
8,15,0.7903405670831062,5.0,0.0,0.2
8,16,0.7518954314580045,5.0,0.0,0.2
8,17,0.7749027645168487,5.0,0.0,0.2
8,18,0.7899177295413893,5.0,0.0,0.2
8,19,0.7562192963312553,5.0,0.0,0.2
8,20,0.7732046343883706,5.0,0.0,0.2
8,21,0.7711336649524678,5.0,0.0,0.2
8,22,0.7796758810045157,5.0,0.0,0.2
8,23,0.7700592655610529,5.0,0.0,0.2
8,24,0.7516445254000381,5.0,0.0,0.2
8,25,0.7939977218409983,5.0,0.0,0.2
8,26,0.7877964558173162,5.0,0.0,0.2
8,27,0.7903582583736738,5.0,0.0,0.2
8,28,0.7880352191631289,5.0,0.0,0.2
8,29,0.7624032371773084,5.0,0.0,0.2
8,30,0.7769130248831891,5.0,0.0,0.2
8,31,0.7674136322181844,5.0,0.0,0.2
8,32,0.7598857981223658,5.0,0.0,0.2
8,33,0.775893129162988,5.0,0.0,0.2
8,34,0.7530188064544109,5.0,0.0,0.2
8,35,0.7638799524729342,5.0,0.0,0.2
8,36,0.7635278782418292,5.0,0.0,0.2
8,37,0.7850413784207441,5.0,0.0,0.2
8,38,0.7682819053856673,5.0,0.0,0.2
8,39,0.0,15.0,0.0,0.0
8,40,0.7565032140247969,5.0,0.0,0.2
8,41,0.753574638779048,5.0,0.0,0.2
8,42,0.06251344417215189,60.0,10.0,0.3
8,43,0.06311983643902615,60.0,10.0,0.3
8,44,0.08416456717855605,60.0,10.0,0.3
8,45,0.05202466768321969,60.0,10.0,0.3
8,46,0.0516223286211752,60.0,10.0,0.3
8,47,0.07867508978987875,60.0,10.0,0.3
8,48,0.0863212455872018,60.0,10.0,0.3
8,49,0.06605294805139604,60.0,10.0,0.3
9,0,0.1789970177938874,50.0,50.0,0.4
9,1,0.10535195739544384,50.0,50.0,0.4
9,2,0.7662557821746055,5.0,0.0,0.2
9,3,0.7940887107865148,5.0,0.0,0.2
9,4,0.0,15.0,0.0,0.0
9,5,0.6590072421923913,5.0,0.0,1.0
9,6,0.7880151131734161,5.0,0.0,0.2
9,7,0.17943164199199407,50.0,50.0,0.4
9,8,0.16768423096561313,50.0,50.0,0.4
9,9,0.0,10.0,0.0,0.0
9,10,0.0,10.0,0.0,0.0
9,11,0.10262403546821443,50.0,50.0,0.4
9,12,0.17086890566914015,50.0,50.0,0.4
9,13,0.1665763029103415,50.0,50.0,0.4
9,14,0.1817517757472524,50.0,50.0,0.4
9,15,0.1202020593271127,50.0,50.0,0.4
9,16,0.19151648445550482,50.0,50.0,0.4
9,17,0.7623289501979951,5.0,0.0,0.2
9,18,0.12175941859671169,50.0,50.0,0.4
9,19,0.15388016595916965,50.0,50.0,0.4
9,20,0.18428543493069793,50.0,50.0,0.4
9,21,0.17002388049742423,50.0,50.0,0.4
9,22,0.1613736070022198,50.0,50.0,0.4
9,23,0.7719450004871936,5.0,0.0,0.2
9,24,0.7718306609440492,5.0,0.0,0.2
9,25,0.7871544541397156,5.0,0.0,0.2
9,26,0.7880175341069845,5.0,0.0,0.2
9,27,0.7903615421806507,5.0,0.0,0.2
9,28,0.7833179000473873,5.0,0.0,0.2
9,29,0.7748296548536027,5.0,0.0,0.2
9,30,0.7597936955948562,5.0,0.0,0.2
9,31,0.7916658781427733,5.0,0.0,0.2
9,32,0.7501774691324352,5.0,0.0,0.2
9,33,0.7599699145305152,5.0,0.0,0.2
9,34,0.7780853256378367,5.0,0.0,0.2
9,35,0.7843179539603352,5.0,0.0,0.2
9,36,0.7891812834537884,5.0,0.0,0.2
9,37,0.0,15.0,0.0,0.0
9,38,0.0,15.0,0.0,0.0
9,39,0.767070175300766,5.0,0.0,0.2
9,40,0.7510179547263155,5.0,0.0,0.2
9,41,0.08886305170793649,60.0,10.0,0.3
9,42,0.08388761943674314,60.0,10.0,0.3
9,43,0.06497998405440401,60.0,10.0,0.3
9,44,0.05469550001627216,60.0,10.0,0.3
9,45,0.05227581147886118,60.0,10.0,0.3
9,46,0.7871947787230454,5.0,0.0,0.2
9,47,0.7503582236792298,5.0,0.0,0.2
9,48,0.7861494473162884,5.0,0.0,0.2
9,49,0.7544251888395012,5.0,0.0,0.2
10,0,0.18215539735772332,50.0,50.0,0.4
10,1,0.12889352704286372,50.0,50.0,0.4
10,2,0.7770828804394361,5.0,0.0,0.2
10,3,0.7937850765194668,5.0,0.0,0.2
10,4,0.0,15.0,0.0,0.0
10,5,0.6821132418601732,5.0,0.0,1.0
10,6,0.7615118361400764,5.0,0.0,0.2
10,7,0.1648944172929921,50.0,50.0,0.4
10,8,0.17231961487820927,50.0,50.0,0.4
10,9,0.18083027499406013,50.0,50.0,0.4
10,10,0.1994588340561222,50.0,50.0,0.4
10,11,0.0,10.0,0.0,0.0
10,12,0.16081494191274784,50.0,50.0,0.4
10,13,0.1759948668839181,50.0,50.0,0.4
10,14,0.15732135450942064,50.0,50.0,0.4
10,15,0.189817372121984,50.0,50.0,0.4
10,16,0.19803781283234317,50.0,50.0,0.4
10,17,0.1323646147154034,50.0,50.0,0.4
10,18,0.15219741714262536,50.0,50.0,0.4
10,19,0.15377896700084037,50.0,50.0,0.4
10,20,0.12996514316376373,50.0,50.0,0.4
10,21,0.1209889926811535,50.0,50.0,0.4
10,22,0.1687889352209641,50.0,50.0,0.4
10,23,0.776125662520028,5.0,0.0,0.2
10,24,0.750804623899095,5.0,0.0,0.2
10,25,0.7622056302388579,5.0,0.0,0.2
10,26,0.7832334439599126,5.0,0.0,0.2
10,27,0.7829499727641644,5.0,0.0,0.2
10,28,0.7518271880970813,5.0,0.0,0.2
10,29,0.7773923264171397,5.0,0.0,0.2
10,30,0.0,15.0,0.0,0.0
10,31,0.0,15.0,0.0,0.0
10,32,0.0,15.0,0.0,0.0
10,33,0.0,15.0,0.0,0.0
10,34,0.0,15.0,0.0,0.0
10,35,0.0,15.0,0.0,0.0
10,36,0.0,15.0,0.0,0.0
10,37,0.754089362645912,5.0,0.0,0.2
10,38,0.7731426806420382,5.0,0.0,0.2
10,39,0.7821940454308152,5.0,0.0,0.2
10,40,0.086800888258896,60.0,10.0,0.3
10,41,0.08741012338629363,60.0,10.0,0.3
10,42,0.08550879167122102,60.0,10.0,0.3
10,43,0.06289203152650838,60.0,10.0,0.3
10,44,0.09458375033521342,60.0,10.0,0.3
10,45,0.060911282257942956,60.0,10.0,0.3
10,46,0.05011267289653798,60.0,10.0,0.3
10,47,0.7624180003949218,5.0,0.0,0.2
10,48,0.7912032752403652,5.0,0.0,0.2
10,49,0.7790364280056044,5.0,0.0,0.2
11,0,0.14124909585453999,50.0,50.0,0.4
11,1,0.11612120050572755,50.0,50.0,0.4
11,2,0.7508192554019942,5.0,0.0,0.2
11,3,0.770747768969397,5.0,0.0,0.2
11,4,0.7645018086937919,5.0,0.0,0.2
11,5,0.0,15.0,0.0,0.0
11,6,0.7900916706332439,5.0,0.0,0.2
11,7,0.11013132902058125,50.0,50.0,0.4
11,8,0.1733582385280652,50.0,50.0,0.4
11,9,0.15674659999877813,50.0,50.0,0.4
11,10,0.1281324329120868,50.0,50.0,0.4
11,11,0.13631783799763106,50.0,50.0,0.4
11,12,0.0,10.0,0.0,0.0
11,13,0.1910115687962946,50.0,50.0,0.4
11,14,0.12934822410035063,50.0,50.0,0.4
11,15,0.12465745192351091,50.0,50.0,0.4
11,16,0.17645453843221412,50.0,50.0,0.4
11,17,0.13015929703851964,50.0,50.0,0.4
11,18,0.15904632718528117,50.0,50.0,0.4
11,19,0.12418194900856705,50.0,50.0,0.4
11,20,0.11804206718858674,50.0,50.0,0.4
11,21,0.14474095363729003,50.0,50.0,0.4
11,22,0.14505082723423213,50.0,50.0,0.4
11,23,0.7924254663483572,5.0,0.0,0.2
11,24,0.7580565271116285,5.0,0.0,0.2
11,25,0.7873647013193082,5.0,0.0,0.2
11,26,0.7772418782862709,5.0,0.0,0.2
11,27,0.7884868020811048,5.0,0.0,0.2
11,28,0.7959655073156474,5.0,0.0,0.2
11,29,0.0,15.0,0.0,0.0
11,30,0.7588704659009996,5.0,0.0,0.2
11,31,0.7621654211079923,5.0,0.0,0.2
11,32,0.7612429076684774,5.0,0.0,0.2
11,33,0.7760903443392668,5.0,0.0,0.2
11,34,0.7790486753252635,5.0,0.0,0.2
11,35,0.7692713123161552,5.0,0.0,0.2
11,36,0.7895128583348788,5.0,0.0,0.2
11,37,0.7741572409368482,5.0,0.0,0.2
11,38,0.07169805462568175,60.0,10.0,0.3
11,39,0.08302267893111145,60.0,10.0,0.3
11,40,0.058325087994709514,60.0,10.0,0.3
11,41,0.07636903833564462,60.0,10.0,0.3
11,42,0.08565198361505102,60.0,10.0,0.3
11,43,0.07288132774517611,60.0,10.0,0.3
11,44,0.0686589360548976,60.0,10.0,0.3
11,45,0.0822105433947996,60.0,10.0,0.3
11,46,0.09351326140300663,60.0,10.0,0.3
11,47,0.7551523715856527,5.0,0.0,0.2
11,48,0.7752836975676338,5.0,0.0,0.2
11,49,0.7627069497069988,5.0,0.0,0.2
12,0,0.15584282663566765,50.0,50.0,0.4
12,1,0.13977064303193965,50.0,50.0,0.4
12,2,0.11436596812167782,50.0,50.0,0.4
12,3,0.12505024490554154,50.0,50.0,0.4
12,4,0.16177842292018463,50.0,50.0,0.4
12,5,0.7780845772823027,5.0,0.0,0.2
12,6,0.0,15.0,0.0,0.0
12,7,0.11427834985037717,50.0,50.0,0.4
12,8,0.19176646653992202,50.0,50.0,0.4
12,9,0.10118045307514087,50.0,50.0,0.4
12,10,0.1663103970393632,50.0,50.0,0.4
12,11,0.15079094967969933,50.0,50.0,0.4
12,12,0.16451288647415008,50.0,50.0,0.4
12,13,0.0,10.0,0.0,0.0
12,14,0.1617586509832316,50.0,50.0,0.4
12,15,0.11877700373390584,50.0,50.0,0.4
12,16,0.17800171258640188,50.0,50.0,0.4
12,17,0.13368098066821,50.0,50.0,0.4
12,18,0.1613846198126806,50.0,50.0,0.4
12,19,0.7663005183918167,5.0,0.0,0.2
12,20,0.18145607349077392,50.0,50.0,0.4
12,21,0.18055113841895237,50.0,50.0,0.4
12,22,0.10410286021581694,50.0,50.0,0.4
12,23,0.7949450876929596,5.0,0.0,0.2
12,24,0.7828203955717764,5.0,0.0,0.2
12,25,0.7790068129952513,5.0,0.0,0.2
12,26,0.0,15.0,0.0,0.0
12,27,0.0,15.0,0.0,0.0
12,28,0.0,15.0,0.0,0.0
12,29,0.7981821896056871,5.0,0.0,0.2
12,30,0.7944327024145459,5.0,0.0,0.2
12,31,0.7891979580699983,5.0,0.0,0.2
12,32,0.7763695039369358,5.0,0.0,0.2
12,33,0.7867984440238124,5.0,0.0,0.2
12,34,0.7888907662942056,5.0,0.0,0.2
12,35,0.7522375911923942,5.0,0.0,0.2
12,36,0.7664771246666375,5.0,0.0,0.2
12,37,0.7868527496982082,5.0,0.0,0.2
12,38,0.7970284894822501,5.0,0.0,0.2
12,39,0.7776308419878909,5.0,0.0,0.2
12,40,0.7531799552277076,5.0,0.0,0.2
12,41,0.786434840797452,5.0,0.0,0.2
12,42,0.7928268441159506,5.0,0.0,0.2
12,43,0.7905463348153384,5.0,0.0,0.2
12,44,0.7620973035531124,5.0,0.0,0.2
12,45,0.797347917809215,5.0,0.0,0.2
12,46,0.7759962014730785,5.0,0.0,0.2
12,47,0.764425542604999,5.0,0.0,0.2
12,48,0.7537623906682195,5.0,0.0,0.2
12,49,0.7599546280367064,5.0,0.0,0.2
13,0,0.1335230589630262,50.0,50.0,0.4
13,1,0.1211085409939667,50.0,50.0,0.4
13,2,0.18467410960551128,50.0,50.0,0.4
13,3,0.13403865912801646,50.0,50.0,0.4
13,4,0.15336474508573533,50.0,50.0,0.4
13,5,0.7624383271615699,5.0,0.0,0.2
13,6,0.0,15.0,0.0,0.0
13,7,0.14553433050870124,50.0,50.0,0.4
13,8,0.17939541927925948,50.0,50.0,0.4
13,9,0.1646565843385713,50.0,50.0,0.4
13,10,0.19451760439770743,50.0,50.0,0.4
13,11,0.19384865660583372,50.0,50.0,0.4
13,12,0.18564640346947434,50.0,50.0,0.4
13,13,0.1654336512485938,50.0,50.0,0.4
13,14,0.0,10.0,0.0,0.0
13,15,0.15842426234983442,50.0,50.0,0.4
13,16,0.15274705945444936,50.0,50.0,0.4
13,17,0.15854895741083633,50.0,50.0,0.4
13,18,0.11131057315364339,50.0,50.0,0.4
13,19,0.1568555967854815,50.0,50.0,0.4
13,20,0.7862527262763758,5.0,0.0,0.2
13,21,0.1484406841841454,50.0,50.0,0.4
13,22,0.0,15.0,0.0,0.0
13,23,0.0,15.0,0.0,0.0
13,24,0.0,15.0,0.0,0.0
13,25,0.0,15.0,0.0,0.0
13,26,0.7781171060646515,5.0,0.0,0.2
13,27,0.7826424808767133,5.0,0.0,0.2
13,28,0.7718994514594898,5.0,0.0,0.2
13,29,0.7678073303004062,5.0,0.0,0.2
13,30,0.7560388874876252,5.0,0.0,0.2
13,31,0.7796929643083761,5.0,0.0,0.2
13,32,0.7899126556599968,5.0,0.0,0.2
13,33,0.7751034952561888,5.0,0.0,0.2
13,34,0.751788603222892,5.0,0.0,0.2
13,35,0.7887049416778755,5.0,0.0,0.2
13,36,0.0,10.0,0.0,0.0
13,37,0.0,10.0,0.0,0.0
13,38,0.0,10.0,0.0,0.0
13,39,0.0,10.0,0.0,0.0
13,40,0.0,10.0,0.0,0.0
13,41,0.0,10.0,0.0,0.0
13,42,0.7795853671920593,5.0,0.0,0.2
13,43,0.7983009509326614,5.0,0.0,0.2
13,44,0.77674275238731,5.0,0.0,0.2
13,45,0.7641397328106285,5.0,0.0,0.2
13,46,0.7753187962721808,5.0,0.0,0.2
13,47,0.7651008448428369,5.0,0.0,0.2
13,48,0.7856256109581384,5.0,0.0,0.2
13,49,0.7580204703049053,5.0,0.0,0.2
14,0,0.14161648909001587,50.0,50.0,0.4
14,1,0.1606453954303095,50.0,50.0,0.4
14,2,0.18245191337498856,50.0,50.0,0.4
14,3,0.18446135114907683,50.0,50.0,0.4
14,4,0.17032771932468158,50.0,50.0,0.4
14,5,0.7566645971379801,5.0,0.0,0.2
14,6,0.0,15.0,0.0,0.0
14,7,0.0,10.0,0.0,0.0
14,8,0.19233698116694442,50.0,50.0,0.4
14,9,0.19651997426586335,50.0,50.0,0.4
14,10,0.13298614334516679,50.0,50.0,0.4
14,11,0.11019030296387633,50.0,50.0,0.4
14,12,0.14734494615091506,50.0,50.0,0.4
14,13,0.13292368832136403,50.0,50.0,0.4
14,14,0.1946128151868633,50.0,50.0,0.4
14,15,0.0,10.0,0.0,0.0
14,16,0.1471839509992319,50.0,50.0,0.4
14,17,0.15038446716312676,50.0,50.0,0.4
14,18,0.13954396863008725,50.0,50.0,0.4
14,19,0.16680076063812155,50.0,50.0,0.4
14,20,0.7924636448135033,5.0,0.0,0.2
14,21,0.0,15.0,0.0,0.0
14,22,0.761810841450801,5.0,0.0,0.2
14,23,0.7937035361610012,5.0,0.0,0.2
14,24,0.7521598450501622,5.0,0.0,0.2
14,25,0.7769236395603945,5.0,0.0,0.2
14,26,0.7916563377117042,5.0,0.0,0.2
14,27,0.7772908388371995,5.0,0.0,0.2
14,28,0.7523435704184036,5.0,0.0,0.2
14,29,0.7764165070467215,5.0,0.0,0.2
14,30,0.7728348569547043,5.0,0.0,0.2
14,31,0.7854279124673288,5.0,0.0,0.2
14,32,0.7895542036238523,5.0,0.0,0.2
14,33,0.7567586039053866,5.0,0.0,0.2
14,34,0.0,10.0,0.0,0.0
14,35,0.6633234560058161,5.0,0.0,1.0
14,36,0.6678563078839793,5.0,0.0,1.0
14,37,0.6569398555286226,5.0,0.0,1.0
14,38,0.6817453031883782,5.0,0.0,1.0
14,39,0.6559087663155811,5.0,0.0,1.0
14,40,0.6630043817138,5.0,0.0,1.0
14,41,0.6682182456247762,5.0,0.0,1.0
14,42,0.0,10.0,0.0,0.0
14,43,0.7830304209859015,5.0,0.0,0.2
14,44,0.7517609578831758,5.0,0.0,0.2
14,45,0.758238700024558,5.0,0.0,0.2
14,46,0.7971109417864232,5.0,0.0,0.2
14,47,0.7861715585496448,5.0,0.0,0.2
14,48,0.7541189284791353,5.0,0.0,0.2
14,49,0.7563627166327,5.0,0.0,0.2
15,0,0.10444300296606038,50.0,50.0,0.4
15,1,0.141271306098686,50.0,50.0,0.4
15,2,0.13442221326500103,50.0,50.0,0.4
15,3,0.17141344428356936,50.0,50.0,0.4
15,4,0.1769698924834069,50.0,50.0,0.4
15,5,0.7973213368408308,5.0,0.0,0.2
15,6,0.0,15.0,0.0,0.0
15,7,0.10691134496180721,50.0,50.0,0.4
15,8,0.0,10.0,0.0,0.0
15,9,0.14204603929165538,50.0,50.0,0.4
15,10,0.1481961936133814,50.0,50.0,0.4
15,11,0.1040916043266054,50.0,50.0,0.4
15,12,0.1877772798253487,50.0,50.0,0.4
15,13,0.11037638177182445,50.0,50.0,0.4
15,14,0.16178912679194496,50.0,50.0,0.4
15,15,0.1971990867406367,50.0,50.0,0.4
15,16,0.0,10.0,0.0,0.0
15,17,0.13038643816559006,50.0,50.0,0.4
15,18,0.16089998314377357,50.0,50.0,0.4
15,19,0.0,15.0,0.0,0.0
15,20,0.0,15.0,0.0,0.0
15,21,0.7648020013302513,5.0,0.0,0.2
15,22,0.763525006548623,5.0,0.0,0.2
15,23,0.7979366695583499,5.0,0.0,0.2
15,24,0.7547970633714074,5.0,0.0,0.2
15,25,0.776722153694793,5.0,0.0,0.2
15,26,0.7549151411899233,5.0,0.0,0.2
15,27,0.7656142838684418,5.0,0.0,0.2
15,28,0.766990569504731,5.0,0.0,0.2
15,29,0.7933948907588461,5.0,0.0,0.2
15,30,0.7791913184977458,5.0,0.0,0.2
15,31,0.7538604745541342,5.0,0.0,0.2
15,32,0.7556897001886647,5.0,0.0,0.2
15,33,0.0,10.0,0.0,0.0
15,34,0.6669078871879917,5.0,0.0,1.0
15,35,0.6823844312117395,5.0,0.0,1.0
15,36,0.6511878671892196,5.0,0.0,1.0
15,37,0.6653661014506257,5.0,0.0,1.0
15,38,0.6898874121398652,5.0,0.0,1.0
15,39,0.6962161442043433,5.0,0.0,1.0
15,40,0.6932224784824895,5.0,0.0,1.0
15,41,0.6982129197040132,5.0,0.0,1.0
15,42,0.7640591221541537,5.0,0.0,0.2
15,43,0.0,10.0,0.0,0.0
15,44,0.0,10.0,0.0,0.0
15,45,0.0,10.0,0.0,0.0
15,46,0.0,10.0,0.0,0.0
15,47,0.0,10.0,0.0,0.0
15,48,0.7780403407349422,5.0,0.0,0.2
15,49,0.783133101773639,5.0,0.0,0.2
16,0,0.10598860869668651,50.0,50.0,0.4
16,1,0.13951127015391326,50.0,50.0,0.4
16,2,0.14620910357479325,50.0,50.0,0.4
16,3,0.14989771958788906,50.0,50.0,0.4
16,4,0.1526856034090675,50.0,50.0,0.4
16,5,0.7608725998980344,5.0,0.0,0.2
16,6,0.0,15.0,0.0,0.0
16,7,0.149999241727413,50.0,50.0,0.4
16,8,0.133250792912927,50.0,50.0,0.4
16,9,0.0,10.0,0.0,0.0
16,10,0.16080641481385213,50.0,50.0,0.4
16,11,0.18873958579192757,50.0,50.0,0.4
16,12,0.10336582858049903,50.0,50.0,0.4
16,13,0.19883473428185228,50.0,50.0,0.4
16,14,0.14199231014874583,50.0,50.0,0.4
16,15,0.17232814095743457,50.0,50.0,0.4
16,16,0.13887907063953908,50.0,50.0,0.4
16,17,0.0,10.0,0.0,0.0
16,18,0.0,15.0,0.0,0.0
16,19,0.7548947554927037,5.0,0.0,0.2
16,20,0.7957199329405794,5.0,0.0,0.2
16,21,0.7768633469857502,5.0,0.0,0.2
16,22,0.7643240442497383,5.0,0.0,0.2
16,23,0.7656212166216871,5.0,0.0,0.2
16,24,0.7812497345599458,5.0,0.0,0.2
16,25,0.7715897499758007,5.0,0.0,0.2
16,26,0.7612614075943587,5.0,0.0,0.2
16,27,0.7644122023708271,5.0,0.0,0.2
16,28,0.7829634975965067,5.0,0.0,0.2
16,29,0.7549894109513384,5.0,0.0,0.2
16,30,0.7533844108092476,5.0,0.0,0.2
16,31,0.0,10.0,0.0,0.0
16,32,0.0,10.0,0.0,0.0
16,33,0.6962007935439685,5.0,0.0,1.0
16,34,0.6650874681877273,5.0,0.0,1.0
16,35,0.6746447631547948,5.0,0.0,1.0
16,36,0.6647816686305359,5.0,0.0,1.0
16,37,0.6803446595364974,5.0,0.0,1.0
16,38,0.6644955615088083,5.0,0.0,1.0
16,39,0.6524474767353924,5.0,0.0,1.0
16,40,0.6704738444359973,5.0,0.0,1.0
16,41,0.6701351968540226,5.0,0.0,1.0
16,42,0.796505592193904,5.0,0.0,0.2
16,43,0.7525813991752912,5.0,0.0,0.2
16,44,0.7554093960032465,5.0,0.0,0.2
16,45,0.7626116509902039,5.0,0.0,0.2
16,46,0.7657759774035113,5.0,0.0,0.2
16,47,0.7588877373850746,5.0,0.0,0.2
16,48,0.0,10.0,0.0,0.0
16,49,0.7652705531010061,5.0,0.0,0.2
17,0,0.13835348629129063,50.0,50.0,0.4
17,1,0.1430507996880014,50.0,50.0,0.4
17,2,0.1355612554634611,50.0,50.0,0.4
17,3,0.10118621966863683,50.0,50.0,0.4
17,4,0.18351744954275412,50.0,50.0,0.4
17,5,0.7854056181478839,5.0,0.0,0.2
17,6,0.0,15.0,0.0,0.0
17,7,0.14901700717970381,50.0,50.0,0.4
17,8,0.1291692535271856,50.0,50.0,0.4
17,9,0.18571627208386565,50.0,50.0,0.4
17,10,0.0,10.0,0.0,0.0
17,11,0.18979989152332818,50.0,50.0,0.4
17,12,0.16424342918310048,50.0,50.0,0.4
17,13,0.15616954727461696,50.0,50.0,0.4
17,14,0.19381106400644524,50.0,50.0,0.4
17,15,0.17294120927008766,50.0,50.0,0.4
17,16,0.0,15.0,0.0,0.0
17,17,0.0,15.0,0.0,0.0
17,18,0.7914284110280196,5.0,0.0,0.2
17,19,0.7766713965339823,5.0,0.0,0.2
17,20,0.7570373141523835,5.0,0.0,0.2
17,21,0.7925343230118764,5.0,0.0,0.2
17,22,0.7784019154149846,5.0,0.0,0.2
17,23,0.7711994411583482,5.0,0.0,0.2
17,24,0.7767698521096909,5.0,0.0,0.2
17,25,0.7853560060622017,5.0,0.0,0.2
17,26,0.7883323412641378,5.0,0.0,0.2
17,27,0.7862035861670009,5.0,0.0,0.2
17,28,0.0,10.0,0.0,0.0
17,29,0.0,10.0,0.0,0.0
17,30,0.0,10.0,0.0,0.0
17,31,0.6515081397185913,5.0,0.0,1.0
17,32,0.697113390660344,5.0,0.0,1.0
17,33,0.674371420712554,5.0,0.0,1.0
17,34,0.6801246140436182,5.0,0.0,1.0
17,35,0.6509580983781764,5.0,0.0,1.0
17,36,0.6780090026426898,5.0,0.0,1.0
17,37,0.6931920900309382,5.0,0.0,1.0
17,38,0.6786102373689847,5.0,0.0,1.0
17,39,0.650312279512088,5.0,0.0,1.0
17,40,0.6618851295358708,5.0,0.0,1.0
17,41,0.6749084209640063,5.0,0.0,1.0
17,42,0.7848633414576021,5.0,0.0,0.2
17,43,0.7557373845088371,5.0,0.0,0.2
17,44,0.7625454376056076,5.0,0.0,0.2
17,45,0.790883087843337,5.0,0.0,0.2
17,46,0.77945402494098,5.0,0.0,0.2
17,47,0.7918562815019761,5.0,0.0,0.2
17,48,0.7826160047904546,5.0,0.0,0.2
17,49,0.0,10.0,0.0,0.0
18,0,0.19862745714996466,50.0,50.0,0.4
18,1,0.18817052681065705,50.0,50.0,0.4
18,2,0.1762431866835048,50.0,50.0,0.4
18,3,0.1981858238608765,50.0,50.0,0.4
18,4,0.12744294886820423,50.0,50.0,0.4
18,5,0.7811644454717983,5.0,0.0,0.2
18,6,0.0,15.0,0.0,0.0
18,7,0.1810620476601349,50.0,50.0,0.4
18,8,0.1331935694935656,50.0,50.0,0.4
18,9,0.11661493891952912,50.0,50.0,0.4
18,10,0.14229440398139045,50.0,50.0,0.4
18,11,0.0,10.0,0.0,0.0
18,12,0.17169930438093586,50.0,50.0,0.4
18,13,0.10333704478083645,50.0,50.0,0.4
18,14,0.18860686772183963,50.0,50.0,0.4
18,15,0.0,15.0,0.0,0.0
18,16,0.15602090106363511,50.0,50.0,0.4
18,17,0.14486473220807736,50.0,50.0,0.4
18,18,0.11407844578259589,50.0,50.0,0.4
18,19,0.06209416148217402,60.0,10.0,0.3
18,20,0.09249897655452191,60.0,10.0,0.3
18,21,0.7672734034743192,5.0,0.0,0.2
18,22,0.7860167569406655,5.0,0.0,0.2
18,23,0.786028781783513,5.0,0.0,0.2
18,24,0.7894915632081172,5.0,0.0,0.2
18,25,0.7734190506948353,5.0,0.0,0.2
18,26,0.7890538506817312,5.0,0.0,0.2
18,27,0.0,10.0,0.0,0.0
18,28,0.6943523858237167,5.0,0.0,1.0
18,29,0.6699284882583794,5.0,0.0,1.0
18,30,0.6951669616278092,5.0,0.0,1.0
18,31,0.6939544756752178,5.0,0.0,1.0
18,32,0.6555131341338629,5.0,0.0,1.0
18,33,0.650184863753428,5.0,0.0,1.0
18,34,0.6768090373093268,5.0,0.0,1.0
18,35,0.6776043062846514,5.0,0.0,1.0
18,36,0.6701064689068325,5.0,0.0,1.0
18,37,0.6830358250349469,5.0,0.0,1.0
18,38,0.6931750495954604,5.0,0.0,1.0
18,39,0.6589093608255293,5.0,0.0,1.0
18,40,0.6771394471584389,5.0,0.0,1.0
18,41,0.6962131341148622,5.0,0.0,1.0
18,42,0.7728588656234326,5.0,0.0,0.2
18,43,0.7988314680959472,5.0,0.0,0.2
18,44,0.7669302831336027,5.0,0.0,0.2
18,45,0.7567239023171948,5.0,0.0,0.2
18,46,0.7550514894173397,5.0,0.0,0.2
18,47,0.7575885574655937,5.0,0.0,0.2
18,48,0.7725808078466128,5.0,0.0,0.2
18,49,0.7664870190196401,5.0,0.0,0.2
19,0,0.6501218922753177,5.0,0.0,1.0
19,1,0.6525450518964286,5.0,0.0,1.0
19,2,0.1214484863220825,50.0,50.0,0.4
19,3,0.1915135336423931,50.0,50.0,0.4
19,4,0.14224562956908093,50.0,50.0,0.4
19,5,0.7806538557596394,5.0,0.0,0.2
19,6,0.0,15.0,0.0,0.0
19,7,0.17117008096952896,50.0,50.0,0.4
19,8,0.18228143865251054,50.0,50.0,0.4
19,9,0.10573096707980988,50.0,50.0,0.4
19,10,0.14974185239586074,50.0,50.0,0.4
19,11,0.17191100116009173,50.0,50.0,0.4
19,12,0.0,10.0,0.0,0.0
19,13,0.0,15.0,0.0,0.0
19,14,0.0,15.0,0.0,0.0
19,15,0.15406628772536224,50.0,50.0,0.4
19,16,0.0,10.0,0.0,0.0
19,17,0.0,10.0,0.0,0.0
19,18,0.055035972942466344,60.0,10.0,0.3
19,19,0.06388574196994956,60.0,10.0,0.3
19,20,0.7804823895560944,5.0,0.0,0.2
19,21,0.794180370052354,5.0,0.0,0.2
19,22,0.060708532255984084,60.0,10.0,0.3
19,23,0.7952798678248754,5.0,0.0,0.2
19,24,0.7530669471397545,5.0,0.0,0.2
19,25,0.7697059722201605,5.0,0.0,0.2
19,26,0.0,10.0,0.0,0.0
19,27,0.6946226245623193,5.0,0.0,1.0
19,28,0.6777570385337097,5.0,0.0,1.0
19,29,0.685374779878955,5.0,0.0,1.0
19,30,0.6867944499646182,5.0,0.0,1.0
19,31,0.6836821008735613,5.0,0.0,1.0
19,32,0.6833364202050727,5.0,0.0,1.0
19,33,0.6614042025573467,5.0,0.0,1.0
19,34,0.6591613454667393,5.0,0.0,1.0
19,35,0.6915946143262076,5.0,0.0,1.0
19,36,0.6960538174524451,5.0,0.0,1.0
19,37,0.6557563952498872,5.0,0.0,1.0
19,38,0.757510774095844,5.0,0.0,0.2
19,39,0.7691587457356621,5.0,0.0,0.2
19,40,0.793356419196377,5.0,0.0,0.2
19,41,0.7599938601495834,5.0,0.0,0.2
19,42,0.7577583944190669,5.0,0.0,0.2
19,43,0.7925067650741036,5.0,0.0,0.2
19,44,0.7718993419469367,5.0,0.0,0.2
19,45,0.7529056363401997,5.0,0.0,0.2
19,46,0.7611179679975902,5.0,0.0,0.2
19,47,0.7893991432704375,5.0,0.0,0.2
19,48,0.7882043617740772,5.0,0.0,0.2
19,49,0.7675405874936083,5.0,0.0,0.2
20,0,0.675832283561372,5.0,0.0,1.0
20,1,0.6951335492262185,5.0,0.0,1.0
20,2,0.18600403329811155,50.0,50.0,0.4
20,3,0.16051687287045358,50.0,50.0,0.4
20,4,0.11713599394459247,50.0,50.0,0.4
20,5,0.758291158968475,5.0,0.0,0.2
20,6,0.0,15.0,0.0,0.0
20,7,0.19100130729828144,50.0,50.0,0.4
20,8,0.16813069814094084,50.0,50.0,0.4
20,9,0.11456477780178645,50.0,50.0,0.4
20,10,0.16302547595812658,50.0,50.0,0.4
20,11,0.0,15.0,0.0,0.0
20,12,0.0,15.0,0.0,0.0
20,13,0.0,10.0,0.0,0.0
20,14,0.10756662339049367,50.0,50.0,0.4
20,15,0.0,10.0,0.0,0.0
20,16,0.16650681919634525,50.0,50.0,0.4
20,17,0.05045319505943845,60.0,10.0,0.3
20,18,0.055318246364612265,60.0,10.0,0.3
20,19,0.7533221352943306,5.0,0.0,0.2
20,20,0.7759823523262742,5.0,0.0,0.2
20,21,0.07392295835533981,60.0,10.0,0.3
20,22,0.06403776877157309,60.0,10.0,0.3
20,23,0.7727552391157076,5.0,0.0,0.2
20,24,0.7546169587522499,5.0,0.0,0.2
20,25,0.0,10.0,0.0,0.0
20,26,0.6975166657218258,5.0,0.0,1.0
20,27,0.6708526024660032,5.0,0.0,1.0
20,28,0.6922475189754657,5.0,0.0,1.0
20,29,0.6592601152506974,5.0,0.0,1.0
20,30,0.6835204018168639,5.0,0.0,1.0
20,31,0.6721932260860918,5.0,0.0,1.0
20,32,0.6548701370426255,5.0,0.0,1.0
20,33,0.6607659635495378,5.0,0.0,1.0
20,34,0.6602100541735508,5.0,0.0,1.0
20,35,0.6999139041553057,5.0,0.0,1.0
20,36,0.6764178932902406,5.0,0.0,1.0
20,37,0.6546720894111613,5.0,0.0,1.0
20,38,0.791690552285109,5.0,0.0,0.2
20,39,0.7547184010246815,5.0,0.0,0.2
20,40,0.7817873384199897,5.0,0.0,0.2
20,41,0.7803645932753538,5.0,0.0,0.2
20,42,0.764708187558701,5.0,0.0,0.2
20,43,0.7591095468004179,5.0,0.0,0.2
20,44,0.7627027117187049,5.0,0.0,0.2
20,45,0.7640440760734274,5.0,0.0,0.2
20,46,0.7906159719228533,5.0,0.0,0.2
20,47,0.7919783429772482,5.0,0.0,0.2
20,48,0.7627444283883176,5.0,0.0,0.2
20,49,0.7581081766271525,5.0,0.0,0.2
21,0,0.6813281031005898,5.0,0.0,1.0
21,1,0.6851300716092669,5.0,0.0,1.0
21,2,0.1065465481421134,50.0,50.0,0.4
21,3,0.1770525469825445,50.0,50.0,0.4
21,4,0.13662023431987497,50.0,50.0,0.4
21,5,0.0,15.0,0.0,0.0
21,6,0.10254120957974525,50.0,50.0,0.4
21,7,0.18089938405308723,50.0,50.0,0.4
21,8,0.13901351109879104,50.0,50.0,0.4
21,9,0.12628042571203274,50.0,50.0,0.4
21,10,0.0,15.0,0.0,0.0
21,11,0.12208161561446385,50.0,50.0,0.4
21,12,0.19022950471075994,50.0,50.0,0.4
21,13,0.0,10.0,0.0,0.0
21,14,0.0,10.0,0.0,0.0
21,15,0.15334591668361985,50.0,50.0,0.4
21,16,0.08220823457675527,60.0,10.0,0.3
21,17,0.06231875517892553,60.0,10.0,0.3
21,18,0.760388270449382,5.0,0.0,0.2
21,19,0.7659055934349585,5.0,0.0,0.2
21,20,0.08595734183884093,60.0,10.0,0.3
21,21,0.06851496030186847,60.0,10.0,0.3
21,22,0.08915350433695776,60.0,10.0,0.3
21,23,0.0,10.0,0.0,0.0
21,24,0.0,10.0,0.0,0.0
21,25,0.6674558736703332,5.0,0.0,1.0
21,26,0.6852790018476844,5.0,0.0,1.0
21,27,0.6589131425508916,5.0,0.0,1.0
21,28,0.6667933359405978,5.0,0.0,1.0
21,29,0.6642340229798445,5.0,0.0,1.0
21,30,0.6742957706881901,5.0,0.0,1.0
21,31,0.692534355513755,5.0,0.0,1.0
21,32,0.680315660508069,5.0,0.0,1.0
21,33,0.6562045414771891,5.0,0.0,1.0
21,34,0.6796615002547274,5.0,0.0,1.0
21,35,0.6782994455520464,5.0,0.0,1.0
21,36,0.6514191696938438,5.0,0.0,1.0
21,37,0.65834268929944,5.0,0.0,1.0
21,38,0.7896527856723353,5.0,0.0,0.2
21,39,0.7949456389801752,5.0,0.0,0.2
21,40,0.780593888219293,5.0,0.0,0.2
21,41,0.7923052910014112,5.0,0.0,0.2
21,42,0.7503912054505909,5.0,0.0,0.2
21,43,0.7765677983905072,5.0,0.0,0.2
21,44,0.7889853552161081,5.0,0.0,0.2
21,45,0.7947211431089012,5.0,0.0,0.2
21,46,0.7606098745166749,5.0,0.0,0.2
21,47,0.7708435570190684,5.0,0.0,0.2
21,48,0.771373841790673,5.0,0.0,0.2
21,49,0.7955693673861484,5.0,0.0,0.2
22,0,0.6615855640512663,5.0,0.0,1.0
22,1,0.683161369939066,5.0,0.0,1.0
22,2,0.17243671857906034,50.0,50.0,0.4
22,3,0.13240227599207752,50.0,50.0,0.4
22,4,0.1936875970489026,50.0,50.0,0.4
22,5,0.0,15.0,0.0,0.0
22,6,0.1897060171439255,50.0,50.0,0.4
22,7,0.13466294527909597,50.0,50.0,0.4
22,8,0.0,15.0,0.0,0.0
22,9,0.0,15.0,0.0,0.0
22,10,0.0,10.0,0.0,0.0
22,11,0.17410866731824648,50.0,50.0,0.4
22,12,0.0,10.0,0.0,0.0
22,13,0.1255539941298842,50.0,50.0,0.4
22,14,0.0,10.0,0.0,0.0
22,15,0.1504977061182133,50.0,50.0,0.4
22,16,0.10191660650988094,50.0,50.0,0.4
22,17,0.10144903088187732,50.0,50.0,0.4
22,18,0.16950901023958695,50.0,50.0,0.4
22,19,0.09705308495350835,60.0,10.0,0.3
22,20,0.07074039686262529,60.0,10.0,0.3
22,21,0.08974193681730645,60.0,10.0,0.3
22,22,0.070150290058069,60.0,10.0,0.3
22,23,0.6775468964202259,5.0,0.0,1.0
22,24,0.6767147488775441,5.0,0.0,1.0
22,25,0.6734521660998557,5.0,0.0,1.0
22,26,0.6519634670692821,5.0,0.0,1.0
22,27,0.6990731445282841,5.0,0.0,1.0
22,28,0.6930872205023665,5.0,0.0,1.0
22,29,0.6604229136043334,5.0,0.0,1.0
22,30,0.6830964750827017,5.0,0.0,1.0
22,31,0.6835836381169755,5.0,0.0,1.0
22,32,0.6521743488720995,5.0,0.0,1.0
22,33,0.7536088031476036,5.0,0.0,0.2
22,34,0.7661105656198144,5.0,0.0,0.2
22,35,0.7914555120993118,5.0,0.0,0.2
22,36,0.7962408730719741,5.0,0.0,0.2
22,37,0.7901263239004312,5.0,0.0,0.2
22,38,0.7791226540515005,5.0,0.0,0.2
22,39,0.7536229506829445,5.0,0.0,0.2
22,40,0.7697779119361496,5.0,0.0,0.2
22,41,0.798771924348836,5.0,0.0,0.2
22,42,0.7684922057557809,5.0,0.0,0.2
22,43,0.7750162534576891,5.0,0.0,0.2
22,44,0.7501784908353972,5.0,0.0,0.2
22,45,0.7984695351000768,5.0,0.0,0.2
22,46,0.7933696170062179,5.0,0.0,0.2
22,47,0.7821550776686736,5.0,0.0,0.2
22,48,0.7937470219755977,5.0,0.0,0.2
22,49,0.7621272770290081,5.0,0.0,0.2
23,0,0.6685408001423013,5.0,0.0,1.0
23,1,0.6918064393039752,5.0,0.0,1.0
23,2,0.1399331253458695,50.0,50.0,0.4
23,3,0.18994612634777241,50.0,50.0,0.4
23,4,0.11524866914985059,50.0,50.0,0.4
23,5,0.0,15.0,0.0,0.0
23,6,0.184835704744928,50.0,50.0,0.4
23,7,0.0,15.0,0.0,0.0
23,8,0.1628673217847884,50.0,50.0,0.4
23,9,0.10727138360557856,50.0,50.0,0.4
23,10,0.1623173785819765,50.0,50.0,0.4
23,11,0.0,10.0,0.0,0.0
23,12,0.17808999118602392,50.0,50.0,0.4
23,13,0.12070770219365135,50.0,50.0,0.4
23,14,0.0,10.0,0.0,0.0
23,15,0.1293566701492641,50.0,50.0,0.4
23,16,0.17534528221792986,50.0,50.0,0.4
23,17,0.18644249739484314,50.0,50.0,0.4
23,18,0.1557165339019459,50.0,50.0,0.4
23,19,0.054763645590636095,60.0,10.0,0.3
23,20,0.09096220212030656,60.0,10.0,0.3
23,21,0.09262782855197008,60.0,10.0,0.3
23,22,0.06256452532326616,60.0,10.0,0.3
23,23,0.6996456928728896,5.0,0.0,1.0
23,24,0.6642190443839608,5.0,0.0,1.0
23,25,0.6935605903736564,5.0,0.0,1.0
23,26,0.6593216900123615,5.0,0.0,1.0
23,27,0.6863962758812007,5.0,0.0,1.0
23,28,0.6849864416566126,5.0,0.0,1.0
23,29,0.6547492646123648,5.0,0.0,1.0
23,30,0.6505885320910105,5.0,0.0,1.0
23,31,0.6685404941788001,5.0,0.0,1.0
23,32,0.6805772742326609,5.0,0.0,1.0
23,33,0.7914261599034907,5.0,0.0,0.2
23,34,0.7596218337786718,5.0,0.0,0.2
23,35,0.7952560598398563,5.0,0.0,0.2
23,36,0.7962664464836621,5.0,0.0,0.2
23,37,0.7895816891058424,5.0,0.0,0.2
23,38,0.7840755019740406,5.0,0.0,0.2
23,39,0.7758780979718878,5.0,0.0,0.2
23,40,0.7839809908823125,5.0,0.0,0.2
23,41,0.755143594368402,5.0,0.0,0.2
23,42,0.7633881002090499,5.0,0.0,0.2
23,43,0.7827657954950703,5.0,0.0,0.2
23,44,0.7609215676708321,5.0,0.0,0.2
23,45,0.7548032609615186,5.0,0.0,0.2
23,46,0.7740604164663962,5.0,0.0,0.2
23,47,0.7988095590193746,5.0,0.0,0.2
23,48,0.7758243914423097,5.0,0.0,0.2
23,49,0.76177994195427,5.0,0.0,0.2
24,0,0.6777495488412346,5.0,0.0,1.0
24,1,0.6764012894422872,5.0,0.0,1.0
24,2,0.6516134115468949,5.0,0.0,1.0
24,3,0.6813153681925016,5.0,0.0,1.0
24,4,0.6622042026909419,5.0,0.0,1.0
24,5,0.0,15.0,0.0,0.0
24,6,0.0,15.0,0.0,0.0
24,7,0.11885626481198584,50.0,50.0,0.4
24,8,0.17521995213025993,50.0,50.0,0.4
24,9,0.1342270232151236,50.0,50.0,0.4
24,10,0.10608416396700557,50.0,50.0,0.4
24,11,0.0,10.0,0.0,0.0
24,12,0.11408141948876124,50.0,50.0,0.4
24,13,0.17330909313531853,50.0,50.0,0.4
24,14,0.0,10.0,0.0,0.0
24,15,0.14818860693851732,50.0,50.0,0.4
24,16,0.18962467698562346,50.0,50.0,0.4
24,17,0.17921873322812595,50.0,50.0,0.4
24,18,0.186148153272365,50.0,50.0,0.4
24,19,0.05528408220318642,60.0,10.0,0.3
24,20,0.06798698624642176,60.0,10.0,0.3
24,21,0.6700907370876557,5.0,0.0,1.0
24,22,0.6791166937305458,5.0,0.0,1.0
24,23,0.6653841500276086,5.0,0.0,1.0
24,24,0.6713731509595559,5.0,0.0,1.0
24,25,0.6716682147228212,5.0,0.0,1.0
24,26,0.6527489556975018,5.0,0.0,1.0
24,27,0.6503536814015564,5.0,0.0,1.0
24,28,0.6987397165918301,5.0,0.0,1.0
24,29,0.6615144544033846,5.0,0.0,1.0
24,30,0.6636275759659072,5.0,0.0,1.0
24,31,0.6625018243268799,5.0,0.0,1.0
24,32,0.7573710447496786,5.0,0.0,0.2
24,33,0.7516945336165881,5.0,0.0,0.2
24,34,0.7990306560277036,5.0,0.0,0.2
24,35,0.7812251494458324,5.0,0.0,0.2
24,36,0.7608540558469669,5.0,0.0,0.2
24,37,0.7742007965549592,5.0,0.0,0.2
24,38,0.7507762867638307,5.0,0.0,0.2
24,39,0.7640523672795057,5.0,0.0,0.2
24,40,0.7563680969391587,5.0,0.0,0.2
24,41,0.7611565900363366,5.0,0.0,0.2
24,42,0.7713880714577328,5.0,0.0,0.2
24,43,0.7597724497489965,5.0,0.0,0.2
24,44,0.7838403930393222,5.0,0.0,0.2
24,45,0.7810055074545118,5.0,0.0,0.2
24,46,0.7760743325038377,5.0,0.0,0.2
24,47,0.7937656187238324,5.0,0.0,0.2
24,48,0.7983601741155886,5.0,0.0,0.2
24,49,0.7766883393774869,5.0,0.0,0.2
25,0,0.6757296248547892,5.0,0.0,1.0
25,1,0.6592968221510425,5.0,0.0,1.0
25,2,0.6969021382891337,5.0,0.0,1.0
25,3,0.6805226867829355,5.0,0.0,1.0
25,4,0.0,15.0,0.0,0.0
25,5,0.0,15.0,0.0,0.0
25,6,0.10720063005511658,50.0,50.0,0.4
25,7,0.14091968135121313,50.0,50.0,0.4
25,8,0.17085864154595154,50.0,50.0,0.4
25,9,0.14699492648091886,50.0,50.0,0.4
25,10,0.0,10.0,0.0,0.0
25,11,0.16230003772475102,50.0,50.0,0.4
25,12,0.0,10.0,0.0,0.0
25,13,0.14486054522399663,50.0,50.0,0.4
25,14,0.13320224827316873,50.0,50.0,0.4
25,15,0.0,10.0,0.0,0.0
25,16,0.13099289935278607,50.0,50.0,0.4
25,17,0.15398823237632586,50.0,50.0,0.4
25,18,0.1860725063042413,50.0,50.0,0.4
25,19,0.0670892185494808,60.0,10.0,0.3
25,20,0.06946842373391847,60.0,10.0,0.3
25,21,0.6909978236209477,5.0,0.0,1.0
25,22,0.652040924323595,5.0,0.0,1.0
25,23,0.669316764193649,5.0,0.0,1.0
25,24,0.6511146570362574,5.0,0.0,1.0
25,25,0.6962760126515987,5.0,0.0,1.0
25,26,0.6693924527949232,5.0,0.0,1.0
25,27,0.6717167728821276,5.0,0.0,1.0
25,28,0.699497627548005,5.0,0.0,1.0
25,29,0.6963966201315526,5.0,0.0,1.0
25,30,0.6510371422372577,5.0,0.0,1.0
25,31,0.6977200423899071,5.0,0.0,1.0
25,32,0.7916088961435599,5.0,0.0,0.2
25,33,0.7884784791763019,5.0,0.0,0.2
25,34,0.7597673691493805,5.0,0.0,0.2
25,35,0.7603598778547237,5.0,0.0,0.2
25,36,0.7646029078498472,5.0,0.0,0.2
25,37,0.7743336775134577,5.0,0.0,0.2
25,38,0.7575988138505951,5.0,0.0,0.2
25,39,0.7955131855048152,5.0,0.0,0.2
25,40,0.7530471111146654,5.0,0.0,0.2
25,41,0.7634471933844891,5.0,0.0,0.2
25,42,0.7562817977067681,5.0,0.0,0.2
25,43,0.7996193534273677,5.0,0.0,0.2
25,44,0.7911669387383964,5.0,0.0,0.2
25,45,0.7984225897088439,5.0,0.0,0.2
25,46,0.7937876270272692,5.0,0.0,0.2
25,47,0.7796727262423392,5.0,0.0,0.2
25,48,0.7632614047940828,5.0,0.0,0.2
25,49,0.7675055593788985,5.0,0.0,0.2
26,0,0.6556108473857383,5.0,0.0,1.0
26,1,0.6922027380691852,5.0,0.0,1.0
26,2,0.6671064042286377,5.0,0.0,1.0
26,3,0.0,15.0,0.0,0.0
26,4,0.7684949970328606,5.0,0.0,0.2
26,5,0.7526435412631671,5.0,0.0,0.2
26,6,0.0,15.0,0.0,0.0
26,7,0.10767327048082163,50.0,50.0,0.4
26,8,0.13590599692509464,50.0,50.0,0.4
26,9,0.11573282896512824,50.0,50.0,0.4
26,10,0.0,10.0,0.0,0.0
26,11,0.150693160608663,50.0,50.0,0.4
26,12,0.12953871853301463,50.0,50.0,0.4
26,13,0.0,10.0,0.0,0.0
26,14,0.15235962236600287,50.0,50.0,0.4
26,15,0.15682540162012237,50.0,50.0,0.4
26,16,0.0,10.0,0.0,0.0
26,17,0.11635895640400509,50.0,50.0,0.4
26,18,0.14329743194767255,50.0,50.0,0.4
26,19,0.06304553781950657,60.0,10.0,0.3
26,20,0.08111557313094844,60.0,10.0,0.3
26,21,0.670023842491297,5.0,0.0,1.0
26,22,0.6786675432935448,5.0,0.0,1.0
26,23,0.6515866650833189,5.0,0.0,1.0
26,24,0.6868458739051564,5.0,0.0,1.0
26,25,0.6699903393630965,5.0,0.0,1.0
26,26,0.6921782819831575,5.0,0.0,1.0
26,27,0.6817656145264844,5.0,0.0,1.0
26,28,0.6725201967388641,5.0,0.0,1.0
26,29,0.6981873653869727,5.0,0.0,1.0
26,30,0.6533075490452068,5.0,0.0,1.0
26,31,0.7616523264064624,5.0,0.0,0.2
26,32,0.7995283434865912,5.0,0.0,0.2
26,33,0.7804657609751809,5.0,0.0,0.2
26,34,0.7619973844256864,5.0,0.0,0.2
26,35,0.7938695859375859,5.0,0.0,0.2
26,36,0.782693623238473,5.0,0.0,0.2
26,37,0.7524128957004129,5.0,0.0,0.2
26,38,0.7830462749810343,5.0,0.0,0.2
26,39,0.769258290097174,5.0,0.0,0.2
26,40,0.7607210724773308,5.0,0.0,0.2
26,41,0.7505884089569897,5.0,0.0,0.2
26,42,0.775537962895579,5.0,0.0,0.2
26,43,0.7716173886475595,5.0,0.0,0.2
26,44,0.7967232043432725,5.0,0.0,0.2
26,45,0.7732140642631047,5.0,0.0,0.2
26,46,0.7605659883410968,5.0,0.0,0.2
26,47,0.760554154202901,5.0,0.0,0.2
26,48,0.7519004743732909,5.0,0.0,0.2
26,49,0.7848057273862463,5.0,0.0,0.2
27,0,0.6914119997605351,5.0,0.0,1.0
27,1,0.6598139623136097,5.0,0.0,1.0
27,2,0.0,15.0,0.0,0.0
27,3,0.7928440335773991,5.0,0.0,0.2
27,4,0.7690674529733473,5.0,0.0,0.2
27,5,0.7681502615175521,5.0,0.0,0.2
27,6,0.7597610961598962,5.0,0.0,0.2
27,7,0.0,15.0,0.0,0.0
27,8,0.1590369061904063,50.0,50.0,0.4
27,9,0.1917288001287629,50.0,50.0,0.4
27,10,0.0,10.0,0.0,0.0
27,11,0.10539206038838858,50.0,50.0,0.4
27,12,0.10022274585936831,50.0,50.0,0.4
27,13,0.1726823631394465,50.0,50.0,0.4
27,14,0.0,10.0,0.0,0.0
27,15,0.17057390057831487,50.0,50.0,0.4
27,16,0.13352126445455464,50.0,50.0,0.4
27,17,0.0,10.0,0.0,0.0
27,18,0.1287859567204789,50.0,50.0,0.4
27,19,0.14832838887597288,50.0,50.0,0.4
27,20,0.19519926821938907,50.0,50.0,0.4
27,21,0.663285353237026,5.0,0.0,1.0
27,22,0.6790814984573198,5.0,0.0,1.0
27,23,0.6667123697688528,5.0,0.0,1.0
27,24,0.6783234018389507,5.0,0.0,1.0
27,25,0.6601692044616706,5.0,0.0,1.0
27,26,0.6676362239515891,5.0,0.0,1.0
27,27,0.7686693517864087,5.0,0.0,0.2
27,28,0.7851518771155335,5.0,0.0,0.2
27,29,0.7831014771939585,5.0,0.0,0.2
27,30,0.7684223530476343,5.0,0.0,0.2
27,31,0.7717563449462768,5.0,0.0,0.2
27,32,0.7655622553336894,5.0,0.0,0.2
27,33,0.7721143051129346,5.0,0.0,0.2
27,34,0.7508530233545058,5.0,0.0,0.2
27,35,0.7766529876208782,5.0,0.0,0.2
27,36,0.7714470753251318,5.0,0.0,0.2
27,37,0.7957106794306398,5.0,0.0,0.2
27,38,0.7553921646633156,5.0,0.0,0.2
27,39,0.7605830173020492,5.0,0.0,0.2
27,40,0.7740806717588767,5.0,0.0,0.2
27,41,0.776758643511957,5.0,0.0,0.2
27,42,0.7963380427828073,5.0,0.0,0.2
27,43,0.7619186321642862,5.0,0.0,0.2
27,44,0.7559514727053094,5.0,0.0,0.2
27,45,0.7888064531630558,5.0,0.0,0.2
27,46,0.7604129558917877,5.0,0.0,0.2
27,47,0.7750351859873464,5.0,0.0,0.2
27,48,0.7867832589722967,5.0,0.0,0.2
27,49,0.7905989645095306,5.0,0.0,0.2
28,0,0.678960915854675,5.0,0.0,1.0
28,1,0.0,15.0,0.0,0.0
28,2,0.7815195525701979,5.0,0.0,0.2
28,3,0.7848362935615951,5.0,0.0,0.2
28,4,0.7507429694713048,5.0,0.0,0.2
28,5,0.7856716186410571,5.0,0.0,0.2
28,6,0.7595814345042181,5.0,0.0,0.2
28,7,0.0,15.0,0.0,0.0
28,8,0.13036802789740393,50.0,50.0,0.4
28,9,0.11310484979649893,50.0,50.0,0.4
28,10,0.0,10.0,0.0,0.0
28,11,0.1103653583787181,50.0,50.0,0.4
28,12,0.11886719874421514,50.0,50.0,0.4
28,13,0.18794690805822722,50.0,50.0,0.4
28,14,0.0,10.0,0.0,0.0
28,15,0.0,10.0,0.0,0.0
28,16,0.18036645534918294,50.0,50.0,0.4
28,17,0.11415594274352019,50.0,50.0,0.4
28,18,0.0,10.0,0.0,0.0
28,19,0.18499537546456152,50.0,50.0,0.4
28,20,0.17435757513018885,50.0,50.0,0.4
28,21,0.6717105079713341,5.0,0.0,1.0
28,22,0.6775018567115509,5.0,0.0,1.0
28,23,0.6655194353965347,5.0,0.0,1.0
28,24,0.6629086936897489,5.0,0.0,1.0
28,25,0.6641753369236683,5.0,0.0,1.0
28,26,0.6936689902159177,5.0,0.0,1.0
28,27,0.7949640535192813,5.0,0.0,0.2
28,28,0.7939195394037872,5.0,0.0,0.2
28,29,0.7839879584371962,5.0,0.0,0.2
28,30,0.7582238582618445,5.0,0.0,0.2
28,31,0.7665670989813641,5.0,0.0,0.2
28,32,0.755272409026558,5.0,0.0,0.2
28,33,0.7672227911040621,5.0,0.0,0.2
28,34,0.7822438650599547,5.0,0.0,0.2
28,35,0.7915980460496721,5.0,0.0,0.2
28,36,0.7562581099011105,5.0,0.0,0.2
28,37,0.7690874834491712,5.0,0.0,0.2
28,38,0.7628613006907579,5.0,0.0,0.2
28,39,0.7671147476231838,5.0,0.0,0.2
28,40,0.7788975993378708,5.0,0.0,0.2
28,41,0.7910127447110795,5.0,0.0,0.2
28,42,0.7927088865856897,5.0,0.0,0.2
28,43,0.775781546536976,5.0,0.0,0.2
28,44,0.78540097706012,5.0,0.0,0.2
28,45,0.7882692522334027,5.0,0.0,0.2
28,46,0.7568776128231982,5.0,0.0,0.2
28,47,0.7600859641838122,5.0,0.0,0.2
28,48,0.7897907341575633,5.0,0.0,0.2
28,49,0.7503296103335213,5.0,0.0,0.2
29,0,0.0,15.0,0.0,0.0
29,1,0.7925686963161593,5.0,0.0,0.2
29,2,0.7789173734572591,5.0,0.0,0.2
29,3,0.7585231278247951,5.0,0.0,0.2
29,4,0.7772491333167186,5.0,0.0,0.2
29,5,0.7810529297929792,5.0,0.0,0.2
29,6,0.7601510055385106,5.0,0.0,0.2
29,7,0.0,15.0,0.0,0.0
29,8,0.11045796765896548,50.0,50.0,0.4
29,9,0.1269707822660474,50.0,50.0,0.4
29,10,0.12289539535115249,50.0,50.0,0.4
29,11,0.12615200928605008,50.0,50.0,0.4
29,12,0.11758795075492962,50.0,50.0,0.4
29,13,0.0,10.0,0.0,0.0
29,14,0.12515463682394323,50.0,50.0,0.4
29,15,0.1272178438092165,50.0,50.0,0.4
29,16,0.0,10.0,0.0,0.0
29,17,0.17244726326062576,50.0,50.0,0.4
29,18,0.13141062059989295,50.0,50.0,0.4
29,19,0.0,10.0,0.0,0.0
29,20,0.1139237180832752,50.0,50.0,0.4
29,21,0.6581580558519945,5.0,0.0,1.0
29,22,0.6798225040511288,5.0,0.0,1.0
29,23,0.661840767967783,5.0,0.0,1.0
29,24,0.683693632580759,5.0,0.0,1.0
29,25,0.670244152185706,5.0,0.0,1.0
29,26,0.6902426722668709,5.0,0.0,1.0
29,27,0.7755773682059599,5.0,0.0,0.2
29,28,0.767279217625344,5.0,0.0,0.2
29,29,0.7863238668931078,5.0,0.0,0.2
29,30,0.7690118700499063,5.0,0.0,0.2
29,31,0.7967883234622177,5.0,0.0,0.2
29,32,0.7605291020377686,5.0,0.0,0.2
29,33,0.7570674625600373,5.0,0.0,0.2
29,34,0.7511051557751578,5.0,0.0,0.2
29,35,0.772577912626419,5.0,0.0,0.2
29,36,0.7744445104246687,5.0,0.0,0.2
29,37,0.7624368204826674,5.0,0.0,0.2
29,38,0.7585152431910785,5.0,0.0,0.2
29,39,0.7922183173769417,5.0,0.0,0.2
29,40,0.7890907233614207,5.0,0.0,0.2
29,41,0.7590480933134616,5.0,0.0,0.2
29,42,0.7765634244542364,5.0,0.0,0.2
29,43,0.7583825957598275,5.0,0.0,0.2
29,44,0.7843666171276247,5.0,0.0,0.2
29,45,0.7622797158039979,5.0,0.0,0.2
29,46,0.7674051327055282,5.0,0.0,0.2
29,47,0.7668770019059026,5.0,0.0,0.2
29,48,0.7853277007884489,5.0,0.0,0.2
29,49,0.7568180377735485,5.0,0.0,0.2
30,0,0.7510357217782619,5.0,0.0,0.2
30,1,0.790979074844431,5.0,0.0,0.2
30,2,0.7853564488529713,5.0,0.0,0.2
30,3,0.7967750211687255,5.0,0.0,0.2
30,4,0.7781377963377027,5.0,0.0,0.2
30,5,0.7616397817610965,5.0,0.0,0.2
30,6,0.7827440741583137,5.0,0.0,0.2
30,7,0.0,15.0,0.0,0.0
30,8,0.1086765132588001,50.0,50.0,0.4
30,9,0.16327087568774018,50.0,50.0,0.4
30,10,0.17855866286282032,50.0,50.0,0.4
30,11,0.13136341133071142,50.0,50.0,0.4
30,12,0.0,10.0,0.0,0.0
30,13,0.15002373599623803,50.0,50.0,0.4
30,14,0.1692907661342189,50.0,50.0,0.4
30,15,0.16416325077063254,50.0,50.0,0.4
30,16,0.0,10.0,0.0,0.0
30,17,0.0,10.0,0.0,0.0
30,18,0.16843148249417278,50.0,50.0,0.4
30,19,0.11527313143612768,50.0,50.0,0.4
30,20,0.0,10.0,0.0,0.0
30,21,0.651026493528817,5.0,0.0,1.0
30,22,0.6812744678367523,5.0,0.0,1.0
30,23,0.6990467604551934,5.0,0.0,1.0
30,24,0.6699008266761636,5.0,0.0,1.0
30,25,0.6910735364748292,5.0,0.0,1.0
30,26,0.6563569817990332,5.0,0.0,1.0
30,27,0.7960176283016047,5.0,0.0,0.2
30,28,0.7588067859584411,5.0,0.0,0.2
30,29,0.7934306152099123,5.0,0.0,0.2
30,30,0.7767650953760257,5.0,0.0,0.2
30,31,0.7643131522237999,5.0,0.0,0.2
30,32,0.7945533494278889,5.0,0.0,0.2
30,33,0.7638558723648493,5.0,0.0,0.2
30,34,0.7783195691001717,5.0,0.0,0.2
30,35,0.7766627114124435,5.0,0.0,0.2
30,36,0.7795705621859731,5.0,0.0,0.2
30,37,0.7787866516068983,5.0,0.0,0.2
30,38,0.7543083988820496,5.0,0.0,0.2
30,39,0.7845650303445034,5.0,0.0,0.2
30,40,0.7859888414795462,5.0,0.0,0.2
30,41,0.7630013393317032,5.0,0.0,0.2
30,42,0.777406854689965,5.0,0.0,0.2
30,43,0.7800499839010863,5.0,0.0,0.2
30,44,0.7549191257893608,5.0,0.0,0.2
30,45,0.7751976834563059,5.0,0.0,0.2
30,46,0.7929473032314966,5.0,0.0,0.2
30,47,0.7871113289488355,5.0,0.0,0.2
30,48,0.7663647310034948,5.0,0.0,0.2
30,49,0.7564038621813236,5.0,0.0,0.2
31,0,0.7875900670264464,5.0,0.0,0.2
31,1,0.7708246193201607,5.0,0.0,0.2
31,2,0.7944729583121946,5.0,0.0,0.2
31,3,0.7879884151903616,5.0,0.0,0.2
31,4,0.7800057098613898,5.0,0.0,0.2
31,5,0.7598961598406517,5.0,0.0,0.2
31,6,0.7701469940683198,5.0,0.0,0.2
31,7,0.0,15.0,0.0,0.0
31,8,0.19922959068357946,50.0,50.0,0.4
31,9,0.16318038681750324,50.0,50.0,0.4
31,10,0.19147961466905614,50.0,50.0,0.4
31,11,0.1920570566298163,50.0,50.0,0.4
31,12,0.10828699378949946,50.0,50.0,0.4
31,13,0.0,10.0,0.0,0.0
31,14,0.12949846955984165,50.0,50.0,0.4
31,15,0.0,10.0,0.0,0.0
31,16,0.10177771525560977,50.0,50.0,0.4
31,17,0.1456948280765338,50.0,50.0,0.4
31,18,0.0,10.0,0.0,0.0
31,19,0.17890208682985084,50.0,50.0,0.4
31,20,0.16901583678253085,50.0,50.0,0.4
31,21,0.0,10.0,0.0,0.0
31,22,0.6726676741744091,5.0,0.0,1.0
31,23,0.6978601026385391,5.0,0.0,1.0
31,24,0.6961177721510692,5.0,0.0,1.0
31,25,0.6591427451256225,5.0,0.0,1.0
31,26,0.6936967037084405,5.0,0.0,1.0
31,27,0.7854263196496319,5.0,0.0,0.2
31,28,0.7746624826063143,5.0,0.0,0.2
31,29,0.79487775863432,5.0,0.0,0.2
31,30,0.7579690520864607,5.0,0.0,0.2
31,31,0.7872216905567627,5.0,0.0,0.2
31,32,0.7521554288065762,5.0,0.0,0.2
31,33,0.7977568588245398,5.0,0.0,0.2
31,34,0.7850759306186254,5.0,0.0,0.2
31,35,0.760606727087201,5.0,0.0,0.2
31,36,0.7917000455722226,5.0,0.0,0.2
31,37,0.7996815375545872,5.0,0.0,0.2
31,38,0.7893236946336576,5.0,0.0,0.2
31,39,0.7918339943690476,5.0,0.0,0.2
31,40,0.763309771974532,5.0,0.0,0.2
31,41,0.7710655206790851,5.0,0.0,0.2
31,42,0.7554002201600076,5.0,0.0,0.2
31,43,0.7720086878888626,5.0,0.0,0.2
31,44,0.7843747569891836,5.0,0.0,0.2
31,45,0.7763910415346317,5.0,0.0,0.2
31,46,0.7837079772774266,5.0,0.0,0.2
31,47,0.7984440677794468,5.0,0.0,0.2
31,48,0.7559094264930174,5.0,0.0,0.2
31,49,0.778713164861863,5.0,0.0,0.2
32,0,0.769898867326508,5.0,0.0,0.2
32,1,0.7928905132124554,5.0,0.0,0.2
32,2,0.778364854004114,5.0,0.0,0.2
32,3,0.7545731182104748,5.0,0.0,0.2
32,4,0.7782287608022279,5.0,0.0,0.2
32,5,0.7695489016473864,5.0,0.0,0.2
32,6,0.788619118325632,5.0,0.0,0.2
32,7,0.0,15.0,0.0,0.0
32,8,0.18047509241996207,50.0,50.0,0.4
32,9,0.10148207318563268,50.0,50.0,0.4
32,10,0.14091142091036932,50.0,50.0,0.4
32,11,0.1619294099380962,50.0,50.0,0.4
32,12,0.1494067390283704,50.0,50.0,0.4
32,13,0.1091059184564162,50.0,50.0,0.4
32,14,0.0,10.0,0.0,0.0
32,15,0.1879048905191814,50.0,50.0,0.4
32,16,0.12421081325445865,50.0,50.0,0.4
32,17,0.1633448779643082,50.0,50.0,0.4
32,18,0.13261467880982078,50.0,50.0,0.4
32,19,0.0,10.0,0.0,0.0
32,20,0.0,10.0,0.0,0.0
32,21,0.10055881597569699,50.0,50.0,0.4
32,22,0.0,10.0,0.0,0.0
32,23,0.6906584902373264,5.0,0.0,1.0
32,24,0.6937562028199169,5.0,0.0,1.0
32,25,0.6870891669322523,5.0,0.0,1.0
32,26,0.6597433682714455,5.0,0.0,1.0
32,27,0.7902163283321325,5.0,0.0,0.2
32,28,0.7698066589849963,5.0,0.0,0.2
32,29,0.7800110149117262,5.0,0.0,0.2
32,30,0.7888709391702504,5.0,0.0,0.2
32,31,0.7807173242174354,5.0,0.0,0.2
32,32,0.7997977672188213,5.0,0.0,0.2
32,33,0.7678468604229327,5.0,0.0,0.2
32,34,0.7809238092593488,5.0,0.0,0.2
32,35,0.7623863357627473,5.0,0.0,0.2
32,36,0.7673242911898032,5.0,0.0,0.2
32,37,0.775143190268105,5.0,0.0,0.2
32,38,0.7818300938922426,5.0,0.0,0.2
32,39,0.7867563816472858,5.0,0.0,0.2
32,40,0.7573091564544636,5.0,0.0,0.2
32,41,0.7984163689801852,5.0,0.0,0.2
32,42,0.7779142219722984,5.0,0.0,0.2
32,43,0.7972408040403627,5.0,0.0,0.2
32,44,0.7668722040741073,5.0,0.0,0.2
32,45,0.7581779953871638,5.0,0.0,0.2
32,46,0.7797943082131524,5.0,0.0,0.2
32,47,0.7881694044023426,5.0,0.0,0.2
32,48,0.7742945855271032,5.0,0.0,0.2
32,49,0.7972214427208051,5.0,0.0,0.2
33,0,0.7789465266241348,5.0,0.0,0.2
33,1,0.7501439726720855,5.0,0.0,0.2
33,2,0.7882174997682663,5.0,0.0,0.2
33,3,0.7765327006864762,5.0,0.0,0.2
33,4,0.772882682864991,5.0,0.0,0.2
33,5,0.7559859630549483,5.0,0.0,0.2
33,6,0.7551524342761308,5.0,0.0,0.2
33,7,0.0,15.0,0.0,0.0
33,8,0.14127091715318718,50.0,50.0,0.4
33,9,0.10171809856384284,50.0,50.0,0.4
33,10,0.18603042907875236,50.0,50.0,0.4
33,11,0.1674274618339071,50.0,50.0,0.4
33,12,0.16965457459015743,50.0,50.0,0.4
33,13,0.1386227729123127,50.0,50.0,0.4
33,14,0.1816835149315004,50.0,50.0,0.4
33,15,0.0,10.0,0.0,0.0
33,16,0.19268366856591432,50.0,50.0,0.4
33,17,0.18081199410990592,50.0,50.0,0.4
33,18,0.17262585694409843,50.0,50.0,0.4
33,19,0.0,10.0,0.0,0.0
33,20,0.0,10.0,0.0,0.0
33,21,0.19496576012009093,50.0,50.0,0.4
33,22,0.10455224108670447,50.0,50.0,0.4
33,23,0.0,10.0,0.0,0.0
33,24,0.6643440699991995,5.0,0.0,1.0
33,25,0.6708787787748649,5.0,0.0,1.0
33,26,0.6812439948346476,5.0,0.0,1.0
33,27,0.7908595644031919,5.0,0.0,0.2
33,28,0.778333223849149,5.0,0.0,0.2
33,29,0.7983020770980697,5.0,0.0,0.2
33,30,0.7556704810943583,5.0,0.0,0.2
33,31,0.7764244431978913,5.0,0.0,0.2
33,32,0.790272400851317,5.0,0.0,0.2
33,33,0.7637305923807377,5.0,0.0,0.2
33,34,0.7888423520910827,5.0,0.0,0.2
33,35,0.7989306523343521,5.0,0.0,0.2
33,36,0.7646463969936481,5.0,0.0,0.2
33,37,0.7744358204783548,5.0,0.0,0.2
33,38,0.7811209581208258,5.0,0.0,0.2
33,39,0.7713845735684421,5.0,0.0,0.2
33,40,0.7810565072528326,5.0,0.0,0.2
33,41,0.7621155317012344,5.0,0.0,0.2
33,42,0.7883014232974351,5.0,0.0,0.2
33,43,0.7587009740201321,5.0,0.0,0.2
33,44,0.7705099021755893,5.0,0.0,0.2
33,45,0.7795986966967978,5.0,0.0,0.2
33,46,0.7787050426159371,5.0,0.0,0.2
33,47,0.7832324101566454,5.0,0.0,0.2
33,48,0.7604416805689445,5.0,0.0,0.2
33,49,0.7702295508076668,5.0,0.0,0.2
34,0,0.7671073177797536,5.0,0.0,0.2
34,1,0.7830015399890522,5.0,0.0,0.2
34,2,0.7995450066150627,5.0,0.0,0.2
34,3,0.7696203075701351,5.0,0.0,0.2
34,4,0.7828743191416795,5.0,0.0,0.2
34,5,0.7602185249516475,5.0,0.0,0.2
34,6,0.7537597131868564,5.0,0.0,0.2
34,7,0.0,15.0,0.0,0.0
34,8,0.18817222646887674,50.0,50.0,0.4
34,9,0.17990635420981976,50.0,50.0,0.4
34,10,0.14882587698547667,50.0,50.0,0.4
34,11,0.11794946481773189,50.0,50.0,0.4
34,12,0.13267274447490163,50.0,50.0,0.4
34,13,0.14632496633368547,50.0,50.0,0.4
34,14,0.18595545048256387,50.0,50.0,0.4
34,15,0.17210675336095782,50.0,50.0,0.4
34,16,0.0,10.0,0.0,0.0
34,17,0.19559491426949543,50.0,50.0,0.4
34,18,0.0,10.0,0.0,0.0
34,19,0.1564435682706316,50.0,50.0,0.4
34,20,0.16402439190830292,50.0,50.0,0.4
34,21,0.0,10.0,0.0,0.0
34,22,0.13867948112791212,50.0,50.0,0.4
34,23,0.1635537479402392,50.0,50.0,0.4
34,24,0.0,10.0,0.0,0.0
34,25,0.6879368686534257,5.0,0.0,1.0
34,26,0.6998874548318994,5.0,0.0,1.0
34,27,0.7851215394625474,5.0,0.0,0.2
34,28,0.7537662187054068,5.0,0.0,0.2
34,29,0.7684316457824993,5.0,0.0,0.2
34,30,0.7773844167579518,5.0,0.0,0.2
34,31,0.767402061440407,5.0,0.0,0.2
34,32,0.7821184053605674,5.0,0.0,0.2
34,33,0.7590116360725505,5.0,0.0,0.2
34,34,0.7808920151791822,5.0,0.0,0.2
34,35,0.7544213320483313,5.0,0.0,0.2
34,36,0.7821824874065542,5.0,0.0,0.2
34,37,0.7826444091974957,5.0,0.0,0.2
34,38,0.7653568338583083,5.0,0.0,0.2
34,39,0.7860643117046271,5.0,0.0,0.2
34,40,0.7544269822249736,5.0,0.0,0.2
34,41,0.7847540763644097,5.0,0.0,0.2
34,42,0.7549658426646979,5.0,0.0,0.2
34,43,0.7793175684736353,5.0,0.0,0.2
34,44,0.7735498879722718,5.0,0.0,0.2
34,45,0.7922982245979727,5.0,0.0,0.2
34,46,0.7760759680458423,5.0,0.0,0.2
34,47,0.7649347799731256,5.0,0.0,0.2
34,48,0.7655413083534769,5.0,0.0,0.2
34,49,0.7553206201148058,5.0,0.0,0.2
35,0,0.7617367613358579,5.0,0.0,0.2
35,1,0.7839216694743645,5.0,0.0,0.2
35,2,0.7961105320755393,5.0,0.0,0.2
35,3,0.7898369344360152,5.0,0.0,0.2
35,4,0.7913801248198342,5.0,0.0,0.2
35,5,0.7975163079018032,5.0,0.0,0.2
35,6,0.7676663087401298,5.0,0.0,0.2
35,7,0.0,15.0,0.0,0.0
35,8,0.19370169256656905,50.0,50.0,0.4
35,9,0.17113206917384086,50.0,50.0,0.4
35,10,0.1366921193843954,50.0,50.0,0.4
35,11,0.17075751694349417,50.0,50.0,0.4
35,12,0.7523872131779643,5.0,0.0,0.2
35,13,0.7905272674373949,5.0,0.0,0.2
35,14,0.19049060481232916,50.0,50.0,0.4
35,15,0.17287002521992229,50.0,50.0,0.4
35,16,0.11202164223319104,50.0,50.0,0.4
35,17,0.0,10.0,0.0,0.0
35,18,0.11715390852915629,50.0,50.0,0.4
35,19,0.11088917875125254,50.0,50.0,0.4
35,20,0.19413295376465586,50.0,50.0,0.4
35,21,0.1563006384305792,50.0,50.0,0.4
35,22,0.0,10.0,0.0,0.0
35,23,0.0,10.0,0.0,0.0
35,24,0.1556530607345883,50.0,50.0,0.4
35,25,0.6582491933635549,5.0,0.0,1.0
35,26,0.6695157697346337,5.0,0.0,1.0
35,27,0.7649084880187033,5.0,0.0,0.2
35,28,0.781100219504673,5.0,0.0,0.2
35,29,0.7609362153323724,5.0,0.0,0.2
35,30,0.7574055831732202,5.0,0.0,0.2
35,31,0.7641288289659316,5.0,0.0,0.2
35,32,0.7866259755945866,5.0,0.0,0.2
35,33,0.7886605522878327,5.0,0.0,0.2
35,34,0.7642586460380562,5.0,0.0,0.2
35,35,0.7616052699953225,5.0,0.0,0.2
35,36,0.7540194444826425,5.0,0.0,0.2
35,37,0.759886696954333,5.0,0.0,0.2
35,38,0.7774224165982512,5.0,0.0,0.2
35,39,0.7952809520159121,5.0,0.0,0.2
35,40,0.7636803985999664,5.0,0.0,0.2
35,41,0.7569662274380846,5.0,0.0,0.2
35,42,0.770891042556119,5.0,0.0,0.2
35,43,0.784618725321153,5.0,0.0,0.2
35,44,0.7916637801181932,5.0,0.0,0.2
35,45,0.7513651146330321,5.0,0.0,0.2
35,46,0.7542863512867416,5.0,0.0,0.2
35,47,0.7643952666389005,5.0,0.0,0.2
35,48,0.7760173029016622,5.0,0.0,0.2
35,49,0.7625466406273849,5.0,0.0,0.2
36,0,0.7855295565074092,5.0,0.0,0.2
36,1,0.7797398334235206,5.0,0.0,0.2
36,2,0.7913111121014146,5.0,0.0,0.2
36,3,0.7681271449675635,5.0,0.0,0.2
36,4,0.7507527196475917,5.0,0.0,0.2
36,5,0.7964552802721339,5.0,0.0,0.2
36,6,0.7723324829137795,5.0,0.0,0.2
36,7,0.7974228675911791,5.0,0.0,0.2
36,8,0.0,15.0,0.0,0.0
36,9,0.19557543117689802,50.0,50.0,0.4
36,10,0.1646247119454491,50.0,50.0,0.4
36,11,0.19837258692541057,50.0,50.0,0.4
36,12,0.17788849348433072,50.0,50.0,0.4
36,13,0.13061691521219565,50.0,50.0,0.4
36,14,0.7888251966166742,5.0,0.0,0.2
36,15,0.13149454445491726,50.0,50.0,0.4
36,16,0.16490113992158426,50.0,50.0,0.4
36,17,0.16616303722068362,50.0,50.0,0.4
36,18,0.0,10.0,0.0,0.0
36,19,0.10495559864028974,50.0,50.0,0.4
36,20,0.14320389754537777,50.0,50.0,0.4
36,21,0.14847843750850354,50.0,50.0,0.4
36,22,0.0,10.0,0.0,0.0
36,23,0.13359572184138135,50.0,50.0,0.4
36,24,0.15449726749354661,50.0,50.0,0.4
36,25,0.6827343417557541,5.0,0.0,1.0
36,26,0.6556141677887632,5.0,0.0,1.0
36,27,0.6973093472358095,5.0,0.0,1.0
36,28,0.6749000244323772,5.0,0.0,1.0
36,29,0.7527251937213778,5.0,0.0,0.2
36,30,0.7828464390381881,5.0,0.0,0.2
36,31,0.7610943984459984,5.0,0.0,0.2
36,32,0.7721797550240168,5.0,0.0,0.2
36,33,0.7806910375961833,5.0,0.0,0.2
36,34,0.7902169462327269,5.0,0.0,0.2
36,35,0.7913085970750441,5.0,0.0,0.2
36,36,0.7841627942429226,5.0,0.0,0.2
36,37,0.7591026188246188,5.0,0.0,0.2
36,38,0.76661001758036,5.0,0.0,0.2
36,39,0.7700711193910077,5.0,0.0,0.2
36,40,0.7681118539486584,5.0,0.0,0.2
36,41,0.7871804802041633,5.0,0.0,0.2
36,42,0.75528163641958,5.0,0.0,0.2
36,43,0.7564442073772091,5.0,0.0,0.2
36,44,0.7595627003821157,5.0,0.0,0.2
36,45,0.7897519081533714,5.0,0.0,0.2
36,46,0.7990776753451808,5.0,0.0,0.2
36,47,0.7565126922327612,5.0,0.0,0.2
36,48,0.7743298137168706,5.0,0.0,0.2
36,49,0.7784666669826552,5.0,0.0,0.2
37,0,0.7693414719114646,5.0,0.0,0.2
37,1,0.7534160805846795,5.0,0.0,0.2
37,2,0.7621782219577418,5.0,0.0,0.2
37,3,0.790352717195941,5.0,0.0,0.2
37,4,0.7877080625226608,5.0,0.0,0.2
37,5,0.7788233940328004,5.0,0.0,0.2
37,6,0.788646638550768,5.0,0.0,0.2
37,7,0.7700041898012727,5.0,0.0,0.2
37,8,0.7990271601608328,5.0,0.0,0.2
37,9,0.0,15.0,0.0,0.0
37,10,0.16980990626989118,50.0,50.0,0.4
37,11,0.19289844368520734,50.0,50.0,0.4
37,12,0.13235547587189667,50.0,50.0,0.4
37,13,0.1942311930691046,50.0,50.0,0.4
37,14,0.7621603588920981,5.0,0.0,0.2
37,15,0.7586868059859234,5.0,0.0,0.2
37,16,0.7644104492699492,5.0,0.0,0.2
37,17,0.19604767586222294,50.0,50.0,0.4
37,18,0.15166622171221084,50.0,50.0,0.4
37,19,0.0,10.0,0.0,0.0
37,20,0.14582368729463485,50.0,50.0,0.4
37,21,0.0,10.0,0.0,0.0
37,22,0.10689512826456349,50.0,50.0,0.4
37,23,0.13688678140448532,50.0,50.0,0.4
37,24,0.0,10.0,0.0,0.0
37,25,0.18070488233708526,50.0,50.0,0.4
37,26,0.178710081490323,50.0,50.0,0.4
37,27,0.6657727606710869,5.0,0.0,1.0
37,28,0.6740224021365622,5.0,0.0,1.0
37,29,0.7668045943098973,5.0,0.0,0.2
37,30,0.7606040606321168,5.0,0.0,0.2
37,31,0.7950667074324407,5.0,0.0,0.2
37,32,0.7602227722097897,5.0,0.0,0.2
37,33,0.7530003263228745,5.0,0.0,0.2
37,34,0.7896704160465633,5.0,0.0,0.2
37,35,0.7957226755001001,5.0,0.0,0.2
37,36,0.7647870007337706,5.0,0.0,0.2
37,37,0.7738198206113351,5.0,0.0,0.2
37,38,0.7930747520114017,5.0,0.0,0.2
37,39,0.7542078563778046,5.0,0.0,0.2
37,40,0.7917965060495883,5.0,0.0,0.2
37,41,0.7687075954339099,5.0,0.0,0.2
37,42,0.7574675235355998,5.0,0.0,0.2
37,43,0.7629766945416951,5.0,0.0,0.2
37,44,0.7649596935123795,5.0,0.0,0.2
37,45,0.7762524739011628,5.0,0.0,0.2
37,46,0.7560893892889945,5.0,0.0,0.2
37,47,0.7786692140691308,5.0,0.0,0.2
37,48,0.7598947238148986,5.0,0.0,0.2
37,49,0.7594316752026458,5.0,0.0,0.2
38,0,0.7818806403952622,5.0,0.0,0.2
38,1,0.7681274979205567,5.0,0.0,0.2
38,2,0.794905486524338,5.0,0.0,0.2
38,3,0.7653922292774149,5.0,0.0,0.2
38,4,0.7985875910363818,5.0,0.0,0.2
38,5,0.7649030523279859,5.0,0.0,0.2
38,6,0.7650456823831027,5.0,0.0,0.2
38,7,0.7960091293368206,5.0,0.0,0.2
38,8,0.7939566289336039,5.0,0.0,0.2
38,9,0.7990677077445354,5.0,0.0,0.2
38,10,0.0,15.0,0.0,0.0
38,11,0.1835682392847329,50.0,50.0,0.4
38,12,0.17157713963523386,50.0,50.0,0.4
38,13,0.14757682259981722,50.0,50.0,0.4
38,14,0.1794200264351497,50.0,50.0,0.4
38,15,0.11378775958957142,50.0,50.0,0.4
38,16,0.7611923991227991,5.0,0.0,0.2
38,17,0.15056181922936918,50.0,50.0,0.4
38,18,0.18454168180430217,50.0,50.0,0.4
38,19,0.10764227400186879,50.0,50.0,0.4
38,20,0.0,10.0,0.0,0.0
38,21,0.1452911656878895,50.0,50.0,0.4
38,22,0.0,10.0,0.0,0.0
38,23,0.10324448804159198,50.0,50.0,0.4
38,24,0.1685932789311712,50.0,50.0,0.4
38,25,0.0,10.0,0.0,0.0
38,26,0.13763505858982403,50.0,50.0,0.4
38,27,0.17224093002744356,50.0,50.0,0.4
38,28,0.6810229886684578,5.0,0.0,1.0
38,29,0.6955897983053493,5.0,0.0,1.0
38,30,0.7895029233616019,5.0,0.0,0.2
38,31,0.7717223280659133,5.0,0.0,0.2
38,32,0.7659293184321464,5.0,0.0,0.2
38,33,0.7863400554692879,5.0,0.0,0.2
38,34,0.78803774343587,5.0,0.0,0.2
38,35,0.7872465545482626,5.0,0.0,0.2
38,36,0.7561596997698865,5.0,0.0,0.2
38,37,0.7875265671768515,5.0,0.0,0.2
38,38,0.7520028287980066,5.0,0.0,0.2
38,39,0.7916398242120416,5.0,0.0,0.2
38,40,0.7998197850667865,5.0,0.0,0.2
38,41,0.7878010882753045,5.0,0.0,0.2
38,42,0.7995490295621797,5.0,0.0,0.2
38,43,0.7682971119530548,5.0,0.0,0.2
38,44,0.7505957573803781,5.0,0.0,0.2
38,45,0.7564553505658105,5.0,0.0,0.2
38,46,0.799871313794049,5.0,0.0,0.2
38,47,0.7593525607876063,5.0,0.0,0.2
38,48,0.7613357977400255,5.0,0.0,0.2
38,49,0.7841607655256808,5.0,0.0,0.2
39,0,0.7538477363473786,5.0,0.0,0.2
39,1,0.7664843534006466,5.0,0.0,0.2
39,2,0.7569277848096417,5.0,0.0,0.2
39,3,0.783361063406651,5.0,0.0,0.2
39,4,0.7614923552959146,5.0,0.0,0.2
39,5,0.7567615396568034,5.0,0.0,0.2
39,6,0.7967500263097719,5.0,0.0,0.2
39,7,0.7932966502414464,5.0,0.0,0.2
39,8,0.7932995349154988,5.0,0.0,0.2
39,9,0.7563763848533797,5.0,0.0,0.2
39,10,0.766491610927669,5.0,0.0,0.2
39,11,0.0,15.0,0.0,0.0
39,12,0.1329858853558742,50.0,50.0,0.4
39,13,0.14973807758634539,50.0,50.0,0.4
39,14,0.19779879056158092,50.0,50.0,0.4
39,15,0.19334539021807684,50.0,50.0,0.4
39,16,0.1877253295522178,50.0,50.0,0.4
39,17,0.18938809626165962,50.0,50.0,0.4
39,18,0.1902339604827365,50.0,50.0,0.4
39,19,0.0,10.0,0.0,0.0
39,20,0.0,10.0,0.0,0.0
39,21,0.10683595358134593,50.0,50.0,0.4
39,22,0.12288170120632932,50.0,50.0,0.4
39,23,0.0,10.0,0.0,0.0
39,24,0.15275276247286565,50.0,50.0,0.4
39,25,0.1515010511494816,50.0,50.0,0.4
39,26,0.0,10.0,0.0,0.0
39,27,0.1511991682302589,50.0,50.0,0.4
39,28,0.12955009632747683,50.0,50.0,0.4
39,29,0.6717787746876204,5.0,0.0,1.0
39,30,0.7978410091156652,5.0,0.0,0.2
39,31,0.7625843128424054,5.0,0.0,0.2
39,32,0.790768506375286,5.0,0.0,0.2
39,33,0.788408458073862,5.0,0.0,0.2
39,34,0.7650017119390383,5.0,0.0,0.2
39,35,0.7580024768827929,5.0,0.0,0.2
39,36,0.7635205521801992,5.0,0.0,0.2
39,37,0.7724625843916528,5.0,0.0,0.2
39,38,0.753536664071413,5.0,0.0,0.2
39,39,0.7871398871428039,5.0,0.0,0.2
39,40,0.7640052880516625,5.0,0.0,0.2
39,41,0.7553876146035624,5.0,0.0,0.2
39,42,0.7684989781600337,5.0,0.0,0.2
39,43,0.7987733818437889,5.0,0.0,0.2
39,44,0.7539086789233167,5.0,0.0,0.2
39,45,0.7865655363890708,5.0,0.0,0.2
39,46,0.7740573516116906,5.0,0.0,0.2
39,47,0.7596455409705053,5.0,0.0,0.2
39,48,0.7516233436786656,5.0,0.0,0.2
39,49,0.763238169401391,5.0,0.0,0.2
40,0,0.7884312623216512,5.0,0.0,0.2
40,1,0.7727168566141921,5.0,0.0,0.2
40,2,0.7793419291170527,5.0,0.0,0.2
40,3,0.7812459047916548,5.0,0.0,0.2
40,4,0.7917400169792211,5.0,0.0,0.2
40,5,0.7746475282451568,5.0,0.0,0.2
40,6,0.7692595314187838,5.0,0.0,0.2
40,7,0.7746486292264672,5.0,0.0,0.2
40,8,0.7730413710201627,5.0,0.0,0.2
40,9,0.7993417857575302,5.0,0.0,0.2
40,10,0.7546458740626971,5.0,0.0,0.2
40,11,0.7568210615381986,5.0,0.0,0.2
40,12,0.0,15.0,0.0,0.0
40,13,0.1821043007613589,50.0,50.0,0.4
40,14,0.18114598042779156,50.0,50.0,0.4
40,15,0.12123764157685653,50.0,50.0,0.4
40,16,0.11657747045787625,50.0,50.0,0.4
40,17,0.13625394610350916,50.0,50.0,0.4
40,18,0.0,10.0,0.0,0.0
40,19,0.13064951793060348,50.0,50.0,0.4
40,20,0.11400395223370544,50.0,50.0,0.4
40,21,0.0,10.0,0.0,0.0
40,22,0.1405190987379423,50.0,50.0,0.4
40,23,0.18014661833307152,50.0,50.0,0.4
40,24,0.0,10.0,0.0,0.0
40,25,0.0,10.0,0.0,0.0
40,26,0.1886449383707976,50.0,50.0,0.4
40,27,0.0,10.0,0.0,0.0
40,28,0.1029816977909671,50.0,50.0,0.4
40,29,0.12503468939403573,50.0,50.0,0.4
40,30,0.6954361571802182,5.0,0.0,1.0
40,31,0.7985845057086001,5.0,0.0,0.2
40,32,0.7917449062833432,5.0,0.0,0.2
40,33,0.7862939572464729,5.0,0.0,0.2
40,34,0.7557119666618256,5.0,0.0,0.2
40,35,0.757138660707965,5.0,0.0,0.2
40,36,0.7529710118846197,5.0,0.0,0.2
40,37,0.7794925440369161,5.0,0.0,0.2
40,38,0.7711784060978328,5.0,0.0,0.2
40,39,0.7843623841873173,5.0,0.0,0.2
40,40,0.7871067084139801,5.0,0.0,0.2
40,41,0.7737585921031227,5.0,0.0,0.2
40,42,0.7583800658617552,5.0,0.0,0.2
40,43,0.775099066809715,5.0,0.0,0.2
40,44,0.756779029167553,5.0,0.0,0.2
40,45,0.7548970393094527,5.0,0.0,0.2
40,46,0.7627951712452685,5.0,0.0,0.2
40,47,0.7757821400995318,5.0,0.0,0.2
40,48,0.7867486213211431,5.0,0.0,0.2
40,49,0.7823596062117294,5.0,0.0,0.2
41,0,0.7671405353608008,5.0,0.0,0.2
41,1,0.7513840783643452,5.0,0.0,0.2
41,2,0.7664208028806366,5.0,0.0,0.2
41,3,0.7619217337483307,5.0,0.0,0.2
41,4,0.7580197737373601,5.0,0.0,0.2
41,5,0.7962784831181182,5.0,0.0,0.2
41,6,0.7739654429766654,5.0,0.0,0.2
41,7,0.7968439055610419,5.0,0.0,0.2
41,8,0.787612121678502,5.0,0.0,0.2
41,9,0.757978337442219,5.0,0.0,0.2
41,10,0.7801558727668639,5.0,0.0,0.2
41,11,0.7658443711804417,5.0,0.0,0.2
41,12,0.7856703982447091,5.0,0.0,0.2
41,13,0.0,15.0,0.0,0.0
41,14,0.16149848191456317,50.0,50.0,0.4
41,15,0.11326495018276761,50.0,50.0,0.4
41,16,0.12533206413581802,50.0,50.0,0.4
41,17,0.0,10.0,0.0,0.0
41,18,0.16180733126991592,50.0,50.0,0.4
41,19,0.13685901626660107,50.0,50.0,0.4
41,20,0.7922171531040673,5.0,0.0,0.2
41,21,0.780754773212809,5.0,0.0,0.2
41,22,0.0,10.0,0.0,0.0
41,23,0.18579325395553112,50.0,50.0,0.4
41,24,0.0,10.0,0.0,0.0
41,25,0.0,10.0,0.0,0.0
41,26,0.19324766121045042,50.0,50.0,0.4
41,27,0.19088800393825542,50.0,50.0,0.4
41,28,0.0,10.0,0.0,0.0
41,29,0.17487598645163147,50.0,50.0,0.4
41,30,0.6573863080624901,5.0,0.0,1.0
41,31,0.7883209591600332,5.0,0.0,0.2
41,32,0.7819714819617293,5.0,0.0,0.2
41,33,0.7841478466026265,5.0,0.0,0.2
41,34,0.7846833760961136,5.0,0.0,0.2
41,35,0.7540247597488372,5.0,0.0,0.2
41,36,0.7636678931995372,5.0,0.0,0.2
41,37,0.7698722478270842,5.0,0.0,0.2
41,38,0.7658436931930815,5.0,0.0,0.2
41,39,0.7661266614497722,5.0,0.0,0.2
41,40,0.7913586434852948,5.0,0.0,0.2
41,41,0.7762555006246908,5.0,0.0,0.2
41,42,0.7845828544449656,5.0,0.0,0.2
41,43,0.7561870277136985,5.0,0.0,0.2
41,44,0.7969879106534112,5.0,0.0,0.2
41,45,0.7551708191621328,5.0,0.0,0.2
41,46,0.7777828246905514,5.0,0.0,0.2
41,47,0.7775642230608119,5.0,0.0,0.2
41,48,0.7591728043609746,5.0,0.0,0.2
41,49,0.7858371216263189,5.0,0.0,0.2
42,0,0.7627347702393352,5.0,0.0,0.2
42,1,0.7583732712047461,5.0,0.0,0.2
42,2,0.7635087468069106,5.0,0.0,0.2
42,3,0.7676731123862637,5.0,0.0,0.2
42,4,0.7829082399308487,5.0,0.0,0.2
42,5,0.7906629372032096,5.0,0.0,0.2
42,6,0.7678133660391281,5.0,0.0,0.2
42,7,0.7821235330382443,5.0,0.0,0.2
42,8,0.7896601366941155,5.0,0.0,0.2
42,9,0.7503258042953871,5.0,0.0,0.2
42,10,0.7516610584700377,5.0,0.0,0.2
42,11,0.7612884790160827,5.0,0.0,0.2
42,12,0.7828016058409851,5.0,0.0,0.2
42,13,0.7651555838335496,5.0,0.0,0.2
42,14,0.0,15.0,0.0,0.0
42,15,0.0,15.0,0.0,0.0
42,16,0.0,10.0,0.0,0.0
42,17,0.19678000834600834,50.0,50.0,0.4
42,18,0.10919806622153723,50.0,50.0,0.4
42,19,0.17323258990874763,50.0,50.0,0.4
42,20,0.1897378105145126,50.0,50.0,0.4
42,21,0.7936691801913107,5.0,0.0,0.2
42,22,0.10494873626615342,50.0,50.0,0.4
42,23,0.0,10.0,0.0,0.0
42,24,0.16869885260369688,50.0,50.0,0.4
42,25,0.17349367893634168,50.0,50.0,0.4
42,26,0.0,10.0,0.0,0.0
42,27,0.1888247383969378,50.0,50.0,0.4
42,28,0.168441717191801,50.0,50.0,0.4
42,29,0.0,10.0,0.0,0.0
42,30,0.6676955858475144,5.0,0.0,1.0
42,31,0.7679819834381035,5.0,0.0,0.2
42,32,0.7981537144315586,5.0,0.0,0.2
42,33,0.7576183368215876,5.0,0.0,0.2
42,34,0.7614663993195538,5.0,0.0,0.2
42,35,0.7595276240453058,5.0,0.0,0.2
42,36,0.7643068233044709,5.0,0.0,0.2
42,37,0.793516374446217,5.0,0.0,0.2
42,38,0.7581543422562631,5.0,0.0,0.2
42,39,0.7814959059340219,5.0,0.0,0.2
42,40,0.7540586778994605,5.0,0.0,0.2
42,41,0.7758655707512319,5.0,0.0,0.2
42,42,0.7618768687371767,5.0,0.0,0.2
42,43,0.7640740036286093,5.0,0.0,0.2
42,44,0.7880519525617661,5.0,0.0,0.2
42,45,0.7528145624980271,5.0,0.0,0.2
42,46,0.7569599425536281,5.0,0.0,0.2
42,47,0.7609658992531617,5.0,0.0,0.2
42,48,0.7680547893910675,5.0,0.0,0.2
42,49,0.775214785603133,5.0,0.0,0.2
43,0,0.7699369966506674,5.0,0.0,0.2
43,1,0.7856853913449332,5.0,0.0,0.2
43,2,0.7670282300228576,5.0,0.0,0.2
43,3,0.7614878602571441,5.0,0.0,0.2
43,4,0.7675914635697296,5.0,0.0,0.2
43,5,0.12235339088423218,50.0,50.0,0.4
43,6,0.10852719070730082,50.0,50.0,0.4
43,7,0.1595099111422814,50.0,50.0,0.4
43,8,0.16429496059560045,50.0,50.0,0.4
43,9,0.19150198148732211,50.0,50.0,0.4
43,10,0.1388184834324807,50.0,50.0,0.4
43,11,0.17423229013821723,50.0,50.0,0.4
43,12,0.11087687375828273,50.0,50.0,0.4
43,13,0.1932521188289806,50.0,50.0,0.4
43,14,0.7550759634436618,5.0,0.0,0.2
43,15,0.0,15.0,0.0,0.0
43,16,0.13020044092834676,50.0,50.0,0.4
43,17,0.13911659012760144,50.0,50.0,0.4
43,18,0.1344327841045279,50.0,50.0,0.4
43,19,0.12888112267938753,50.0,50.0,0.4
43,20,0.10767365768834697,50.0,50.0,0.4
43,21,0.17392810625915472,50.0,50.0,0.4
43,22,0.7695370098744321,5.0,0.0,0.2
43,23,0.1731764819285423,50.0,50.0,0.4
43,24,0.0,10.0,0.0,0.0
43,25,0.1059549087407817,50.0,50.0,0.4
43,26,0.17120538379475386,50.0,50.0,0.4
43,27,0.0,10.0,0.0,0.0
43,28,0.19591832479511506,50.0,50.0,0.4
43,29,0.14027168743449137,50.0,50.0,0.4
43,30,0.6968730556607203,5.0,0.0,1.0
43,31,0.7618065804600812,5.0,0.0,0.2
43,32,0.7642975007825583,5.0,0.0,0.2
43,33,0.789449509865428,5.0,0.0,0.2
43,34,0.7709035487231498,5.0,0.0,0.2
43,35,0.7720027151780127,5.0,0.0,0.2
43,36,0.781606833403168,5.0,0.0,0.2
43,37,0.7804946455490114,5.0,0.0,0.2
43,38,0.7665899351150691,5.0,0.0,0.2
43,39,0.7878900483662232,5.0,0.0,0.2
43,40,0.7767086921636128,5.0,0.0,0.2
43,41,0.7852848717028528,5.0,0.0,0.2
43,42,0.7748961966021298,5.0,0.0,0.2
43,43,0.7539848607055444,5.0,0.0,0.2
43,44,0.7700407957867181,5.0,0.0,0.2
43,45,0.7639845643144435,5.0,0.0,0.2
43,46,0.7830358705551146,5.0,0.0,0.2
43,47,0.7696287215874854,5.0,0.0,0.2
43,48,0.7985792309465298,5.0,0.0,0.2
43,49,0.7983707631109812,5.0,0.0,0.2
44,0,0.7809662442062466,5.0,0.0,0.2
44,1,0.7882632307500421,5.0,0.0,0.2
44,2,0.7522347010311875,5.0,0.0,0.2
44,3,0.7923755607297778,5.0,0.0,0.2
44,4,0.7611185361715636,5.0,0.0,0.2
44,5,0.10018979709634683,50.0,50.0,0.4
44,6,0.11558564567181977,50.0,50.0,0.4
44,7,0.10958393487371483,50.0,50.0,0.4
44,8,0.14763433057824754,50.0,50.0,0.4
44,9,0.10354524838598278,50.0,50.0,0.4
44,10,0.15786717042190676,50.0,50.0,0.4
44,11,0.17335093696325554,50.0,50.0,0.4
44,12,0.15333292297928758,50.0,50.0,0.4
44,13,0.13320531351311532,50.0,50.0,0.4
44,14,0.7866998304438542,5.0,0.0,0.2
44,15,0.7753935550217127,5.0,0.0,0.2
44,16,0.0,15.0,0.0,0.0
44,17,0.17068529448153014,50.0,50.0,0.4
44,18,0.1321403242568839,50.0,50.0,0.4
44,19,0.10346767404033153,50.0,50.0,0.4
44,20,0.7950413890480973,5.0,0.0,0.2
44,21,0.1260020711990999,50.0,50.0,0.4
44,22,0.16203756621400378,50.0,50.0,0.4
44,23,0.7833955566697381,5.0,0.0,0.2
44,24,0.16637388219969246,50.0,50.0,0.4
44,25,0.0,10.0,0.0,0.0
44,26,0.18122747831386193,50.0,50.0,0.4
44,27,0.1182720459141131,50.0,50.0,0.4
44,28,0.0,10.0,0.0,0.0
44,29,0.18855269883617143,50.0,50.0,0.4
44,30,0.6862116278487211,5.0,0.0,1.0
44,31,0.7594416887630283,5.0,0.0,0.2
44,32,0.755857921379799,5.0,0.0,0.2
44,33,0.755328456289628,5.0,0.0,0.2
44,34,0.750950376355727,5.0,0.0,0.2
44,35,0.7907457739930754,5.0,0.0,0.2
44,36,0.7660090829861699,5.0,0.0,0.2
44,37,0.7521289291158666,5.0,0.0,0.2
44,38,0.7624557098686018,5.0,0.0,0.2
44,39,0.7777005148938929,5.0,0.0,0.2
44,40,0.7510955860901375,5.0,0.0,0.2
44,41,0.7892858189840776,5.0,0.0,0.2
44,42,0.796835608716832,5.0,0.0,0.2
44,43,0.7542144736648976,5.0,0.0,0.2
44,44,0.7643559126016787,5.0,0.0,0.2
44,45,0.7742210742722943,5.0,0.0,0.2
44,46,0.7757741319449747,5.0,0.0,0.2
44,47,0.7867360793415132,5.0,0.0,0.2
44,48,0.7634141661291081,5.0,0.0,0.2
44,49,0.7874550457774304,5.0,0.0,0.2
45,0,0.7796506796773328,5.0,0.0,0.2
45,1,0.7637841165360421,5.0,0.0,0.2
45,2,0.7804666562473908,5.0,0.0,0.2
45,3,0.7904528527479772,5.0,0.0,0.2
45,4,0.7546844270159402,5.0,0.0,0.2
45,5,0.18971699149928434,50.0,50.0,0.4
45,6,0.1465134159256417,50.0,50.0,0.4
45,7,0.17641640012937904,50.0,50.0,0.4
45,8,0.1419344589833876,50.0,50.0,0.4
45,9,0.13150436940303992,50.0,50.0,0.4
45,10,0.13729641406716864,50.0,50.0,0.4
45,11,0.19268382577389834,50.0,50.0,0.4
45,12,0.1959872825990943,50.0,50.0,0.4
45,13,0.18768861059846384,50.0,50.0,0.4
45,14,0.794191248504255,5.0,0.0,0.2
45,15,0.7830505559238549,5.0,0.0,0.2
45,16,0.7556656013176397,5.0,0.0,0.2
45,17,0.0,15.0,0.0,0.0
45,18,0.18079613776667258,50.0,50.0,0.4
45,19,0.13159665561391584,50.0,50.0,0.4
45,20,0.1760378561109643,50.0,50.0,0.4
45,21,0.7560108399969506,5.0,0.0,0.2
45,22,0.15090492253979085,50.0,50.0,0.4
45,23,0.11141423412234411,50.0,50.0,0.4
45,24,0.19873636219712365,50.0,50.0,0.4
45,25,0.16662337564186797,50.0,50.0,0.4
45,26,0.0,10.0,0.0,0.0
45,27,0.12546151045677026,50.0,50.0,0.4
45,28,0.16465263417592269,50.0,50.0,0.4
45,29,0.0,10.0,0.0,0.0
45,30,0.1706958203299129,50.0,50.0,0.4
45,31,0.6935309363940307,5.0,0.0,1.0
45,32,0.7708038278140217,5.0,0.0,0.2
45,33,0.7764200411329444,5.0,0.0,0.2
45,34,0.7672334748326808,5.0,0.0,0.2
45,35,0.779069953036043,5.0,0.0,0.2
45,36,0.7801281578872528,5.0,0.0,0.2
45,37,0.7782634363903684,5.0,0.0,0.2
45,38,0.7784450906524292,5.0,0.0,0.2
45,39,0.7850552904109916,5.0,0.0,0.2
45,40,0.7589538497442027,5.0,0.0,0.2
45,41,0.7511492445266936,5.0,0.0,0.2
45,42,0.7900751482957133,5.0,0.0,0.2
45,43,0.7554421538846546,5.0,0.0,0.2
45,44,0.7899777702640804,5.0,0.0,0.2
45,45,0.7673224225394187,5.0,0.0,0.2
45,46,0.7696132689704316,5.0,0.0,0.2
45,47,0.7808334580007528,5.0,0.0,0.2
45,48,0.7937109324977623,5.0,0.0,0.2
45,49,0.7921657492582959,5.0,0.0,0.2
46,0,0.7902752870734046,5.0,0.0,0.2
46,1,0.7883435639926161,5.0,0.0,0.2
46,2,0.7569463191171728,5.0,0.0,0.2
46,3,0.14910726688926979,50.0,50.0,0.4
46,4,0.1571579041037535,50.0,50.0,0.4
46,5,0.16607378772525766,50.0,50.0,0.4
46,6,0.1264307817616731,50.0,50.0,0.4
46,7,0.15074215387501588,50.0,50.0,0.4
46,8,0.15345586143406412,50.0,50.0,0.4
46,9,0.1371800982346138,50.0,50.0,0.4
46,10,0.18661617741761424,50.0,50.0,0.4
46,11,0.10823542759846122,50.0,50.0,0.4
46,12,0.17042580004033447,50.0,50.0,0.4
46,13,0.11089683513567505,50.0,50.0,0.4
46,14,0.7567500730449868,5.0,0.0,0.2
46,15,0.7838239970576951,5.0,0.0,0.2
46,16,0.7940101826886561,5.0,0.0,0.2
46,17,0.7894487580527348,5.0,0.0,0.2
46,18,0.0,15.0,0.0,0.0
46,19,0.1292924602527123,50.0,50.0,0.4
46,20,0.15312054900912736,50.0,50.0,0.4
46,21,0.185929239942967,50.0,50.0,0.4
46,22,0.781254358391729,5.0,0.0,0.2
46,23,0.12577749328793295,50.0,50.0,0.4
46,24,0.16735959875222212,50.0,50.0,0.4
46,25,0.16962680130554736,50.0,50.0,0.4
46,26,0.15967866546750425,50.0,50.0,0.4
46,27,0.7635453686920778,5.0,0.0,0.2
46,28,0.7767888233127344,5.0,0.0,0.2
46,29,0.7994088281746505,5.0,0.0,0.2
46,30,0.1678192823031922,50.0,50.0,0.4
46,31,0.1521780318562266,50.0,50.0,0.4
46,32,0.6884222766887825,5.0,0.0,1.0
46,33,0.7829029122124731,5.0,0.0,0.2
46,34,0.7746969958874068,5.0,0.0,0.2
46,35,0.7732697561213708,5.0,0.0,0.2
46,36,0.7700187894605952,5.0,0.0,0.2
46,37,0.766957163549364,5.0,0.0,0.2
46,38,0.7819578500656155,5.0,0.0,0.2
46,39,0.771134400463329,5.0,0.0,0.2
46,40,0.7664486934709276,5.0,0.0,0.2
46,41,0.7539228258088229,5.0,0.0,0.2
46,42,0.7524370099213931,5.0,0.0,0.2
46,43,0.7623495929996036,5.0,0.0,0.2
46,44,0.7935040507485519,5.0,0.0,0.2
46,45,0.766150636442888,5.0,0.0,0.2
46,46,0.7843758115499933,5.0,0.0,0.2
46,47,0.7723523055334179,5.0,0.0,0.2
46,48,0.787276853229441,5.0,0.0,0.2
46,49,0.7592525836780559,5.0,0.0,0.2
47,0,0.764166884860552,5.0,0.0,0.2
47,1,0.7756145581165351,5.0,0.0,0.2
47,2,0.7653505769974565,5.0,0.0,0.2
47,3,0.16956296739354498,50.0,50.0,0.4
47,4,0.191458636640056,50.0,50.0,0.4
47,5,0.17184667130211428,50.0,50.0,0.4
47,6,0.10990621963334783,50.0,50.0,0.4
47,7,0.13980068189624303,50.0,50.0,0.4
47,8,0.17511297477351975,50.0,50.0,0.4
47,9,0.10585131954774107,50.0,50.0,0.4
47,10,0.16222704714140485,50.0,50.0,0.4
47,11,0.13463042170063133,50.0,50.0,0.4
47,12,0.13463617271720296,50.0,50.0,0.4
47,13,0.18974433415194547,50.0,50.0,0.4
47,14,0.7521755658855972,5.0,0.0,0.2
47,15,0.7886905327192401,5.0,0.0,0.2
47,16,0.775644289478669,5.0,0.0,0.2
47,17,0.7780050579023061,5.0,0.0,0.2
47,18,0.7898427643714035,5.0,0.0,0.2
47,19,0.0,15.0,0.0,0.0
47,20,0.12147115798103489,50.0,50.0,0.4
47,21,0.19855006589496837,50.0,50.0,0.4
47,22,0.16859697472054513,50.0,50.0,0.4
47,23,0.11525084184254238,50.0,50.0,0.4
47,24,0.14552377685558243,50.0,50.0,0.4
47,25,0.16299941282974076,50.0,50.0,0.4
47,26,0.1946802988154377,50.0,50.0,0.4
47,27,0.7678593196524854,5.0,0.0,0.2
47,28,0.11231954279341913,50.0,50.0,0.4
47,29,0.18216464954681744,50.0,50.0,0.4
47,30,0.7505617938521374,5.0,0.0,0.2
47,31,0.11112492358519813,50.0,50.0,0.4
47,32,0.18908360824076714,50.0,50.0,0.4
47,33,0.6773231928268011,5.0,0.0,1.0
47,34,0.7660086675227786,5.0,0.0,0.2
47,35,0.7912007068437825,5.0,0.0,0.2
47,36,0.7717848782466509,5.0,0.0,0.2
47,37,0.7614932582832562,5.0,0.0,0.2
47,38,0.7764146493824844,5.0,0.0,0.2
47,39,0.7650847140629236,5.0,0.0,0.2
47,40,0.798528822656508,5.0,0.0,0.2
47,41,0.7716094752091003,5.0,0.0,0.2
47,42,0.7659371925155158,5.0,0.0,0.2
47,43,0.7768059580876551,5.0,0.0,0.2
47,44,0.773893854213869,5.0,0.0,0.2
47,45,0.7754837790691843,5.0,0.0,0.2
47,46,0.7574007804809246,5.0,0.0,0.2
47,47,0.796425312288626,5.0,0.0,0.2
47,48,0.7831307807127951,5.0,0.0,0.2
47,49,0.7871707013599919,5.0,0.0,0.2
48,0,0.7909938786891324,5.0,0.0,0.2
48,1,0.7936970076794421,5.0,0.0,0.2
48,2,0.7995495434437975,5.0,0.0,0.2
48,3,0.1919698705037176,50.0,50.0,0.4
48,4,0.13427488553846095,50.0,50.0,0.4
48,5,0.10413496625694407,50.0,50.0,0.4
48,6,0.16143541857532406,50.0,50.0,0.4
48,7,0.12869159138085945,50.0,50.0,0.4
48,8,0.18136077922039903,50.0,50.0,0.4
48,9,0.12422321269518989,50.0,50.0,0.4
48,10,0.10806335281645714,50.0,50.0,0.4
48,11,0.11371156334081994,50.0,50.0,0.4
48,12,0.17769783477030596,50.0,50.0,0.4
48,13,0.15160278283249873,50.0,50.0,0.4
48,14,0.7924325253335198,5.0,0.0,0.2
48,15,0.7713608727974935,5.0,0.0,0.2
48,16,0.7988366561963615,5.0,0.0,0.2
48,17,0.7681762870709065,5.0,0.0,0.2
48,18,0.774723030219623,5.0,0.0,0.2
48,19,0.7972093933195237,5.0,0.0,0.2
48,20,0.0,15.0,0.0,0.0
48,21,0.193238977422638,50.0,50.0,0.4
48,22,0.1632125868099774,50.0,50.0,0.4
48,23,0.10359292364805354,50.0,50.0,0.4
48,24,0.1946023095179126,50.0,50.0,0.4
48,25,0.16611299143107344,50.0,50.0,0.4
48,26,0.7620757915338403,5.0,0.0,0.2
48,27,0.12535454423316633,50.0,50.0,0.4
48,28,0.12761353960148453,50.0,50.0,0.4
48,29,0.18371098937637728,50.0,50.0,0.4
48,30,0.11732567120460138,50.0,50.0,0.4
48,31,0.0,10.0,0.0,0.0
48,32,0.1975898372043934,50.0,50.0,0.4
48,33,0.12743851972685988,50.0,50.0,0.4
48,34,0.12239412946484922,50.0,50.0,0.4
48,35,0.18681053456448712,50.0,50.0,0.4
48,36,0.1515269140698281,50.0,50.0,0.4
48,37,0.10172705012808064,50.0,50.0,0.4
48,38,0.15319516979671582,50.0,50.0,0.4
48,39,0.11869005221696426,50.0,50.0,0.4
48,40,0.1658444614704236,50.0,50.0,0.4
48,41,0.7621133958288103,5.0,0.0,0.2
48,42,0.7747494367679311,5.0,0.0,0.2
48,43,0.7746753548295603,5.0,0.0,0.2
48,44,0.794156950797449,5.0,0.0,0.2
48,45,0.7697013741868494,5.0,0.0,0.2
48,46,0.7788562307098019,5.0,0.0,0.2
48,47,0.7660163928211915,5.0,0.0,0.2
48,48,0.7601253697512216,5.0,0.0,0.2
48,49,0.771088757828878,5.0,0.0,0.2
49,0,0.7729672157381493,5.0,0.0,0.2
49,1,0.7785382140542396,5.0,0.0,0.2
49,2,0.797966776006063,5.0,0.0,0.2
49,3,0.16364980114562594,50.0,50.0,0.4
49,4,0.15274330241599354,50.0,50.0,0.4
49,5,0.15971480237117802,50.0,50.0,0.4
49,6,0.12748083340227068,50.0,50.0,0.4
49,7,0.10640004721391888,50.0,50.0,0.4
49,8,0.12666555649715375,50.0,50.0,0.4
49,9,0.11247429025329211,50.0,50.0,0.4
49,10,0.19985773710900567,50.0,50.0,0.4
49,11,0.7769577911928514,5.0,0.0,0.2
49,12,0.790779217015732,5.0,0.0,0.2
49,13,0.7821651339269381,5.0,0.0,0.2
49,14,0.7791871938428861,5.0,0.0,0.2
49,15,0.7605857662872386,5.0,0.0,0.2
49,16,0.7753435040559777,5.0,0.0,0.2
49,17,0.7682465069462326,5.0,0.0,0.2
49,18,0.766886290502509,5.0,0.0,0.2
49,19,0.7876856112333266,5.0,0.0,0.2
49,20,0.0,15.0,0.0,0.0
49,21,0.151318827809128,50.0,50.0,0.4
49,22,0.13056886327024864,50.0,50.0,0.4
49,23,0.13438183504114382,50.0,50.0,0.4
49,24,0.13330423876911698,50.0,50.0,0.4
49,25,0.17048929357081322,50.0,50.0,0.4
49,26,0.7993061112650076,5.0,0.0,0.2
49,27,0.18652060197507042,50.0,50.0,0.4
49,28,0.1851842070933804,50.0,50.0,0.4
49,29,0.10108419130672427,50.0,50.0,0.4
49,30,0.1423657829974787,50.0,50.0,0.4
49,31,0.0,10.0,0.0,0.0
49,32,0.12539118359363022,50.0,50.0,0.4
49,33,0.1295285411110597,50.0,50.0,0.4
49,34,0.151867786702042,50.0,50.0,0.4
49,35,0.13697320636120824,50.0,50.0,0.4
49,36,0.16717490057211967,50.0,50.0,0.4
49,37,0.19013915244288696,50.0,50.0,0.4
49,38,0.19403560198959666,50.0,50.0,0.4
49,39,0.10492897648601339,50.0,50.0,0.4
49,40,0.17996026692654352,50.0,50.0,0.4
49,41,0.7879320948430255,5.0,0.0,0.2
49,42,0.7793191163665457,5.0,0.0,0.2
49,43,0.7555844787053024,5.0,0.0,0.2
49,44,0.7618963926385477,5.0,0.0,0.2
49,45,0.7876725836849694,5.0,0.0,0.2
49,46,0.7991262018700478,5.0,0.0,0.2
49,47,0.7982686733749074,5.0,0.0,0.2
49,48,0.7619004931054262,5.0,0.0,0.2
49,49,0.7958675994103751,5.0,0.0,0.2
