0,0,0.212908640313,50.0,50.0,0.4
0,1,0.0,15.0,0.0,0.0
0,2,0.153353973651,50.0,50.0,0.4
0,3,0.6684144434,5.0,0.0,1.0
0,4,0.75578562984,5.0,0.0,0.2
0,5,0.791763206225,5.0,0.0,0.2
0,6,0.770666644539,5.0,0.0,0.2
0,7,0.143226409949,50.0,50.0,0.4
0,8,0.26184657618,50.0,50.0,0.4
0,9,0.135518051475,50.0,50.0,0.4
0,10,0.280613271775,50.0,50.0,0.4
0,11,0.108220848169,50.0,50.0,0.4
0,12,0.260993503033,50.0,50.0,0.4
0,13,0.761859369585,5.0,0.0,0.2
0,14,0.767907931982,5.0,0.0,0.2
0,15,0.780783773198,5.0,0.0,0.2
0,16,0.795845192514,5.0,0.0,0.2
0,17,0.751598056808,5.0,0.0,0.2
0,18,0.7802235941,5.0,0.0,0.2
0,19,0.788855879423,5.0,0.0,0.2
0,20,0.772962398431,5.0,0.0,0.2
0,21,0.765230944287,5.0,0.0,0.2
0,22,0.780072973301,5.0,0.0,0.2
0,23,0.779644052799,5.0,0.0,0.2
0,24,0.757513850985,5.0,0.0,0.2
0,25,0.750346061958,5.0,0.0,0.2
0,26,0.757275866854,5.0,0.0,0.2
0,27,0.765607022674,5.0,0.0,0.2
0,28,0.789650919831,5.0,0.0,0.2
0,29,0.778116088472,5.0,0.0,0.2
0,30,0.766353999534,5.0,0.0,0.2
0,31,0.778418777189,5.0,0.0,0.2
0,32,0.750961924072,5.0,0.0,0.2
0,33,0.769189603982,5.0,0.0,0.2
0,34,0.752741469345,5.0,0.0,0.2
0,35,0.772659377842,5.0,0.0,0.2
0,36,0.778909056834,5.0,0.0,0.2
0,37,0.770853250677,5.0,0.0,0.2
0,38,0.79475672821,5.0,0.0,0.2
0,39,0.797450070686,5.0,0.0,0.2
0,40,0.750480083689,5.0,0.0,0.2
0,41,0.756282597094,5.0,0.0,0.2
0,42,0.774536022442,5.0,0.0,0.2
0,43,0.796695922267,5.0,0.0,0.2
0,44,0.790215672231,5.0,0.0,0.2
0,45,0.0,15.0,0.0,0.0
0,46,0.0866398981137,60.0,10.0,0.3
0,47,0.115615881302,60.0,10.0,0.3
0,48,0.0959543566992,60.0,10.0,0.3
0,49,0.11162821804,60.0,10.0,0.3
1,0,0.174594883961,50.0,50.0,0.4
1,1,0.0,15.0,0.0,0.0
1,2,0.283160615666,50.0,50.0,0.4
1,3,0.666876171051,5.0,0.0,1.0
1,4,0.792993890502,5.0,0.0,0.2
1,5,0.756272751143,5.0,0.0,0.2
1,6,0.767510289679,5.0,0.0,0.2
1,7,0.137021931889,50.0,50.0,0.4
1,8,0.251385364165,50.0,50.0,0.4
1,9,0.135236671497,50.0,50.0,0.4
1,10,0.291994081482,50.0,50.0,0.4
1,11,0.277040487636,50.0,50.0,0.4
1,12,0.262677584598,50.0,50.0,0.4
1,13,0.77977280986,5.0,0.0,0.2
1,14,0.777486211684,5.0,0.0,0.2
1,15,0.772979094775,5.0,0.0,0.2
1,16,0.7508375682,5.0,0.0,0.2
1,17,0.758236603058,5.0,0.0,0.2
1,18,0.782156972891,5.0,0.0,0.2
1,19,0.76640963606,5.0,0.0,0.2
1,20,0.779893968211,5.0,0.0,0.2
1,21,0.76720450246,5.0,0.0,0.2
1,22,0.763312067928,5.0,0.0,0.2
1,23,0.797222457882,5.0,0.0,0.2
1,24,0.767442563112,5.0,0.0,0.2
1,25,0.761941342478,5.0,0.0,0.2
1,26,0.754942935158,5.0,0.0,0.2
1,27,0.779620611533,5.0,0.0,0.2
1,28,0.763845048605,5.0,0.0,0.2
1,29,0.797441787789,5.0,0.0,0.2
1,30,0.776874701135,5.0,0.0,0.2
1,31,0.775941424272,5.0,0.0,0.2
1,32,0.799861919066,5.0,0.0,0.2
1,33,0.788639499816,5.0,0.0,0.2
1,34,0.794185487385,5.0,0.0,0.2
1,35,0.753088082916,5.0,0.0,0.2
1,36,0.794461883823,5.0,0.0,0.2
1,37,0.784275132271,5.0,0.0,0.2
1,38,0.791206935863,5.0,0.0,0.2
1,39,0.798413846462,5.0,0.0,0.2
1,40,0.751684735934,5.0,0.0,0.2
1,41,0.779443241709,5.0,0.0,0.2
1,42,0.771481576595,5.0,0.0,0.2
1,43,0.769260989204,5.0,0.0,0.2
1,44,0.795753000224,5.0,0.0,0.2
1,45,0.0,15.0,0.0,0.0
1,46,0.124999616217,60.0,10.0,0.3
1,47,0.0581533123819,60.0,10.0,0.3
1,48,0.113030363849,60.0,10.0,0.3
1,49,0.131573564272,60.0,10.0,0.3
2,0,0.237230764395,50.0,50.0,0.4
2,1,0.0,15.0,0.0,0.0
2,2,0.170645669927,50.0,50.0,0.4
2,3,0.6522145644,5.0,0.0,1.0
2,4,0.762750860608,5.0,0.0,0.2
2,5,0.765141643705,5.0,0.0,0.2
2,6,0.777861636228,5.0,0.0,0.2
2,7,0.210576457031,50.0,50.0,0.4
2,8,0.17975783872,50.0,50.0,0.4
2,9,0.22333050905,50.0,50.0,0.4
2,10,0.274483707526,50.0,50.0,0.4
2,11,0.213105679648,50.0,50.0,0.4
2,12,0.255772291651,50.0,50.0,0.4
2,13,0.763188060799,5.0,0.0,0.2
2,14,0.766000641519,5.0,0.0,0.2
2,15,0.775383663886,5.0,0.0,0.2
2,16,0.755150520713,5.0,0.0,0.2
2,17,0.756163127811,5.0,0.0,0.2
2,18,0.759718149352,5.0,0.0,0.2
2,19,0.754798257674,5.0,0.0,0.2
2,20,0.76616440963,5.0,0.0,0.2
2,21,0.776149159176,5.0,0.0,0.2
2,22,0.780994805701,5.0,0.0,0.2
2,23,0.779529798004,5.0,0.0,0.2
2,24,0.774979623309,5.0,0.0,0.2
2,25,0.7558325765,5.0,0.0,0.2
2,26,0.780221118738,5.0,0.0,0.2
2,27,0.781258336439,5.0,0.0,0.2
2,28,0.763064402755,5.0,0.0,0.2
2,29,0.781794421392,5.0,0.0,0.2
2,30,0.797727474011,5.0,0.0,0.2
2,31,0.768436266327,5.0,0.0,0.2
2,32,0.788297681005,5.0,0.0,0.2
2,33,0.788418624156,5.0,0.0,0.2
2,34,0.781216779824,5.0,0.0,0.2
2,35,0.795669866039,5.0,0.0,0.2
2,36,0.790663761232,5.0,0.0,0.2
2,37,0.774732625407,5.0,0.0,0.2
2,38,0.775519750572,5.0,0.0,0.2
2,39,0.761545485335,5.0,0.0,0.2
2,40,0.757449341861,5.0,0.0,0.2
2,41,0.761829544463,5.0,0.0,0.2
2,42,0.772074375952,5.0,0.0,0.2
2,43,0.790964822751,5.0,0.0,0.2
2,44,0.0,15.0,0.0,0.0
2,45,0.0968276942488,60.0,10.0,0.3
2,46,0.146423336934,60.0,10.0,0.3
2,47,0.0573671289117,60.0,10.0,0.3
2,48,0.0992373877719,60.0,10.0,0.3
2,49,0.064089841324,60.0,10.0,0.3
3,0,0.281645751528,50.0,50.0,0.4
3,1,0.0,15.0,0.0,0.0
3,2,0.216275782263,50.0,50.0,0.4
3,3,0.685993748618,5.0,0.0,1.0
3,4,0.775758888772,5.0,0.0,0.2
3,5,0.779044374273,5.0,0.0,0.2
3,6,0.77151797201,5.0,0.0,0.2
3,7,0.14500787112,50.0,50.0,0.4
3,8,0.291609274184,50.0,50.0,0.4
3,9,0.15218915099,50.0,50.0,0.4
3,10,0.150662337442,50.0,50.0,0.4
3,11,0.226641546195,50.0,50.0,0.4
3,12,0.287464377921,50.0,50.0,0.4
3,13,0.790525216008,5.0,0.0,0.2
3,14,0.777347030064,5.0,0.0,0.2
3,15,0.758056174526,5.0,0.0,0.2
3,16,0.762703396727,5.0,0.0,0.2
3,17,0.752068417796,5.0,0.0,0.2
3,18,0.787009703039,5.0,0.0,0.2
3,19,0.757124147364,5.0,0.0,0.2
3,20,0.789120184153,5.0,0.0,0.2
3,21,0.781529660315,5.0,0.0,0.2
3,22,0.75305432061,5.0,0.0,0.2
3,23,0.797547369263,5.0,0.0,0.2
3,24,0.760064229997,5.0,0.0,0.2
3,25,0.773386409367,5.0,0.0,0.2
3,26,0.799913750008,5.0,0.0,0.2
3,27,0.783130141618,5.0,0.0,0.2
3,28,0.755594602148,5.0,0.0,0.2
3,29,0.787137663809,5.0,0.0,0.2
3,30,0.779510574099,5.0,0.0,0.2
3,31,0.789107901208,5.0,0.0,0.2
3,32,0.786974758675,5.0,0.0,0.2
3,33,0.777741922386,5.0,0.0,0.2
3,34,0.751491349903,5.0,0.0,0.2
3,35,0.790922604187,5.0,0.0,0.2
3,36,0.792618002521,5.0,0.0,0.2
3,37,0.782714958495,5.0,0.0,0.2
3,38,0.780281446244,5.0,0.0,0.2
3,39,0.797789324489,5.0,0.0,0.2
3,40,0.787942672325,5.0,0.0,0.2
3,41,0.795075020338,5.0,0.0,0.2
3,42,0.79092954234,5.0,0.0,0.2
3,43,0.761492595525,5.0,0.0,0.2
3,44,0.0,15.0,0.0,0.0
3,45,0.0717152231998,60.0,10.0,0.3
3,46,0.143650425109,60.0,10.0,0.3
3,47,0.0542482731479,60.0,10.0,0.3
3,48,0.103220143767,60.0,10.0,0.3
3,49,0.077353914878,60.0,10.0,0.3
4,0,0.12193192878,50.0,50.0,0.4
4,1,0.0,15.0,0.0,0.0
4,2,0.225073059774,50.0,50.0,0.4
4,3,0.69998934697,5.0,0.0,1.0
4,4,0.771707195989,5.0,0.0,0.2
4,5,0.795837518512,5.0,0.0,0.2
4,6,0.765742107617,5.0,0.0,0.2
4,7,0.193676409998,50.0,50.0,0.4
4,8,0.263068715578,50.0,50.0,0.4
4,9,0.232100028827,50.0,50.0,0.4
4,10,0.258137864421,50.0,50.0,0.4
4,11,0.2609633775,50.0,50.0,0.4
4,12,0.17471022786,50.0,50.0,0.4
4,13,0.759481277855,5.0,0.0,0.2
4,14,0.772787867142,5.0,0.0,0.2
4,15,0.798929431377,5.0,0.0,0.2
4,16,0.795485642549,5.0,0.0,0.2
4,17,0.788146528985,5.0,0.0,0.2
4,18,0.797222038699,5.0,0.0,0.2
4,19,0.795398840948,5.0,0.0,0.2
4,20,0.751206592871,5.0,0.0,0.2
4,21,0.799378070428,5.0,0.0,0.2
4,22,0.758412170331,5.0,0.0,0.2
4,23,0.778332127732,5.0,0.0,0.2
4,24,0.781662821663,5.0,0.0,0.2
4,25,0.777246288756,5.0,0.0,0.2
4,26,0.770749767225,5.0,0.0,0.2
4,27,0.798085110587,5.0,0.0,0.2
4,28,0.79632457299,5.0,0.0,0.2
4,29,0.763068910445,5.0,0.0,0.2
4,30,0.792948150152,5.0,0.0,0.2
4,31,0.792138743603,5.0,0.0,0.2
4,32,0.776591772375,5.0,0.0,0.2
4,33,0.755015566323,5.0,0.0,0.2
4,34,0.784568377726,5.0,0.0,0.2
4,35,0.775599823887,5.0,0.0,0.2
4,36,0.774690470233,5.0,0.0,0.2
4,37,0.796589562456,5.0,0.0,0.2
4,38,0.771120359906,5.0,0.0,0.2
4,39,0.789175778079,5.0,0.0,0.2
4,40,0.75279210678,5.0,0.0,0.2
4,41,0.782728769411,5.0,0.0,0.2
4,42,0.777109840089,5.0,0.0,0.2
4,43,0.0,15.0,0.0,0.0
4,44,0.781573741336,5.0,0.0,0.2
4,45,0.102925909396,60.0,10.0,0.3
4,46,0.118507356935,60.0,10.0,0.3
4,47,0.052641139073,60.0,10.0,0.3
4,48,0.096251424919,60.0,10.0,0.3
4,49,0.096074397274,60.0,10.0,0.3
5,0,0.201340742341,50.0,50.0,0.4
5,1,0.199612094497,50.0,50.0,0.4
5,2,0.0,15.0,0.0,0.0
5,3,0.657576272872,5.0,0.0,1.0
5,4,0.761579676793,5.0,0.0,0.2
5,5,0.786977223201,5.0,0.0,0.2
5,6,0.79538976765,5.0,0.0,0.2
5,7,0.238515839119,50.0,50.0,0.4
5,8,0.215787079249,50.0,50.0,0.4
5,9,0.144199198343,50.0,50.0,0.4
5,10,0.238564412762,50.0,50.0,0.4
5,11,0.238662741165,50.0,50.0,0.4
5,12,0.224833396124,50.0,50.0,0.4
5,13,0.758055557764,5.0,0.0,0.2
5,14,0.772815622742,5.0,0.0,0.2
5,15,0.776006246754,5.0,0.0,0.2
5,16,0.793326055088,5.0,0.0,0.2
5,17,0.790171846737,5.0,0.0,0.2
5,18,0.773626733409,5.0,0.0,0.2
5,19,0.753817489617,5.0,0.0,0.2
5,20,0.766370202394,5.0,0.0,0.2
5,21,0.78015569593,5.0,0.0,0.2
5,22,0.782362034738,5.0,0.0,0.2
5,23,0.766810079433,5.0,0.0,0.2
5,24,0.753289744797,5.0,0.0,0.2
5,25,0.793083466888,5.0,0.0,0.2
5,26,0.775948256507,5.0,0.0,0.2
5,27,0.779899180893,5.0,0.0,0.2
5,28,0.790695253583,5.0,0.0,0.2
5,29,0.774583000142,5.0,0.0,0.2
5,30,0.785276539002,5.0,0.0,0.2
5,31,0.777498388007,5.0,0.0,0.2
5,32,0.764048445935,5.0,0.0,0.2
5,33,0.790509651686,5.0,0.0,0.2
5,34,0.771921263201,5.0,0.0,0.2
5,35,0.791631532477,5.0,0.0,0.2
5,36,0.763657332691,5.0,0.0,0.2
5,37,0.77969654668,5.0,0.0,0.2
5,38,0.785701975332,5.0,0.0,0.2
5,39,0.769860648801,5.0,0.0,0.2
5,40,0.771342626986,5.0,0.0,0.2
5,41,0.780906741959,5.0,0.0,0.2
5,42,0.0,15.0,0.0,0.0
5,43,0.774882586597,5.0,0.0,0.2
5,44,0.795903766057,5.0,0.0,0.2
5,45,0.116922652345,60.0,10.0,0.3
5,46,0.144701185284,60.0,10.0,0.3
5,47,0.0749652610272,60.0,10.0,0.3
5,48,0.0728188449692,60.0,10.0,0.3
5,49,0.107175859431,60.0,10.0,0.3
6,0,0.156709177842,50.0,50.0,0.4
6,1,0.293739783855,50.0,50.0,0.4
6,2,0.0,15.0,0.0,0.0
6,3,0.666684647259,5.0,0.0,1.0
6,4,0.751318543633,5.0,0.0,0.2
6,5,0.793048352202,5.0,0.0,0.2
6,6,0.76589995267,5.0,0.0,0.2
6,7,0.181151369976,50.0,50.0,0.4
6,8,0.223096936605,50.0,50.0,0.4
6,9,0.176270132297,50.0,50.0,0.4
6,10,0.140110797868,50.0,50.0,0.4
6,11,0.145505193792,50.0,50.0,0.4
6,12,0.262403282013,50.0,50.0,0.4
6,13,0.767781887995,5.0,0.0,0.2
6,14,0.787691480604,5.0,0.0,0.2
6,15,0.792790278434,5.0,0.0,0.2
6,16,0.761851946344,5.0,0.0,0.2
6,17,0.775119818564,5.0,0.0,0.2
6,18,0.778077914142,5.0,0.0,0.2
6,19,0.779296675133,5.0,0.0,0.2
6,20,0.786411235873,5.0,0.0,0.2
6,21,0.788232691095,5.0,0.0,0.2
6,22,0.770803939918,5.0,0.0,0.2
6,23,0.768471057074,5.0,0.0,0.2
6,24,0.782430805345,5.0,0.0,0.2
6,25,0.774495499376,5.0,0.0,0.2
6,26,0.777202132091,5.0,0.0,0.2
6,27,0.762325149459,5.0,0.0,0.2
6,28,0.782415286798,5.0,0.0,0.2
6,29,0.790469741693,5.0,0.0,0.2
6,30,0.773671914486,5.0,0.0,0.2
6,31,0.776522079065,5.0,0.0,0.2
6,32,0.750486668979,5.0,0.0,0.2
6,33,0.77361332367,5.0,0.0,0.2
6,34,0.768070611761,5.0,0.0,0.2
6,35,0.795044162395,5.0,0.0,0.2
6,36,0.793653284937,5.0,0.0,0.2
6,37,0.775735548513,5.0,0.0,0.2
6,38,0.799770189371,5.0,0.0,0.2
6,39,0.794182356525,5.0,0.0,0.2
6,40,0.793727390912,5.0,0.0,0.2
6,41,0.0,15.0,0.0,0.0
6,42,0.798094838706,5.0,0.0,0.2
6,43,0.791159488716,5.0,0.0,0.2
6,44,0.75684900624,5.0,0.0,0.2
6,45,0.079282613812,60.0,10.0,0.3
6,46,0.10541848509,60.0,10.0,0.3
6,47,0.106042716911,60.0,10.0,0.3
6,48,0.0927908171559,60.0,10.0,0.3
6,49,0.0819611567337,60.0,10.0,0.3
7,0,0.26216130499,50.0,50.0,0.4
7,1,0.271704348261,50.0,50.0,0.4
7,2,0.0,15.0,0.0,0.0
7,3,0.681342819815,5.0,0.0,1.0
7,4,0.762714329255,5.0,0.0,0.2
7,5,0.750772882544,5.0,0.0,0.2
7,6,0.754292998661,5.0,0.0,0.2
7,7,0.266182061574,50.0,50.0,0.4
7,8,0.164598272939,50.0,50.0,0.4
7,9,0.261426227391,50.0,50.0,0.4
7,10,0.120187185997,50.0,50.0,0.4
7,11,0.10169127263,50.0,50.0,0.4
7,12,0.171906236912,50.0,50.0,0.4
7,13,0.773628200989,5.0,0.0,0.2
7,14,0.769400904225,5.0,0.0,0.2
7,15,0.781805847669,5.0,0.0,0.2
7,16,0.760835614581,5.0,0.0,0.2
7,17,0.782220368614,5.0,0.0,0.2
7,18,0.750908979205,5.0,0.0,0.2
7,19,0.779272881051,5.0,0.0,0.2
7,20,0.751033311248,5.0,0.0,0.2
7,21,0.787135068349,5.0,0.0,0.2
7,22,0.761616925586,5.0,0.0,0.2
7,23,0.780402119073,5.0,0.0,0.2
7,24,0.789779959685,5.0,0.0,0.2
7,25,0.799727441898,5.0,0.0,0.2
7,26,0.753526381406,5.0,0.0,0.2
7,27,0.760990574832,5.0,0.0,0.2
7,28,0.799086248525,5.0,0.0,0.2
7,29,0.768527511125,5.0,0.0,0.2
7,30,0.786101872264,5.0,0.0,0.2
7,31,0.776584292845,5.0,0.0,0.2
7,32,0.753510972552,5.0,0.0,0.2
7,33,0.798919876034,5.0,0.0,0.2
7,34,0.766185685803,5.0,0.0,0.2
7,35,0.764462775944,5.0,0.0,0.2
7,36,0.769642099199,5.0,0.0,0.2
7,37,0.771162667237,5.0,0.0,0.2
7,38,0.792094488605,5.0,0.0,0.2
7,39,0.753863841551,5.0,0.0,0.2
7,40,0.0,15.0,0.0,0.0
7,41,0.791635104304,5.0,0.0,0.2
7,42,0.753853452691,5.0,0.0,0.2
7,43,0.782154376325,5.0,0.0,0.2
7,44,0.797194450136,5.0,0.0,0.2
7,45,0.0689602380447,60.0,10.0,0.3
7,46,0.0675611886624,60.0,10.0,0.3
7,47,0.110198034163,60.0,10.0,0.3
7,48,0.124170735435,60.0,10.0,0.3
7,49,0.140194976069,60.0,10.0,0.3
8,0,0.183858172615,50.0,50.0,0.4
8,1,0.118688011026,50.0,50.0,0.4
8,2,0.778344193092,5.0,0.0,0.2
8,3,0.0,15.0,0.0,0.0
8,4,0.669394817651,5.0,0.0,1.0
8,5,0.693372644354,5.0,0.0,1.0
8,6,0.772039216087,5.0,0.0,0.2
8,7,0.0,10.0,0.0,0.0
8,8,0.0,10.0,0.0,0.0
8,9,0.115367281665,50.0,50.0,0.4
8,10,0.223918152039,50.0,50.0,0.4
8,11,0.266622296695,50.0,50.0,0.4
8,12,0.18053860233,50.0,50.0,0.4
8,13,0.772044129034,5.0,0.0,0.2
8,14,0.78028043467,5.0,0.0,0.2
8,15,0.796582434961,5.0,0.0,0.2
8,16,0.764715849363,5.0,0.0,0.2
8,17,0.783672166716,5.0,0.0,0.2
8,18,0.777343501913,5.0,0.0,0.2
8,19,0.752643684979,5.0,0.0,0.2
8,20,0.773636279423,5.0,0.0,0.2
8,21,0.784050798904,5.0,0.0,0.2
8,22,0.777673031049,5.0,0.0,0.2
8,23,0.750096154514,5.0,0.0,0.2
8,24,0.772466137883,5.0,0.0,0.2
8,25,0.790043703282,5.0,0.0,0.2
8,26,0.751551750877,5.0,0.0,0.2
8,27,0.781647962446,5.0,0.0,0.2
8,28,0.78938054087,5.0,0.0,0.2
8,29,0.76024895785,5.0,0.0,0.2
8,30,0.792013846889,5.0,0.0,0.2
8,31,0.782023271587,5.0,0.0,0.2
8,32,0.786677508892,5.0,0.0,0.2
8,33,0.756651368629,5.0,0.0,0.2
8,34,0.797389708221,5.0,0.0,0.2
8,35,0.781243645827,5.0,0.0,0.2
8,36,0.751665660572,5.0,0.0,0.2
8,37,0.77283741476,5.0,0.0,0.2
8,38,0.77257323512,5.0,0.0,0.2
8,39,0.0,15.0,0.0,0.0
8,40,0.780969416695,5.0,0.0,0.2
8,41,0.753512540908,5.0,0.0,0.2
8,42,0.0736666666163,60.0,10.0,0.3
8,43,0.135138432528,60.0,10.0,0.3
8,44,0.0681036804248,60.0,10.0,0.3
8,45,0.103443446397,60.0,10.0,0.3
8,46,0.113224933783,60.0,10.0,0.3
8,47,0.0630318723453,60.0,10.0,0.3
8,48,0.142069652899,60.0,10.0,0.3
8,49,0.104427438488,60.0,10.0,0.3
9,0,0.218977311869,50.0,50.0,0.4
9,1,0.217233296308,50.0,50.0,0.4
9,2,0.774768475308,5.0,0.0,0.2
9,3,0.797412922567,5.0,0.0,0.2
9,4,0.0,15.0,0.0,0.0
9,5,0.670112408392,5.0,0.0,1.0
9,6,0.798439236091,5.0,0.0,0.2
9,7,0.13565361588,50.0,50.0,0.4
9,8,0.258663585885,50.0,50.0,0.4
9,9,0.0,10.0,0.0,0.0
9,10,0.0,10.0,0.0,0.0
9,11,0.287121327762,50.0,50.0,0.4
9,12,0.188998987226,50.0,50.0,0.4
9,13,0.177173387938,50.0,50.0,0.4
9,14,0.251915380783,50.0,50.0,0.4
9,15,0.224307961561,50.0,50.0,0.4
9,16,0.206552157828,50.0,50.0,0.4
9,17,0.755568898299,5.0,0.0,0.2
9,18,0.207494465883,50.0,50.0,0.4
9,19,0.164817301701,50.0,50.0,0.4
9,20,0.129659798098,50.0,50.0,0.4
9,21,0.222688227721,50.0,50.0,0.4
9,22,0.189882674004,50.0,50.0,0.4
9,23,0.759769836992,5.0,0.0,0.2
9,24,0.76590578243,5.0,0.0,0.2
9,25,0.797848959856,5.0,0.0,0.2
9,26,0.795173748255,5.0,0.0,0.2
9,27,0.764826702468,5.0,0.0,0.2
9,28,0.789016870076,5.0,0.0,0.2
9,29,0.767437351354,5.0,0.0,0.2
9,30,0.794524146236,5.0,0.0,0.2
9,31,0.758260022026,5.0,0.0,0.2
9,32,0.766607994309,5.0,0.0,0.2
9,33,0.759959225846,5.0,0.0,0.2
9,34,0.78708001977,5.0,0.0,0.2
9,35,0.799280391556,5.0,0.0,0.2
9,36,0.760066169604,5.0,0.0,0.2
9,37,0.0,15.0,0.0,0.0
9,38,0.0,15.0,0.0,0.0
9,39,0.776065246165,5.0,0.0,0.2
9,40,0.780296410648,5.0,0.0,0.2
9,41,0.0601648799873,60.0,10.0,0.3
9,42,0.149169715051,60.0,10.0,0.3
9,43,0.117259011853,60.0,10.0,0.3
9,44,0.12413295877,60.0,10.0,0.3
9,45,0.140609567231,60.0,10.0,0.3
9,46,0.778318810906,5.0,0.0,0.2
9,47,0.769694399545,5.0,0.0,0.2
9,48,0.778849967444,5.0,0.0,0.2
9,49,0.764143498186,5.0,0.0,0.2
10,0,0.258314552439,50.0,50.0,0.4
10,1,0.202801221001,50.0,50.0,0.4
10,2,0.776906052788,5.0,0.0,0.2
10,3,0.77912383219,5.0,0.0,0.2
10,4,0.0,15.0,0.0,0.0
10,5,0.666762419728,5.0,0.0,1.0
10,6,0.769975379642,5.0,0.0,0.2
10,7,0.156228695267,50.0,50.0,0.4
10,8,0.290214624299,50.0,50.0,0.4
10,9,0.134982498845,50.0,50.0,0.4
10,10,0.172755836438,50.0,50.0,0.4
10,11,0.0,10.0,0.0,0.0
10,12,0.123568778452,50.0,50.0,0.4
10,13,0.136551529595,50.0,50.0,0.4
10,14,0.162571616506,50.0,50.0,0.4
10,15,0.208902991355,50.0,50.0,0.4
10,16,0.170897902653,50.0,50.0,0.4
10,17,0.271505061441,50.0,50.0,0.4
10,18,0.183245657828,50.0,50.0,0.4
10,19,0.287321699211,50.0,50.0,0.4
10,20,0.181777457417,50.0,50.0,0.4
10,21,0.177642159118,50.0,50.0,0.4
10,22,0.298245675912,50.0,50.0,0.4
10,23,0.77515790134,5.0,0.0,0.2
10,24,0.75353056885,5.0,0.0,0.2
10,25,0.774878635865,5.0,0.0,0.2
10,26,0.753551982865,5.0,0.0,0.2
10,27,0.764374679076,5.0,0.0,0.2
10,28,0.793786666091,5.0,0.0,0.2
10,29,0.767098520417,5.0,0.0,0.2
10,30,0.0,15.0,0.0,0.0
10,31,0.0,15.0,0.0,0.0
10,32,0.0,15.0,0.0,0.0
10,33,0.0,15.0,0.0,0.0
10,34,0.0,15.0,0.0,0.0
10,35,0.0,15.0,0.0,0.0
10,36,0.0,15.0,0.0,0.0
10,37,0.784181511966,5.0,0.0,0.2
10,38,0.79034594383,5.0,0.0,0.2
10,39,0.796370557925,5.0,0.0,0.2
10,40,0.0799396758191,60.0,10.0,0.3
10,41,0.0663592772161,60.0,10.0,0.3
10,42,0.0540427282734,60.0,10.0,0.3
10,43,0.135193144545,60.0,10.0,0.3
10,44,0.0627578463922,60.0,10.0,0.3
10,45,0.0986486584222,60.0,10.0,0.3
10,46,0.06262164607,60.0,10.0,0.3
10,47,0.784569929235,5.0,0.0,0.2
10,48,0.758207153501,5.0,0.0,0.2
10,49,0.776281861407,5.0,0.0,0.2
11,0,0.209393529986,50.0,50.0,0.4
11,1,0.198867391909,50.0,50.0,0.4
11,2,0.789666138921,5.0,0.0,0.2
11,3,0.768609268287,5.0,0.0,0.2
11,4,0.769828116757,5.0,0.0,0.2
11,5,0.0,15.0,0.0,0.0
11,6,0.779542791228,5.0,0.0,0.2
11,7,0.103071916367,50.0,50.0,0.4
11,8,0.284134635304,50.0,50.0,0.4
11,9,0.159642982097,50.0,50.0,0.4
11,10,0.163627273798,50.0,50.0,0.4
11,11,0.282978547284,50.0,50.0,0.4
11,12,0.0,10.0,0.0,0.0
11,13,0.231637532724,50.0,50.0,0.4
11,14,0.295555776815,50.0,50.0,0.4
11,15,0.231298268453,50.0,50.0,0.4
11,16,0.257463189286,50.0,50.0,0.4
11,17,0.288240312481,50.0,50.0,0.4
11,18,0.213103894123,50.0,50.0,0.4
11,19,0.162711916729,50.0,50.0,0.4
11,20,0.161040991233,50.0,50.0,0.4
11,21,0.175660991076,50.0,50.0,0.4
11,22,0.187203317707,50.0,50.0,0.4
11,23,0.794105195768,5.0,0.0,0.2
11,24,0.763498983949,5.0,0.0,0.2
11,25,0.773467303121,5.0,0.0,0.2
11,26,0.753658393973,5.0,0.0,0.2
11,27,0.797923628941,5.0,0.0,0.2
11,28,0.782114072086,5.0,0.0,0.2
11,29,0.0,15.0,0.0,0.0
11,30,0.773579302524,5.0,0.0,0.2
11,31,0.753640545863,5.0,0.0,0.2
11,32,0.774427238593,5.0,0.0,0.2
11,33,0.766051130959,5.0,0.0,0.2
11,34,0.792397161073,5.0,0.0,0.2
11,35,0.750139887923,5.0,0.0,0.2
11,36,0.76120509433,5.0,0.0,0.2
11,37,0.793762225011,5.0,0.0,0.2
11,38,0.080312139008,60.0,10.0,0.3
11,39,0.117425810233,60.0,10.0,0.3
11,40,0.119715549925,60.0,10.0,0.3
11,41,0.0626629041594,60.0,10.0,0.3
11,42,0.141947357717,60.0,10.0,0.3
11,43,0.0528557661053,60.0,10.0,0.3
11,44,0.115713745435,60.0,10.0,0.3
11,45,0.10902896752,60.0,10.0,0.3
11,46,0.0937300200164,60.0,10.0,0.3
11,47,0.778091466215,5.0,0.0,0.2
11,48,0.789827104784,5.0,0.0,0.2
11,49,0.753661131038,5.0,0.0,0.2
12,0,0.278501976254,50.0,50.0,0.4
12,1,0.165043730934,50.0,50.0,0.4
12,2,0.202368640549,50.0,50.0,0.4
12,3,0.127155627514,50.0,50.0,0.4
12,4,0.171858175969,50.0,50.0,0.4
12,5,0.788222820249,5.0,0.0,0.2
12,6,0.0,15.0,0.0,0.0
12,7,0.244398013684,50.0,50.0,0.4
12,8,0.182681724593,50.0,50.0,0.4
12,9,0.176488856713,50.0,50.0,0.4
12,10,0.117072511817,50.0,50.0,0.4
12,11,0.103005688761,50.0,50.0,0.4
12,12,0.199900357222,50.0,50.0,0.4
12,13,0.0,10.0,0.0,0.0
12,14,0.227225096164,50.0,50.0,0.4
12,15,0.113039503891,50.0,50.0,0.4
12,16,0.263400593251,50.0,50.0,0.4
12,17,0.283479737935,50.0,50.0,0.4
12,18,0.216046276295,50.0,50.0,0.4
12,19,0.752061902057,5.0,0.0,0.2
12,20,0.200977321549,50.0,50.0,0.4
12,21,0.202884266607,50.0,50.0,0.4
12,22,0.265617159016,50.0,50.0,0.4
12,23,0.753798113371,5.0,0.0,0.2
12,24,0.750903231764,5.0,0.0,0.2
12,25,0.774783584713,5.0,0.0,0.2
12,26,0.0,15.0,0.0,0.0
12,27,0.0,15.0,0.0,0.0
12,28,0.0,15.0,0.0,0.0
12,29,0.756711018149,5.0,0.0,0.2
12,30,0.790052227697,5.0,0.0,0.2
12,31,0.762245805529,5.0,0.0,0.2
12,32,0.771952636501,5.0,0.0,0.2
12,33,0.756543003886,5.0,0.0,0.2
12,34,0.777887298786,5.0,0.0,0.2
12,35,0.798888295554,5.0,0.0,0.2
12,36,0.76726732429,5.0,0.0,0.2
12,37,0.773314584649,5.0,0.0,0.2
12,38,0.79688938537,5.0,0.0,0.2
12,39,0.793012423864,5.0,0.0,0.2
12,40,0.787356941732,5.0,0.0,0.2
12,41,0.781330337292,5.0,0.0,0.2
12,42,0.761737557745,5.0,0.0,0.2
12,43,0.763485998256,5.0,0.0,0.2
12,44,0.76643080449,5.0,0.0,0.2
12,45,0.757474237446,5.0,0.0,0.2
12,46,0.791515182104,5.0,0.0,0.2
12,47,0.765639919062,5.0,0.0,0.2
12,48,0.765909803829,5.0,0.0,0.2
12,49,0.750413240626,5.0,0.0,0.2
13,0,0.240630015171,50.0,50.0,0.4
13,1,0.129689324571,50.0,50.0,0.4
13,2,0.143528618567,50.0,50.0,0.4
13,3,0.22719410356,50.0,50.0,0.4
13,4,0.289891736132,50.0,50.0,0.4
13,5,0.753794073383,5.0,0.0,0.2
13,6,0.0,15.0,0.0,0.0
13,7,0.228661586799,50.0,50.0,0.4
13,8,0.280491792177,50.0,50.0,0.4
13,9,0.265889314988,50.0,50.0,0.4
13,10,0.265448578979,50.0,50.0,0.4
13,11,0.151813770753,50.0,50.0,0.4
13,12,0.288989995478,50.0,50.0,0.4
13,13,0.142004753658,50.0,50.0,0.4
13,14,0.0,10.0,0.0,0.0
13,15,0.290725284104,50.0,50.0,0.4
13,16,0.110423584542,50.0,50.0,0.4
13,17,0.295327500081,50.0,50.0,0.4
13,18,0.129244468355,50.0,50.0,0.4
13,19,0.142549554529,50.0,50.0,0.4
13,20,0.786685320859,5.0,0.0,0.2
13,21,0.241268831348,50.0,50.0,0.4
13,22,0.0,15.0,0.0,0.0
13,23,0.0,15.0,0.0,0.0
13,24,0.0,15.0,0.0,0.0
13,25,0.0,15.0,0.0,0.0
13,26,0.798127873214,5.0,0.0,0.2
13,27,0.779043783048,5.0,0.0,0.2
13,28,0.794130040529,5.0,0.0,0.2
13,29,0.786449100235,5.0,0.0,0.2
13,30,0.750476518716,5.0,0.0,0.2
13,31,0.760322803865,5.0,0.0,0.2
13,32,0.795517372244,5.0,0.0,0.2
13,33,0.772011911356,5.0,0.0,0.2
13,34,0.796176033517,5.0,0.0,0.2
13,35,0.767751302031,5.0,0.0,0.2
13,36,0.0,10.0,0.0,0.0
13,37,0.0,10.0,0.0,0.0
13,38,0.0,10.0,0.0,0.0
13,39,0.0,10.0,0.0,0.0
13,40,0.0,10.0,0.0,0.0
13,41,0.0,10.0,0.0,0.0
13,42,0.797861282539,5.0,0.0,0.2
13,43,0.776290637338,5.0,0.0,0.2
13,44,0.78706838608,5.0,0.0,0.2
13,45,0.760697366346,5.0,0.0,0.2
13,46,0.778772332495,5.0,0.0,0.2
13,47,0.782325052513,5.0,0.0,0.2
13,48,0.768938000907,5.0,0.0,0.2
13,49,0.779375696898,5.0,0.0,0.2
14,0,0.295013921606,50.0,50.0,0.4
14,1,0.230780258992,50.0,50.0,0.4
14,2,0.142809543551,50.0,50.0,0.4
14,3,0.281690350993,50.0,50.0,0.4
14,4,0.133298324338,50.0,50.0,0.4
14,5,0.772418015637,5.0,0.0,0.2
14,6,0.0,15.0,0.0,0.0
14,7,0.0,10.0,0.0,0.0
14,8,0.265840304309,50.0,50.0,0.4
14,9,0.174752695665,50.0,50.0,0.4
14,10,0.152520587586,50.0,50.0,0.4
14,11,0.254081176392,50.0,50.0,0.4
14,12,0.167024882419,50.0,50.0,0.4
14,13,0.289404013829,50.0,50.0,0.4
14,14,0.16188380464,50.0,50.0,0.4
14,15,0.0,10.0,0.0,0.0
14,16,0.127219352074,50.0,50.0,0.4
14,17,0.110361668186,50.0,50.0,0.4
14,18,0.278341336271,50.0,50.0,0.4
14,19,0.2619166392,50.0,50.0,0.4
14,20,0.798079819197,5.0,0.0,0.2
14,21,0.0,15.0,0.0,0.0
14,22,0.771917657713,5.0,0.0,0.2
14,23,0.774948366099,5.0,0.0,0.2
14,24,0.753046794005,5.0,0.0,0.2
14,25,0.796521425845,5.0,0.0,0.2
14,26,0.776895692699,5.0,0.0,0.2
14,27,0.783502585681,5.0,0.0,0.2
14,28,0.795082835556,5.0,0.0,0.2
14,29,0.79874032003,5.0,0.0,0.2
14,30,0.790640709315,5.0,0.0,0.2
14,31,0.789853746125,5.0,0.0,0.2
14,32,0.771888365637,5.0,0.0,0.2
14,33,0.761006289759,5.0,0.0,0.2
14,34,0.0,10.0,0.0,0.0
14,35,0.690302444058,5.0,0.0,1.0
14,36,0.667802832709,5.0,0.0,1.0
14,37,0.680962212791,5.0,0.0,1.0
14,38,0.691170397798,5.0,0.0,1.0
14,39,0.653967579712,5.0,0.0,1.0
14,40,0.690781129073,5.0,0.0,1.0
14,41,0.69235722391,5.0,0.0,1.0
14,42,0.0,10.0,0.0,0.0
14,43,0.795681480839,5.0,0.0,0.2
14,44,0.770460109101,5.0,0.0,0.2
14,45,0.775203875901,5.0,0.0,0.2
14,46,0.776599256252,5.0,0.0,0.2
14,47,0.759484204834,5.0,0.0,0.2
14,48,0.795011513604,5.0,0.0,0.2
14,49,0.787993297197,5.0,0.0,0.2
15,0,0.183372503294,50.0,50.0,0.4
15,1,0.171622675986,50.0,50.0,0.4
15,2,0.217588358147,50.0,50.0,0.4
15,3,0.147544754418,50.0,50.0,0.4
15,4,0.28707066263,50.0,50.0,0.4
15,5,0.78090761095,5.0,0.0,0.2
15,6,0.0,15.0,0.0,0.0
15,7,0.120320218051,50.0,50.0,0.4
15,8,0.0,10.0,0.0,0.0
15,9,0.115014191215,50.0,50.0,0.4
15,10,0.196391365557,50.0,50.0,0.4
15,11,0.269515411575,50.0,50.0,0.4
15,12,0.18575082649,50.0,50.0,0.4
15,13,0.113736017424,50.0,50.0,0.4
15,14,0.272836494526,50.0,50.0,0.4
15,15,0.275661636759,50.0,50.0,0.4
15,16,0.0,10.0,0.0,0.0
15,17,0.203426805496,50.0,50.0,0.4
15,18,0.233995864765,50.0,50.0,0.4
15,19,0.0,15.0,0.0,0.0
15,20,0.0,15.0,0.0,0.0
15,21,0.782529801384,5.0,0.0,0.2
15,22,0.793346474317,5.0,0.0,0.2
15,23,0.793444471247,5.0,0.0,0.2
15,24,0.765545543186,5.0,0.0,0.2
15,25,0.782633197664,5.0,0.0,0.2
15,26,0.766422490789,5.0,0.0,0.2
15,27,0.750223629824,5.0,0.0,0.2
15,28,0.781349733849,5.0,0.0,0.2
15,29,0.774020187992,5.0,0.0,0.2
15,30,0.753499036654,5.0,0.0,0.2
15,31,0.761173071785,5.0,0.0,0.2
15,32,0.791116063588,5.0,0.0,0.2
15,33,0.0,10.0,0.0,0.0
15,34,0.665291589119,5.0,0.0,1.0
15,35,0.671872422714,5.0,0.0,1.0
15,36,0.687741461801,5.0,0.0,1.0
15,37,0.661566891679,5.0,0.0,1.0
15,38,0.656681759161,5.0,0.0,1.0
15,39,0.668723371343,5.0,0.0,1.0
15,40,0.678310630614,5.0,0.0,1.0
15,41,0.659398277079,5.0,0.0,1.0
15,42,0.766516806406,5.0,0.0,0.2
15,43,0.0,10.0,0.0,0.0
15,44,0.0,10.0,0.0,0.0
15,45,0.0,10.0,0.0,0.0
15,46,0.0,10.0,0.0,0.0
15,47,0.0,10.0,0.0,0.0
15,48,0.750572798489,5.0,0.0,0.2
15,49,0.771052172393,5.0,0.0,0.2
16,0,0.162081328255,50.0,50.0,0.4
16,1,0.280251293055,50.0,50.0,0.4
16,2,0.175000584491,50.0,50.0,0.4
16,3,0.196629076295,50.0,50.0,0.4
16,4,0.130650950562,50.0,50.0,0.4
16,5,0.78133714085,5.0,0.0,0.2
16,6,0.0,15.0,0.0,0.0
16,7,0.157015078402,50.0,50.0,0.4
16,8,0.144084780447,50.0,50.0,0.4
16,9,0.0,10.0,0.0,0.0
16,10,0.284251553287,50.0,50.0,0.4
16,11,0.270719938965,50.0,50.0,0.4
16,12,0.183593692437,50.0,50.0,0.4
16,13,0.148085569084,50.0,50.0,0.4
16,14,0.281377215003,50.0,50.0,0.4
16,15,0.234328105785,50.0,50.0,0.4
16,16,0.243018808804,50.0,50.0,0.4
16,17,0.0,10.0,0.0,0.0
16,18,0.0,15.0,0.0,0.0
16,19,0.754240498159,5.0,0.0,0.2
16,20,0.794353535798,5.0,0.0,0.2
16,21,0.791762569909,5.0,0.0,0.2
16,22,0.771851645059,5.0,0.0,0.2
16,23,0.763695842612,5.0,0.0,0.2
16,24,0.778231075636,5.0,0.0,0.2
16,25,0.797514545753,5.0,0.0,0.2
16,26,0.790994603718,5.0,0.0,0.2
16,27,0.774099308678,5.0,0.0,0.2
16,28,0.771588795254,5.0,0.0,0.2
16,29,0.783365328069,5.0,0.0,0.2
16,30,0.78782445711,5.0,0.0,0.2
16,31,0.0,10.0,0.0,0.0
16,32,0.0,10.0,0.0,0.0
16,33,0.699082603157,5.0,0.0,1.0
16,34,0.681864847631,5.0,0.0,1.0
16,35,0.669851047025,5.0,0.0,1.0
16,36,0.693347158558,5.0,0.0,1.0
16,37,0.674245601542,5.0,0.0,1.0
16,38,0.684164460501,5.0,0.0,1.0
16,39,0.682446315054,5.0,0.0,1.0
16,40,0.670091771698,5.0,0.0,1.0
16,41,0.682028584085,5.0,0.0,1.0
16,42,0.779178078083,5.0,0.0,0.2
16,43,0.770047347878,5.0,0.0,0.2
16,44,0.792000566952,5.0,0.0,0.2
16,45,0.76123301845,5.0,0.0,0.2
16,46,0.790957360465,5.0,0.0,0.2
16,47,0.772121981747,5.0,0.0,0.2
16,48,0.0,10.0,0.0,0.0
16,49,0.762964574226,5.0,0.0,0.2
17,0,0.215989583677,50.0,50.0,0.4
17,1,0.2647238958,50.0,50.0,0.4
17,2,0.279371519747,50.0,50.0,0.4
17,3,0.158523815727,50.0,50.0,0.4
17,4,0.126078609355,50.0,50.0,0.4
17,5,0.786688019577,5.0,0.0,0.2
17,6,0.0,15.0,0.0,0.0
17,7,0.164833325957,50.0,50.0,0.4
17,8,0.28491485577,50.0,50.0,0.4
17,9,0.289428854331,50.0,50.0,0.4
17,10,0.0,10.0,0.0,0.0
17,11,0.211375421854,50.0,50.0,0.4
17,12,0.169578146572,50.0,50.0,0.4
17,13,0.280216068121,50.0,50.0,0.4
17,14,0.299136150976,50.0,50.0,0.4
17,15,0.103235425253,50.0,50.0,0.4
17,16,0.0,15.0,0.0,0.0
17,17,0.0,15.0,0.0,0.0
17,18,0.756871640063,5.0,0.0,0.2
17,19,0.756561176725,5.0,0.0,0.2
17,20,0.775460359605,5.0,0.0,0.2
17,21,0.77846799154,5.0,0.0,0.2
17,22,0.75657174083,5.0,0.0,0.2
17,23,0.791934370771,5.0,0.0,0.2
17,24,0.765908346695,5.0,0.0,0.2
17,25,0.784462456986,5.0,0.0,0.2
17,26,0.780199806811,5.0,0.0,0.2
17,27,0.759297803941,5.0,0.0,0.2
17,28,0.0,10.0,0.0,0.0
17,29,0.0,10.0,0.0,0.0
17,30,0.0,10.0,0.0,0.0
17,31,0.675325663904,5.0,0.0,1.0
17,32,0.67662538131,5.0,0.0,1.0
17,33,0.695286787682,5.0,0.0,1.0
17,34,0.662485658003,5.0,0.0,1.0
17,35,0.688859915833,5.0,0.0,1.0
17,36,0.652802705542,5.0,0.0,1.0
17,37,0.66004809662,5.0,0.0,1.0
17,38,0.69252202628,5.0,0.0,1.0
17,39,0.659197770825,5.0,0.0,1.0
17,40,0.689359984441,5.0,0.0,1.0
17,41,0.699675010954,5.0,0.0,1.0
17,42,0.798071903013,5.0,0.0,0.2
17,43,0.76037623074,5.0,0.0,0.2
17,44,0.775051248469,5.0,0.0,0.2
17,45,0.764222530355,5.0,0.0,0.2
17,46,0.760696180678,5.0,0.0,0.2
17,47,0.766419541377,5.0,0.0,0.2
17,48,0.757221066674,5.0,0.0,0.2
17,49,0.0,10.0,0.0,0.0
18,0,0.285973670451,50.0,50.0,0.4
18,1,0.237378388603,50.0,50.0,0.4
18,2,0.140099911964,50.0,50.0,0.4
18,3,0.230641062458,50.0,50.0,0.4
18,4,0.229858201352,50.0,50.0,0.4
18,5,0.794297946278,5.0,0.0,0.2
18,6,0.0,15.0,0.0,0.0
18,7,0.291556921764,50.0,50.0,0.4
18,8,0.181172527712,50.0,50.0,0.4
18,9,0.25377445764,50.0,50.0,0.4
18,10,0.236514100723,50.0,50.0,0.4
18,11,0.0,10.0,0.0,0.0
18,12,0.247716835733,50.0,50.0,0.4
18,13,0.219964570409,50.0,50.0,0.4
18,14,0.17117754927,50.0,50.0,0.4
18,15,0.0,15.0,0.0,0.0
18,16,0.260256402047,50.0,50.0,0.4
18,17,0.17664410925,50.0,50.0,0.4
18,18,0.212426754547,50.0,50.0,0.4
18,19,0.0902676383874,60.0,10.0,0.3
18,20,0.145472340044,60.0,10.0,0.3
18,21,0.766826353902,5.0,0.0,0.2
18,22,0.771506715972,5.0,0.0,0.2
18,23,0.786333991114,5.0,0.0,0.2
18,24,0.798829661909,5.0,0.0,0.2
18,25,0.773010369906,5.0,0.0,0.2
18,26,0.756512987327,5.0,0.0,0.2
18,27,0.0,10.0,0.0,0.0
18,28,0.681882258305,5.0,0.0,1.0
18,29,0.661195999535,5.0,0.0,1.0
18,30,0.697230783229,5.0,0.0,1.0
18,31,0.673958327518,5.0,0.0,1.0
18,32,0.683041693858,5.0,0.0,1.0
18,33,0.658841367293,5.0,0.0,1.0
18,34,0.663240968396,5.0,0.0,1.0
18,35,0.697306953418,5.0,0.0,1.0
18,36,0.698122692581,5.0,0.0,1.0
18,37,0.696596869004,5.0,0.0,1.0
18,38,0.677736323207,5.0,0.0,1.0
18,39,0.65366897992,5.0,0.0,1.0
18,40,0.692871080755,5.0,0.0,1.0
18,41,0.658798141351,5.0,0.0,1.0
18,42,0.798966121798,5.0,0.0,0.2
18,43,0.786298111783,5.0,0.0,0.2
18,44,0.789676706631,5.0,0.0,0.2
18,45,0.751290713822,5.0,0.0,0.2
18,46,0.783357052905,5.0,0.0,0.2
18,47,0.762293334339,5.0,0.0,0.2
18,48,0.773799540772,5.0,0.0,0.2
18,49,0.774452018245,5.0,0.0,0.2
19,0,0.693311564947,5.0,0.0,1.0
19,1,0.685428815332,5.0,0.0,1.0
19,2,0.184643286221,50.0,50.0,0.4
19,3,0.152407614525,50.0,50.0,0.4
19,4,0.122734956231,50.0,50.0,0.4
19,5,0.78510622921,5.0,0.0,0.2
19,6,0.0,15.0,0.0,0.0
19,7,0.136685887708,50.0,50.0,0.4
19,8,0.242684752139,50.0,50.0,0.4
19,9,0.193337543969,50.0,50.0,0.4
19,10,0.212929769809,50.0,50.0,0.4
19,11,0.168307492668,50.0,50.0,0.4
19,12,0.0,10.0,0.0,0.0
19,13,0.0,15.0,0.0,0.0
19,14,0.0,15.0,0.0,0.0
19,15,0.239585450337,50.0,50.0,0.4
19,16,0.0,10.0,0.0,0.0
19,17,0.0,10.0,0.0,0.0
19,18,0.107022013952,60.0,10.0,0.3
19,19,0.0974362286829,60.0,10.0,0.3
19,20,0.769093284568,5.0,0.0,0.2
19,21,0.755033823488,5.0,0.0,0.2
19,22,0.101344246802,60.0,10.0,0.3
19,23,0.765327720815,5.0,0.0,0.2
19,24,0.766114017837,5.0,0.0,0.2
19,25,0.753471300827,5.0,0.0,0.2
19,26,0.0,10.0,0.0,0.0
19,27,0.656432257472,5.0,0.0,1.0
19,28,0.668199002234,5.0,0.0,1.0
19,29,0.65382962641,5.0,0.0,1.0
19,30,0.673507740692,5.0,0.0,1.0
19,31,0.694015702515,5.0,0.0,1.0
19,32,0.666025188467,5.0,0.0,1.0
19,33,0.679864051699,5.0,0.0,1.0
19,34,0.654289274524,5.0,0.0,1.0
19,35,0.655170220684,5.0,0.0,1.0
19,36,0.653038514754,5.0,0.0,1.0
19,37,0.695217864028,5.0,0.0,1.0
19,38,0.761473017449,5.0,0.0,0.2
19,39,0.793989605367,5.0,0.0,0.2
19,40,0.752679538488,5.0,0.0,0.2
19,41,0.783489014967,5.0,0.0,0.2
19,42,0.76370350128,5.0,0.0,0.2
19,43,0.759143458276,5.0,0.0,0.2
19,44,0.755643150365,5.0,0.0,0.2
19,45,0.752125074351,5.0,0.0,0.2
19,46,0.799865250466,5.0,0.0,0.2
19,47,0.790678809642,5.0,0.0,0.2
19,48,0.792598585957,5.0,0.0,0.2
19,49,0.79664141888,5.0,0.0,0.2
20,0,0.671839990663,5.0,0.0,1.0
20,1,0.651495071209,5.0,0.0,1.0
20,2,0.120772832334,50.0,50.0,0.4
20,3,0.298369792911,50.0,50.0,0.4
20,4,0.260729384962,50.0,50.0,0.4
20,5,0.767293632852,5.0,0.0,0.2
20,6,0.0,15.0,0.0,0.0
20,7,0.236818170274,50.0,50.0,0.4
20,8,0.217044298338,50.0,50.0,0.4
20,9,0.125382081127,50.0,50.0,0.4
20,10,0.124912957675,50.0,50.0,0.4
20,11,0.0,15.0,0.0,0.0
20,12,0.0,15.0,0.0,0.0
20,13,0.0,10.0,0.0,0.0
20,14,0.280022498446,50.0,50.0,0.4
20,15,0.0,10.0,0.0,0.0
20,16,0.140470508792,50.0,50.0,0.4
20,17,0.121517025253,60.0,10.0,0.3
20,18,0.133847537221,60.0,10.0,0.3
20,19,0.792606014475,5.0,0.0,0.2
20,20,0.752199049861,5.0,0.0,0.2
20,21,0.126942158371,60.0,10.0,0.3
20,22,0.1004206508,60.0,10.0,0.3
20,23,0.772942114596,5.0,0.0,0.2
20,24,0.781595182854,5.0,0.0,0.2
20,25,0.0,10.0,0.0,0.0
20,26,0.681755627044,5.0,0.0,1.0
20,27,0.664217563965,5.0,0.0,1.0
20,28,0.671022632432,5.0,0.0,1.0
20,29,0.652472362853,5.0,0.0,1.0
20,30,0.694547780405,5.0,0.0,1.0
20,31,0.655280205002,5.0,0.0,1.0
20,32,0.695987987529,5.0,0.0,1.0
20,33,0.652947516274,5.0,0.0,1.0
20,34,0.692865677281,5.0,0.0,1.0
20,35,0.653405364912,5.0,0.0,1.0
20,36,0.688624688326,5.0,0.0,1.0
20,37,0.671901593293,5.0,0.0,1.0
20,38,0.765451839555,5.0,0.0,0.2
20,39,0.768951420871,5.0,0.0,0.2
20,40,0.792884130977,5.0,0.0,0.2
20,41,0.761810878415,5.0,0.0,0.2
20,42,0.784101417583,5.0,0.0,0.2
20,43,0.761157262156,5.0,0.0,0.2
20,44,0.783752888628,5.0,0.0,0.2
20,45,0.795499086887,5.0,0.0,0.2
20,46,0.766182731742,5.0,0.0,0.2
20,47,0.78718093896,5.0,0.0,0.2
20,48,0.752410240036,5.0,0.0,0.2
20,49,0.79133769384,5.0,0.0,0.2
21,0,0.688446169665,5.0,0.0,1.0
21,1,0.664332398633,5.0,0.0,1.0
21,2,0.106337293001,50.0,50.0,0.4
21,3,0.236213536458,50.0,50.0,0.4
21,4,0.274482697148,50.0,50.0,0.4
21,5,0.0,15.0,0.0,0.0
21,6,0.148248000058,50.0,50.0,0.4
21,7,0.230028623794,50.0,50.0,0.4
21,8,0.248032611902,50.0,50.0,0.4
21,9,0.266068004057,50.0,50.0,0.4
21,10,0.0,15.0,0.0,0.0
21,11,0.151780199832,50.0,50.0,0.4
21,12,0.228813777714,50.0,50.0,0.4
21,13,0.0,10.0,0.0,0.0
21,14,0.0,10.0,0.0,0.0
21,15,0.163004794849,50.0,50.0,0.4
21,16,0.114047309568,60.0,10.0,0.3
21,17,0.0656345152545,60.0,10.0,0.3
21,18,0.76946841498,5.0,0.0,0.2
21,19,0.768176292491,5.0,0.0,0.2
21,20,0.119229152185,60.0,10.0,0.3
21,21,0.0503144505992,60.0,10.0,0.3
21,22,0.125437470636,60.0,10.0,0.3
21,23,0.0,10.0,0.0,0.0
21,24,0.0,10.0,0.0,0.0
21,25,0.65909599594,5.0,0.0,1.0
21,26,0.690025143133,5.0,0.0,1.0
21,27,0.651244651852,5.0,0.0,1.0
21,28,0.663899485845,5.0,0.0,1.0
21,29,0.653038637264,5.0,0.0,1.0
21,30,0.676751532724,5.0,0.0,1.0
21,31,0.673205512445,5.0,0.0,1.0
21,32,0.681866373385,5.0,0.0,1.0
21,33,0.651245435512,5.0,0.0,1.0
21,34,0.666999459743,5.0,0.0,1.0
21,35,0.655802490558,5.0,0.0,1.0
21,36,0.65689210816,5.0,0.0,1.0
21,37,0.652928191042,5.0,0.0,1.0
21,38,0.776748059975,5.0,0.0,0.2
21,39,0.77551652901,5.0,0.0,0.2
21,40,0.750346402489,5.0,0.0,0.2
21,41,0.783874984169,5.0,0.0,0.2
21,42,0.790058641168,5.0,0.0,0.2
21,43,0.757332867767,5.0,0.0,0.2
21,44,0.757072888235,5.0,0.0,0.2
21,45,0.76178769441,5.0,0.0,0.2
21,46,0.7681894206,5.0,0.0,0.2
21,47,0.756521538079,5.0,0.0,0.2
21,48,0.798055392148,5.0,0.0,0.2
21,49,0.782387082889,5.0,0.0,0.2
22,0,0.698128917883,5.0,0.0,1.0
22,1,0.659148675422,5.0,0.0,1.0
22,2,0.281302294967,50.0,50.0,0.4
22,3,0.249139026756,50.0,50.0,0.4
22,4,0.117134252206,50.0,50.0,0.4
22,5,0.0,15.0,0.0,0.0
22,6,0.245836340037,50.0,50.0,0.4
22,7,0.249283954815,50.0,50.0,0.4
22,8,0.0,15.0,0.0,0.0
22,9,0.0,15.0,0.0,0.0
22,10,0.0,10.0,0.0,0.0
22,11,0.276494220864,50.0,50.0,0.4
22,12,0.0,10.0,0.0,0.0
22,13,0.176428775996,50.0,50.0,0.4
22,14,0.0,10.0,0.0,0.0
22,15,0.176111826231,50.0,50.0,0.4
22,16,0.274667514417,50.0,50.0,0.4
22,17,0.130205529407,50.0,50.0,0.4
22,18,0.277636576504,50.0,50.0,0.4
22,19,0.0662911910047,60.0,10.0,0.3
22,20,0.112332551147,60.0,10.0,0.3
22,21,0.103770272505,60.0,10.0,0.3
22,22,0.0819950380492,60.0,10.0,0.3
22,23,0.663276286529,5.0,0.0,1.0
22,24,0.672430491129,5.0,0.0,1.0
22,25,0.683649231058,5.0,0.0,1.0
22,26,0.691918501436,5.0,0.0,1.0
22,27,0.656533341448,5.0,0.0,1.0
22,28,0.682306112947,5.0,0.0,1.0
22,29,0.67981251185,5.0,0.0,1.0
22,30,0.697997122868,5.0,0.0,1.0
22,31,0.686605259788,5.0,0.0,1.0
22,32,0.671217632273,5.0,0.0,1.0
22,33,0.756109456487,5.0,0.0,0.2
22,34,0.792396143464,5.0,0.0,0.2
22,35,0.780623986696,5.0,0.0,0.2
22,36,0.788002672087,5.0,0.0,0.2
22,37,0.767566787818,5.0,0.0,0.2
22,38,0.783127283241,5.0,0.0,0.2
22,39,0.760152160534,5.0,0.0,0.2
22,40,0.755200186036,5.0,0.0,0.2
22,41,0.751661159707,5.0,0.0,0.2
22,42,0.777451089834,5.0,0.0,0.2
22,43,0.754813733325,5.0,0.0,0.2
22,44,0.774766861664,5.0,0.0,0.2
22,45,0.781406070886,5.0,0.0,0.2
22,46,0.757195911529,5.0,0.0,0.2
22,47,0.783596633287,5.0,0.0,0.2
22,48,0.769134529618,5.0,0.0,0.2
22,49,0.755200145327,5.0,0.0,0.2
23,0,0.660779370256,5.0,0.0,1.0
23,1,0.665195009313,5.0,0.0,1.0
23,2,0.176042342266,50.0,50.0,0.4
23,3,0.264936615645,50.0,50.0,0.4
23,4,0.27188312734,50.0,50.0,0.4
23,5,0.0,15.0,0.0,0.0
23,6,0.295441250385,50.0,50.0,0.4
23,7,0.0,15.0,0.0,0.0
23,8,0.156905833158,50.0,50.0,0.4
23,9,0.254671277021,50.0,50.0,0.4
23,10,0.295136385383,50.0,50.0,0.4
23,11,0.0,10.0,0.0,0.0
23,12,0.198150308408,50.0,50.0,0.4
23,13,0.139301305856,50.0,50.0,0.4
23,14,0.0,10.0,0.0,0.0
23,15,0.244032184157,50.0,50.0,0.4
23,16,0.187507623216,50.0,50.0,0.4
23,17,0.241152219376,50.0,50.0,0.4
23,18,0.190938268087,50.0,50.0,0.4
23,19,0.0537634170983,60.0,10.0,0.3
23,20,0.135798502693,60.0,10.0,0.3
23,21,0.0622591302265,60.0,10.0,0.3
23,22,0.0809340209783,60.0,10.0,0.3
23,23,0.698168191209,5.0,0.0,1.0
23,24,0.694732251973,5.0,0.0,1.0
23,25,0.689838900291,5.0,0.0,1.0
23,26,0.695360204667,5.0,0.0,1.0
23,27,0.663099028219,5.0,0.0,1.0
23,28,0.671413471593,5.0,0.0,1.0
23,29,0.681888616697,5.0,0.0,1.0
23,30,0.696017354597,5.0,0.0,1.0
23,31,0.687492570601,5.0,0.0,1.0
23,32,0.678419142967,5.0,0.0,1.0
23,33,0.769815856316,5.0,0.0,0.2
23,34,0.788249909108,5.0,0.0,0.2
23,35,0.786442089417,5.0,0.0,0.2
23,36,0.778609550676,5.0,0.0,0.2
23,37,0.758547032016,5.0,0.0,0.2
23,38,0.781629346005,5.0,0.0,0.2
23,39,0.78729575826,5.0,0.0,0.2
23,40,0.760312559827,5.0,0.0,0.2
23,41,0.776491243507,5.0,0.0,0.2
23,42,0.790068137152,5.0,0.0,0.2
23,43,0.755531345775,5.0,0.0,0.2
23,44,0.781398915729,5.0,0.0,0.2
23,45,0.776687593174,5.0,0.0,0.2
23,46,0.753256225423,5.0,0.0,0.2
23,47,0.764238736055,5.0,0.0,0.2
23,48,0.79409541594,5.0,0.0,0.2
23,49,0.763789123809,5.0,0.0,0.2
24,0,0.686422136609,5.0,0.0,1.0
24,1,0.66305453661,5.0,0.0,1.0
24,2,0.65482969124,5.0,0.0,1.0
24,3,0.653211360835,5.0,0.0,1.0
24,4,0.679989861122,5.0,0.0,1.0
24,5,0.0,15.0,0.0,0.0
24,6,0.0,15.0,0.0,0.0
24,7,0.202692956711,50.0,50.0,0.4
24,8,0.242562302001,50.0,50.0,0.4
24,9,0.158366854973,50.0,50.0,0.4
24,10,0.137796338659,50.0,50.0,0.4
24,11,0.0,10.0,0.0,0.0
24,12,0.168015515187,50.0,50.0,0.4
24,13,0.183420314603,50.0,50.0,0.4
24,14,0.0,10.0,0.0,0.0
24,15,0.209539063502,50.0,50.0,0.4
24,16,0.134519469315,50.0,50.0,0.4
24,17,0.292879939758,50.0,50.0,0.4
24,18,0.168262355815,50.0,50.0,0.4
24,19,0.0886412238546,60.0,10.0,0.3
24,20,0.0838388860121,60.0,10.0,0.3
24,21,0.651305795598,5.0,0.0,1.0
24,22,0.670978083635,5.0,0.0,1.0
24,23,0.652394508058,5.0,0.0,1.0
24,24,0.658662177062,5.0,0.0,1.0
24,25,0.668985219739,5.0,0.0,1.0
24,26,0.694116568056,5.0,0.0,1.0
24,27,0.691436292248,5.0,0.0,1.0
24,28,0.654464810222,5.0,0.0,1.0
24,29,0.668796279009,5.0,0.0,1.0
24,30,0.677090950029,5.0,0.0,1.0
24,31,0.651193824602,5.0,0.0,1.0
24,32,0.772911157471,5.0,0.0,0.2
24,33,0.77881522767,5.0,0.0,0.2
24,34,0.765048698594,5.0,0.0,0.2
24,35,0.793570519043,5.0,0.0,0.2
24,36,0.784905335938,5.0,0.0,0.2
24,37,0.7803612189,5.0,0.0,0.2
24,38,0.761388858133,5.0,0.0,0.2
24,39,0.791749740108,5.0,0.0,0.2
24,40,0.797018873033,5.0,0.0,0.2
24,41,0.762454396748,5.0,0.0,0.2
24,42,0.751018796485,5.0,0.0,0.2
24,43,0.751868960736,5.0,0.0,0.2
24,44,0.77644031189,5.0,0.0,0.2
24,45,0.769221367934,5.0,0.0,0.2
24,46,0.789349848508,5.0,0.0,0.2
24,47,0.770525982743,5.0,0.0,0.2
24,48,0.795306230698,5.0,0.0,0.2
24,49,0.760601081636,5.0,0.0,0.2
25,0,0.685915422488,5.0,0.0,1.0
25,1,0.651312693066,5.0,0.0,1.0
25,2,0.680764984843,5.0,0.0,1.0
25,3,0.659929690664,5.0,0.0,1.0
25,4,0.0,15.0,0.0,0.0
25,5,0.0,15.0,0.0,0.0
25,6,0.160318812692,50.0,50.0,0.4
25,7,0.128656903462,50.0,50.0,0.4
25,8,0.254423172177,50.0,50.0,0.4
25,9,0.226245187495,50.0,50.0,0.4
25,10,0.0,10.0,0.0,0.0
25,11,0.104229404025,50.0,50.0,0.4
25,12,0.0,10.0,0.0,0.0
25,13,0.132122499423,50.0,50.0,0.4
25,14,0.216643003486,50.0,50.0,0.4
25,15,0.0,10.0,0.0,0.0
25,16,0.171529954867,50.0,50.0,0.4
25,17,0.243137582238,50.0,50.0,0.4
25,18,0.201720841562,50.0,50.0,0.4
25,19,0.0533964178956,60.0,10.0,0.3
25,20,0.0623100215784,60.0,10.0,0.3
25,21,0.672508795803,5.0,0.0,1.0
25,22,0.66504362459,5.0,0.0,1.0
25,23,0.66362223106,5.0,0.0,1.0
25,24,0.66070223322,5.0,0.0,1.0
25,25,0.680309518311,5.0,0.0,1.0
25,26,0.692245914122,5.0,0.0,1.0
25,27,0.680326771339,5.0,0.0,1.0
25,28,0.651135034593,5.0,0.0,1.0
25,29,0.68100028567,5.0,0.0,1.0
25,30,0.675104400862,5.0,0.0,1.0
25,31,0.655674501099,5.0,0.0,1.0
25,32,0.796935134178,5.0,0.0,0.2
25,33,0.760052098925,5.0,0.0,0.2
25,34,0.776153320399,5.0,0.0,0.2
25,35,0.782179891488,5.0,0.0,0.2
25,36,0.797963017674,5.0,0.0,0.2
25,37,0.759140051542,5.0,0.0,0.2
25,38,0.752839953387,5.0,0.0,0.2
25,39,0.787926819566,5.0,0.0,0.2
25,40,0.777956912243,5.0,0.0,0.2
25,41,0.753048928252,5.0,0.0,0.2
25,42,0.771142889458,5.0,0.0,0.2
25,43,0.750679905953,5.0,0.0,0.2
25,44,0.769399218406,5.0,0.0,0.2
25,45,0.797237819977,5.0,0.0,0.2
25,46,0.772063796763,5.0,0.0,0.2
25,47,0.793334940085,5.0,0.0,0.2
25,48,0.798932133824,5.0,0.0,0.2
25,49,0.775955808725,5.0,0.0,0.2
26,0,0.693638730644,5.0,0.0,1.0
26,1,0.653651088231,5.0,0.0,1.0
26,2,0.656034288965,5.0,0.0,1.0
26,3,0.0,15.0,0.0,0.0
26,4,0.768014621444,5.0,0.0,0.2
26,5,0.792016289671,5.0,0.0,0.2
26,6,0.0,15.0,0.0,0.0
26,7,0.143235461352,50.0,50.0,0.4
26,8,0.193876353766,50.0,50.0,0.4
26,9,0.254973399015,50.0,50.0,0.4
26,10,0.0,10.0,0.0,0.0
26,11,0.174240816076,50.0,50.0,0.4
26,12,0.167593935556,50.0,50.0,0.4
26,13,0.0,10.0,0.0,0.0
26,14,0.17478448595,50.0,50.0,0.4
26,15,0.124877372664,50.0,50.0,0.4
26,16,0.0,10.0,0.0,0.0
26,17,0.182966991004,50.0,50.0,0.4
26,18,0.173318581184,50.0,50.0,0.4
26,19,0.0757339934996,60.0,10.0,0.3
26,20,0.13163528137,60.0,10.0,0.3
26,21,0.671113539946,5.0,0.0,1.0
26,22,0.672669297755,5.0,0.0,1.0
26,23,0.655057850558,5.0,0.0,1.0
26,24,0.685231882622,5.0,0.0,1.0
26,25,0.692693699967,5.0,0.0,1.0
26,26,0.667087839543,5.0,0.0,1.0
26,27,0.660961786396,5.0,0.0,1.0
26,28,0.673091047009,5.0,0.0,1.0
26,29,0.658216457809,5.0,0.0,1.0
26,30,0.663920250357,5.0,0.0,1.0
26,31,0.79486753191,5.0,0.0,0.2
26,32,0.786271807744,5.0,0.0,0.2
26,33,0.763192795333,5.0,0.0,0.2
26,34,0.786994138632,5.0,0.0,0.2
26,35,0.781765556206,5.0,0.0,0.2
26,36,0.778069452609,5.0,0.0,0.2
26,37,0.752435892456,5.0,0.0,0.2
26,38,0.75434671866,5.0,0.0,0.2
26,39,0.778909050616,5.0,0.0,0.2
26,40,0.753089057126,5.0,0.0,0.2
26,41,0.795570960808,5.0,0.0,0.2
26,42,0.770110248612,5.0,0.0,0.2
26,43,0.750603127631,5.0,0.0,0.2
26,44,0.786201641716,5.0,0.0,0.2
26,45,0.796702845011,5.0,0.0,0.2
26,46,0.786015544796,5.0,0.0,0.2
26,47,0.773581476354,5.0,0.0,0.2
26,48,0.777138969473,5.0,0.0,0.2
26,49,0.763402093843,5.0,0.0,0.2
27,0,0.688270784251,5.0,0.0,1.0
27,1,0.658776361393,5.0,0.0,1.0
27,2,0.0,15.0,0.0,0.0
27,3,0.797451666099,5.0,0.0,0.2
27,4,0.768475038806,5.0,0.0,0.2
27,5,0.782792401065,5.0,0.0,0.2
27,6,0.767506690726,5.0,0.0,0.2
27,7,0.0,15.0,0.0,0.0
27,8,0.275587609996,50.0,50.0,0.4
27,9,0.150310965558,50.0,50.0,0.4
27,10,0.0,10.0,0.0,0.0
27,11,0.14096635115,50.0,50.0,0.4
27,12,0.109337048999,50.0,50.0,0.4
27,13,0.178048325593,50.0,50.0,0.4
27,14,0.0,10.0,0.0,0.0
27,15,0.102271398583,50.0,50.0,0.4
27,16,0.244099689461,50.0,50.0,0.4
27,17,0.0,10.0,0.0,0.0
27,18,0.186246979974,50.0,50.0,0.4
27,19,0.217358405703,50.0,50.0,0.4
27,20,0.133439767313,50.0,50.0,0.4
27,21,0.655370218461,5.0,0.0,1.0
27,22,0.690264973805,5.0,0.0,1.0
27,23,0.659987079813,5.0,0.0,1.0
27,24,0.692778857735,5.0,0.0,1.0
27,25,0.66594350744,5.0,0.0,1.0
27,26,0.697122657055,5.0,0.0,1.0
27,27,0.787409160723,5.0,0.0,0.2
27,28,0.797514358957,5.0,0.0,0.2
27,29,0.784421601378,5.0,0.0,0.2
27,30,0.758788292863,5.0,0.0,0.2
27,31,0.79354983425,5.0,0.0,0.2
27,32,0.765369321949,5.0,0.0,0.2
27,33,0.772945890237,5.0,0.0,0.2
27,34,0.787256311725,5.0,0.0,0.2
27,35,0.787255696515,5.0,0.0,0.2
27,36,0.750761066632,5.0,0.0,0.2
27,37,0.785540657287,5.0,0.0,0.2
27,38,0.750821891882,5.0,0.0,0.2
27,39,0.794640751719,5.0,0.0,0.2
27,40,0.761272208992,5.0,0.0,0.2
27,41,0.779034537044,5.0,0.0,0.2
27,42,0.788362350467,5.0,0.0,0.2
27,43,0.781034018892,5.0,0.0,0.2
27,44,0.774333744402,5.0,0.0,0.2
27,45,0.797404990549,5.0,0.0,0.2
27,46,0.764156552193,5.0,0.0,0.2
27,47,0.761271905527,5.0,0.0,0.2
27,48,0.788514222557,5.0,0.0,0.2
27,49,0.755920258239,5.0,0.0,0.2
28,0,0.660591370848,5.0,0.0,1.0
28,1,0.0,15.0,0.0,0.0
28,2,0.772779651097,5.0,0.0,0.2
28,3,0.762128084986,5.0,0.0,0.2
28,4,0.773659358715,5.0,0.0,0.2
28,5,0.766799601106,5.0,0.0,0.2
28,6,0.771823522733,5.0,0.0,0.2
28,7,0.0,15.0,0.0,0.0
28,8,0.144712823718,50.0,50.0,0.4
28,9,0.177749810951,50.0,50.0,0.4
28,10,0.0,10.0,0.0,0.0
28,11,0.165747717947,50.0,50.0,0.4
28,12,0.239775628396,50.0,50.0,0.4
28,13,0.266856223432,50.0,50.0,0.4
28,14,0.0,10.0,0.0,0.0
28,15,0.0,10.0,0.0,0.0
28,16,0.212566130599,50.0,50.0,0.4
28,17,0.162942587697,50.0,50.0,0.4
28,18,0.0,10.0,0.0,0.0
28,19,0.127278512945,50.0,50.0,0.4
28,20,0.118685989879,50.0,50.0,0.4
28,21,0.661797234361,5.0,0.0,1.0
28,22,0.667902277646,5.0,0.0,1.0
28,23,0.699757136741,5.0,0.0,1.0
28,24,0.668245383149,5.0,0.0,1.0
28,25,0.662043372274,5.0,0.0,1.0
28,26,0.657892626228,5.0,0.0,1.0
28,27,0.754528087739,5.0,0.0,0.2
28,28,0.750795606539,5.0,0.0,0.2
28,29,0.77199613872,5.0,0.0,0.2
28,30,0.752578205527,5.0,0.0,0.2
28,31,0.789676209929,5.0,0.0,0.2
28,32,0.791060904334,5.0,0.0,0.2
28,33,0.789230409246,5.0,0.0,0.2
28,34,0.781533952834,5.0,0.0,0.2
28,35,0.797456383026,5.0,0.0,0.2
28,36,0.750107322896,5.0,0.0,0.2
28,37,0.762380328934,5.0,0.0,0.2
28,38,0.772170292649,5.0,0.0,0.2
28,39,0.775485473858,5.0,0.0,0.2
28,40,0.774423231564,5.0,0.0,0.2
28,41,0.755057811427,5.0,0.0,0.2
28,42,0.778433426172,5.0,0.0,0.2
28,43,0.793358305914,5.0,0.0,0.2
28,44,0.764974261775,5.0,0.0,0.2
28,45,0.752097269095,5.0,0.0,0.2
28,46,0.756523270077,5.0,0.0,0.2
28,47,0.798880338847,5.0,0.0,0.2
28,48,0.792168156859,5.0,0.0,0.2
28,49,0.773545438709,5.0,0.0,0.2
29,0,0.0,15.0,0.0,0.0
29,1,0.795179944972,5.0,0.0,0.2
29,2,0.752880431777,5.0,0.0,0.2
29,3,0.758442763032,5.0,0.0,0.2
29,4,0.766186361741,5.0,0.0,0.2
29,5,0.790538761268,5.0,0.0,0.2
29,6,0.77347656574,5.0,0.0,0.2
29,7,0.0,15.0,0.0,0.0
29,8,0.211834519763,50.0,50.0,0.4
29,9,0.267877534437,50.0,50.0,0.4
29,10,0.270643888674,50.0,50.0,0.4
29,11,0.169604991697,50.0,50.0,0.4
29,12,0.12142594128,50.0,50.0,0.4
29,13,0.0,10.0,0.0,0.0
29,14,0.207452891342,50.0,50.0,0.4
29,15,0.180058070114,50.0,50.0,0.4
29,16,0.0,10.0,0.0,0.0
29,17,0.119326905078,50.0,50.0,0.4
29,18,0.262332186018,50.0,50.0,0.4
29,19,0.0,10.0,0.0,0.0
29,20,0.173767074567,50.0,50.0,0.4
29,21,0.687448644935,5.0,0.0,1.0
29,22,0.69624052667,5.0,0.0,1.0
29,23,0.67254350442,5.0,0.0,1.0
29,24,0.688697966038,5.0,0.0,1.0
29,25,0.688919753289,5.0,0.0,1.0
29,26,0.690236521958,5.0,0.0,1.0
29,27,0.791400503483,5.0,0.0,0.2
29,28,0.763532696152,5.0,0.0,0.2
29,29,0.754235520059,5.0,0.0,0.2
29,30,0.768809668118,5.0,0.0,0.2
29,31,0.772306981594,5.0,0.0,0.2
29,32,0.788072152751,5.0,0.0,0.2
29,33,0.778402279035,5.0,0.0,0.2
29,34,0.794770018004,5.0,0.0,0.2
29,35,0.791882991224,5.0,0.0,0.2
29,36,0.752616056514,5.0,0.0,0.2
29,37,0.783133941318,5.0,0.0,0.2
29,38,0.753976696734,5.0,0.0,0.2
29,39,0.795534998226,5.0,0.0,0.2
29,40,0.758220928384,5.0,0.0,0.2
29,41,0.763681025269,5.0,0.0,0.2
29,42,0.798057155247,5.0,0.0,0.2
29,43,0.796137363526,5.0,0.0,0.2
29,44,0.760875003863,5.0,0.0,0.2
29,45,0.755699742765,5.0,0.0,0.2
29,46,0.775694700307,5.0,0.0,0.2
29,47,0.776302114652,5.0,0.0,0.2
29,48,0.76692653234,5.0,0.0,0.2
29,49,0.763068698309,5.0,0.0,0.2
30,0,0.763491750347,5.0,0.0,0.2
30,1,0.788988439839,5.0,0.0,0.2
30,2,0.7909057988,5.0,0.0,0.2
30,3,0.788442089863,5.0,0.0,0.2
30,4,0.762300362974,5.0,0.0,0.2
30,5,0.763341935686,5.0,0.0,0.2
30,6,0.798419891486,5.0,0.0,0.2
30,7,0.0,15.0,0.0,0.0
30,8,0.250125284152,50.0,50.0,0.4
30,9,0.130237252511,50.0,50.0,0.4
30,10,0.191567648376,50.0,50.0,0.4
30,11,0.196810230267,50.0,50.0,0.4
30,12,0.0,10.0,0.0,0.0
30,13,0.110688109579,50.0,50.0,0.4
30,14,0.111435782604,50.0,50.0,0.4
30,15,0.294059441477,50.0,50.0,0.4
30,16,0.0,10.0,0.0,0.0
30,17,0.0,10.0,0.0,0.0
30,18,0.106432523007,50.0,50.0,0.4
30,19,0.288002991664,50.0,50.0,0.4
30,20,0.0,10.0,0.0,0.0
30,21,0.653259549838,5.0,0.0,1.0
30,22,0.653081277674,5.0,0.0,1.0
30,23,0.671972044692,5.0,0.0,1.0
30,24,0.669268765003,5.0,0.0,1.0
30,25,0.655472103189,5.0,0.0,1.0
30,26,0.682295310797,5.0,0.0,1.0
30,27,0.790090797074,5.0,0.0,0.2
30,28,0.783967286785,5.0,0.0,0.2
30,29,0.750567237285,5.0,0.0,0.2
30,30,0.787696916144,5.0,0.0,0.2
30,31,0.778605967532,5.0,0.0,0.2
30,32,0.776278813191,5.0,0.0,0.2
30,33,0.7577545687,5.0,0.0,0.2
30,34,0.755409074653,5.0,0.0,0.2
30,35,0.765041291673,5.0,0.0,0.2
30,36,0.784306835456,5.0,0.0,0.2
30,37,0.791371876499,5.0,0.0,0.2
30,38,0.789029510305,5.0,0.0,0.2
30,39,0.754403430825,5.0,0.0,0.2
30,40,0.786032886459,5.0,0.0,0.2
30,41,0.777339099738,5.0,0.0,0.2
30,42,0.757400984517,5.0,0.0,0.2
30,43,0.755760854997,5.0,0.0,0.2
30,44,0.760286126794,5.0,0.0,0.2
30,45,0.759460059823,5.0,0.0,0.2
30,46,0.770445489794,5.0,0.0,0.2
30,47,0.753589151569,5.0,0.0,0.2
30,48,0.787521478148,5.0,0.0,0.2
30,49,0.767700720671,5.0,0.0,0.2
31,0,0.784871681308,5.0,0.0,0.2
31,1,0.756645369779,5.0,0.0,0.2
31,2,0.789231143976,5.0,0.0,0.2
31,3,0.762323993967,5.0,0.0,0.2
31,4,0.791098667561,5.0,0.0,0.2
31,5,0.771664173227,5.0,0.0,0.2
31,6,0.796590073807,5.0,0.0,0.2
31,7,0.0,15.0,0.0,0.0
31,8,0.210013766521,50.0,50.0,0.4
31,9,0.121204280782,50.0,50.0,0.4
31,10,0.239323031843,50.0,50.0,0.4
31,11,0.236387495909,50.0,50.0,0.4
31,12,0.220670071147,50.0,50.0,0.4
31,13,0.0,10.0,0.0,0.0
31,14,0.292876698365,50.0,50.0,0.4
31,15,0.0,10.0,0.0,0.0
31,16,0.26009516419,50.0,50.0,0.4
31,17,0.214815724813,50.0,50.0,0.4
31,18,0.0,10.0,0.0,0.0
31,19,0.121952952314,50.0,50.0,0.4
31,20,0.144212320089,50.0,50.0,0.4
31,21,0.0,10.0,0.0,0.0
31,22,0.670387939909,5.0,0.0,1.0
31,23,0.692081760686,5.0,0.0,1.0
31,24,0.676371256379,5.0,0.0,1.0
31,25,0.687341527877,5.0,0.0,1.0
31,26,0.667366365811,5.0,0.0,1.0
31,27,0.789775487089,5.0,0.0,0.2
31,28,0.772292831681,5.0,0.0,0.2
31,29,0.760486868368,5.0,0.0,0.2
31,30,0.795162318078,5.0,0.0,0.2
31,31,0.788626001787,5.0,0.0,0.2
31,32,0.767455262514,5.0,0.0,0.2
31,33,0.793742977968,5.0,0.0,0.2
31,34,0.765230702113,5.0,0.0,0.2
31,35,0.798699323965,5.0,0.0,0.2
31,36,0.773928615997,5.0,0.0,0.2
31,37,0.761672508004,5.0,0.0,0.2
31,38,0.760616537985,5.0,0.0,0.2
31,39,0.794812848,5.0,0.0,0.2
31,40,0.756460193834,5.0,0.0,0.2
31,41,0.769660467331,5.0,0.0,0.2
31,42,0.757011908181,5.0,0.0,0.2
31,43,0.794847846905,5.0,0.0,0.2
31,44,0.764450185759,5.0,0.0,0.2
31,45,0.754594895301,5.0,0.0,0.2
31,46,0.759200608878,5.0,0.0,0.2
31,47,0.766418499776,5.0,0.0,0.2
31,48,0.797183213344,5.0,0.0,0.2
31,49,0.754997159929,5.0,0.0,0.2
32,0,0.766785050132,5.0,0.0,0.2
32,1,0.795113062316,5.0,0.0,0.2
32,2,0.799165783037,5.0,0.0,0.2
32,3,0.793447660779,5.0,0.0,0.2
32,4,0.79305384528,5.0,0.0,0.2
32,5,0.765896091756,5.0,0.0,0.2
32,6,0.784837815811,5.0,0.0,0.2
32,7,0.0,15.0,0.0,0.0
32,8,0.123041242224,50.0,50.0,0.4
32,9,0.13033932717,50.0,50.0,0.4
32,10,0.198114106626,50.0,50.0,0.4
32,11,0.178891090349,50.0,50.0,0.4
32,12,0.201390236609,50.0,50.0,0.4
32,13,0.1830343341,50.0,50.0,0.4
32,14,0.0,10.0,0.0,0.0
32,15,0.220448230818,50.0,50.0,0.4
32,16,0.162003106343,50.0,50.0,0.4
32,17,0.269543484726,50.0,50.0,0.4
32,18,0.280585890531,50.0,50.0,0.4
32,19,0.0,10.0,0.0,0.0
32,20,0.0,10.0,0.0,0.0
32,21,0.256155634789,50.0,50.0,0.4
32,22,0.0,10.0,0.0,0.0
32,23,0.6603274121,5.0,0.0,1.0
32,24,0.685201849166,5.0,0.0,1.0
32,25,0.695816207962,5.0,0.0,1.0
32,26,0.670036874031,5.0,0.0,1.0
32,27,0.782949658585,5.0,0.0,0.2
32,28,0.764655549536,5.0,0.0,0.2
32,29,0.779605733886,5.0,0.0,0.2
32,30,0.783543292542,5.0,0.0,0.2
32,31,0.771088157677,5.0,0.0,0.2
32,32,0.773873505823,5.0,0.0,0.2
32,33,0.750186832576,5.0,0.0,0.2
32,34,0.751388763062,5.0,0.0,0.2
32,35,0.7757390641,5.0,0.0,0.2
32,36,0.796495687553,5.0,0.0,0.2
32,37,0.780648709861,5.0,0.0,0.2
32,38,0.75847397456,5.0,0.0,0.2
32,39,0.791273331681,5.0,0.0,0.2
32,40,0.775865528675,5.0,0.0,0.2
32,41,0.75128465795,5.0,0.0,0.2
32,42,0.78816024684,5.0,0.0,0.2
32,43,0.752858616213,5.0,0.0,0.2
32,44,0.796807824927,5.0,0.0,0.2
32,45,0.763029302119,5.0,0.0,0.2
32,46,0.75107608536,5.0,0.0,0.2
32,47,0.782263076084,5.0,0.0,0.2
32,48,0.756238230401,5.0,0.0,0.2
32,49,0.760563814062,5.0,0.0,0.2
33,0,0.756867170233,5.0,0.0,0.2
33,1,0.799083471241,5.0,0.0,0.2
33,2,0.770995754181,5.0,0.0,0.2
33,3,0.75834129827,5.0,0.0,0.2
33,4,0.791028165364,5.0,0.0,0.2
33,5,0.796445352774,5.0,0.0,0.2
33,6,0.75615550158,5.0,0.0,0.2
33,7,0.0,15.0,0.0,0.0
33,8,0.223923778911,50.0,50.0,0.4
33,9,0.128905088572,50.0,50.0,0.4
33,10,0.164383923662,50.0,50.0,0.4
33,11,0.207618257103,50.0,50.0,0.4
33,12,0.18312853062,50.0,50.0,0.4
33,13,0.236989192791,50.0,50.0,0.4
33,14,0.189614650279,50.0,50.0,0.4
33,15,0.0,10.0,0.0,0.0
33,16,0.240012332168,50.0,50.0,0.4
33,17,0.101853928666,50.0,50.0,0.4
33,18,0.22579441993,50.0,50.0,0.4
33,19,0.0,10.0,0.0,0.0
33,20,0.0,10.0,0.0,0.0
33,21,0.177025535046,50.0,50.0,0.4
33,22,0.28489708239,50.0,50.0,0.4
33,23,0.0,10.0,0.0,0.0
33,24,0.650998060035,5.0,0.0,1.0
33,25,0.667254698014,5.0,0.0,1.0
33,26,0.66934251317,5.0,0.0,1.0
33,27,0.751265915313,5.0,0.0,0.2
33,28,0.775878647659,5.0,0.0,0.2
33,29,0.767818503237,5.0,0.0,0.2
33,30,0.765289290805,5.0,0.0,0.2
33,31,0.784091264685,5.0,0.0,0.2
33,32,0.786261421847,5.0,0.0,0.2
33,33,0.771286944477,5.0,0.0,0.2
33,34,0.772464905666,5.0,0.0,0.2
33,35,0.771841024207,5.0,0.0,0.2
33,36,0.752185790614,5.0,0.0,0.2
33,37,0.787308371701,5.0,0.0,0.2
33,38,0.760912158444,5.0,0.0,0.2
33,39,0.798038796467,5.0,0.0,0.2
33,40,0.778255193654,5.0,0.0,0.2
33,41,0.790724232196,5.0,0.0,0.2
33,42,0.792130159566,5.0,0.0,0.2
33,43,0.783797869224,5.0,0.0,0.2
33,44,0.752219286925,5.0,0.0,0.2
33,45,0.766186499594,5.0,0.0,0.2
33,46,0.757024290517,5.0,0.0,0.2
33,47,0.760010574288,5.0,0.0,0.2
33,48,0.768294156541,5.0,0.0,0.2
33,49,0.768463315219,5.0,0.0,0.2
34,0,0.790997239057,5.0,0.0,0.2
34,1,0.798477350815,5.0,0.0,0.2
34,2,0.782590703414,5.0,0.0,0.2
34,3,0.768004166903,5.0,0.0,0.2
34,4,0.785645452937,5.0,0.0,0.2
34,5,0.792066645081,5.0,0.0,0.2
34,6,0.766876845764,5.0,0.0,0.2
34,7,0.0,15.0,0.0,0.0
34,8,0.134909782695,50.0,50.0,0.4
34,9,0.281684526842,50.0,50.0,0.4
34,10,0.144873185434,50.0,50.0,0.4
34,11,0.116564787063,50.0,50.0,0.4
34,12,0.289297428992,50.0,50.0,0.4
34,13,0.119954314554,50.0,50.0,0.4
34,14,0.274508833498,50.0,50.0,0.4
34,15,0.185314832766,50.0,50.0,0.4
34,16,0.0,10.0,0.0,0.0
34,17,0.124040791466,50.0,50.0,0.4
34,18,0.0,10.0,0.0,0.0
34,19,0.231770464697,50.0,50.0,0.4
34,20,0.17611807868,50.0,50.0,0.4
34,21,0.0,10.0,0.0,0.0
34,22,0.172916980876,50.0,50.0,0.4
34,23,0.20442830369,50.0,50.0,0.4
34,24,0.0,10.0,0.0,0.0
34,25,0.674215008329,5.0,0.0,1.0
34,26,0.686499317835,5.0,0.0,1.0
34,27,0.780947494081,5.0,0.0,0.2
34,28,0.788084979852,5.0,0.0,0.2
34,29,0.751915009594,5.0,0.0,0.2
34,30,0.764838300673,5.0,0.0,0.2
34,31,0.766307807835,5.0,0.0,0.2
34,32,0.774038601391,5.0,0.0,0.2
34,33,0.77937722907,5.0,0.0,0.2
34,34,0.798575202383,5.0,0.0,0.2
34,35,0.780397823562,5.0,0.0,0.2
34,36,0.759772507689,5.0,0.0,0.2
34,37,0.78140793492,5.0,0.0,0.2
34,38,0.751299149157,5.0,0.0,0.2
34,39,0.762998842507,5.0,0.0,0.2
34,40,0.752835505064,5.0,0.0,0.2
34,41,0.771187957292,5.0,0.0,0.2
34,42,0.772296194468,5.0,0.0,0.2
34,43,0.752998312586,5.0,0.0,0.2
34,44,0.752099296693,5.0,0.0,0.2
34,45,0.753470391873,5.0,0.0,0.2
34,46,0.777948966781,5.0,0.0,0.2
34,47,0.75742497463,5.0,0.0,0.2
34,48,0.773056320411,5.0,0.0,0.2
34,49,0.766307208106,5.0,0.0,0.2
35,0,0.768144817043,5.0,0.0,0.2
35,1,0.771919233638,5.0,0.0,0.2
35,2,0.784210819755,5.0,0.0,0.2
35,3,0.766740670461,5.0,0.0,0.2
35,4,0.754548494478,5.0,0.0,0.2
35,5,0.783988838345,5.0,0.0,0.2
35,6,0.771080297258,5.0,0.0,0.2
35,7,0.0,15.0,0.0,0.0
35,8,0.188247758521,50.0,50.0,0.4
35,9,0.169273283847,50.0,50.0,0.4
35,10,0.255385964173,50.0,50.0,0.4
35,11,0.135148385135,50.0,50.0,0.4
35,12,0.764869653067,5.0,0.0,0.2
35,13,0.77311931347,5.0,0.0,0.2
35,14,0.262454701863,50.0,50.0,0.4
35,15,0.283127834728,50.0,50.0,0.4
35,16,0.240122015799,50.0,50.0,0.4
35,17,0.0,10.0,0.0,0.0
35,18,0.130883315207,50.0,50.0,0.4
35,19,0.196455687032,50.0,50.0,0.4
35,20,0.15903238722,50.0,50.0,0.4
35,21,0.273993320251,50.0,50.0,0.4
35,22,0.0,10.0,0.0,0.0
35,23,0.0,10.0,0.0,0.0
35,24,0.268576792818,50.0,50.0,0.4
35,25,0.669655708934,5.0,0.0,1.0
35,26,0.676000133342,5.0,0.0,1.0
35,27,0.766866638087,5.0,0.0,0.2
35,28,0.760728155489,5.0,0.0,0.2
35,29,0.758524297746,5.0,0.0,0.2
35,30,0.751469215802,5.0,0.0,0.2
35,31,0.770219368892,5.0,0.0,0.2
35,32,0.768588337289,5.0,0.0,0.2
35,33,0.795825859562,5.0,0.0,0.2
35,34,0.754172456741,5.0,0.0,0.2
35,35,0.792159028961,5.0,0.0,0.2
35,36,0.778619372032,5.0,0.0,0.2
35,37,0.774257906614,5.0,0.0,0.2
35,38,0.794180656183,5.0,0.0,0.2
35,39,0.761937766937,5.0,0.0,0.2
35,40,0.791746743428,5.0,0.0,0.2
35,41,0.774449854052,5.0,0.0,0.2
35,42,0.773446566584,5.0,0.0,0.2
35,43,0.759780584305,5.0,0.0,0.2
35,44,0.783033122963,5.0,0.0,0.2
35,45,0.759516546622,5.0,0.0,0.2
35,46,0.75743087688,5.0,0.0,0.2
35,47,0.755853580857,5.0,0.0,0.2
35,48,0.767627390873,5.0,0.0,0.2
35,49,0.791730402065,5.0,0.0,0.2
36,0,0.755052134864,5.0,0.0,0.2
36,1,0.765745153325,5.0,0.0,0.2
36,2,0.753908099053,5.0,0.0,0.2
36,3,0.753774847808,5.0,0.0,0.2
36,4,0.784387791589,5.0,0.0,0.2
36,5,0.768415355402,5.0,0.0,0.2
36,6,0.753242785023,5.0,0.0,0.2
36,7,0.782142215714,5.0,0.0,0.2
36,8,0.0,15.0,0.0,0.0
36,9,0.114955652198,50.0,50.0,0.4
36,10,0.162228930629,50.0,50.0,0.4
36,11,0.275327496516,50.0,50.0,0.4
36,12,0.235175426915,50.0,50.0,0.4
36,13,0.161521529782,50.0,50.0,0.4
36,14,0.796240482223,5.0,0.0,0.2
36,15,0.233977388331,50.0,50.0,0.4
36,16,0.276248749658,50.0,50.0,0.4
36,17,0.183815599903,50.0,50.0,0.4
36,18,0.0,10.0,0.0,0.0
36,19,0.29815070124,50.0,50.0,0.4
36,20,0.236294105548,50.0,50.0,0.4
36,21,0.246332074322,50.0,50.0,0.4
36,22,0.0,10.0,0.0,0.0
36,23,0.277745421061,50.0,50.0,0.4
36,24,0.106159960317,50.0,50.0,0.4
36,25,0.658546512035,5.0,0.0,1.0
36,26,0.692734378454,5.0,0.0,1.0
36,27,0.657001331064,5.0,0.0,1.0
36,28,0.675515449306,5.0,0.0,1.0
36,29,0.768093590044,5.0,0.0,0.2
36,30,0.794810723302,5.0,0.0,0.2
36,31,0.782113247094,5.0,0.0,0.2
36,32,0.755169825104,5.0,0.0,0.2
36,33,0.79051364018,5.0,0.0,0.2
36,34,0.753944381504,5.0,0.0,0.2
36,35,0.751396424461,5.0,0.0,0.2
36,36,0.751127662349,5.0,0.0,0.2
36,37,0.750466969228,5.0,0.0,0.2
36,38,0.788221284227,5.0,0.0,0.2
36,39,0.757641934202,5.0,0.0,0.2
36,40,0.759574327262,5.0,0.0,0.2
36,41,0.798911263447,5.0,0.0,0.2
36,42,0.799103309383,5.0,0.0,0.2
36,43,0.764048015777,5.0,0.0,0.2
36,44,0.780082254309,5.0,0.0,0.2
36,45,0.779729232732,5.0,0.0,0.2
36,46,0.797210758714,5.0,0.0,0.2
36,47,0.791167417321,5.0,0.0,0.2
36,48,0.794918987437,5.0,0.0,0.2
36,49,0.776221014091,5.0,0.0,0.2
37,0,0.776800408704,5.0,0.0,0.2
37,1,0.757987167655,5.0,0.0,0.2
37,2,0.763003879287,5.0,0.0,0.2
37,3,0.763360483058,5.0,0.0,0.2
37,4,0.758511606999,5.0,0.0,0.2
37,5,0.791228861411,5.0,0.0,0.2
37,6,0.757451992033,5.0,0.0,0.2
37,7,0.767459855625,5.0,0.0,0.2
37,8,0.756857312603,5.0,0.0,0.2
37,9,0.0,15.0,0.0,0.0
37,10,0.177194364433,50.0,50.0,0.4
37,11,0.230705895208,50.0,50.0,0.4
37,12,0.264197369785,50.0,50.0,0.4
37,13,0.185588934813,50.0,50.0,0.4
37,14,0.794327787346,5.0,0.0,0.2
37,15,0.777311570224,5.0,0.0,0.2
37,16,0.783424044851,5.0,0.0,0.2
37,17,0.245819194348,50.0,50.0,0.4
37,18,0.108069430814,50.0,50.0,0.4
37,19,0.0,10.0,0.0,0.0
37,20,0.284941876573,50.0,50.0,0.4
37,21,0.0,10.0,0.0,0.0
37,22,0.149090370979,50.0,50.0,0.4
37,23,0.143001539275,50.0,50.0,0.4
37,24,0.0,10.0,0.0,0.0
37,25,0.212461421212,50.0,50.0,0.4
37,26,0.17901510545,50.0,50.0,0.4
37,27,0.67716722377,5.0,0.0,1.0
37,28,0.687267303925,5.0,0.0,1.0
37,29,0.776762315588,5.0,0.0,0.2
37,30,0.761742432993,5.0,0.0,0.2
37,31,0.780871456217,5.0,0.0,0.2
37,32,0.794310751405,5.0,0.0,0.2
37,33,0.752306029142,5.0,0.0,0.2
37,34,0.760713022127,5.0,0.0,0.2
37,35,0.781564578854,5.0,0.0,0.2
37,36,0.788593179476,5.0,0.0,0.2
37,37,0.779784146533,5.0,0.0,0.2
37,38,0.795943342916,5.0,0.0,0.2
37,39,0.780199194802,5.0,0.0,0.2
37,40,0.785695472415,5.0,0.0,0.2
37,41,0.784231748151,5.0,0.0,0.2
37,42,0.757485015089,5.0,0.0,0.2
37,43,0.753563592648,5.0,0.0,0.2
37,44,0.793500390236,5.0,0.0,0.2
37,45,0.794281710712,5.0,0.0,0.2
37,46,0.778491238046,5.0,0.0,0.2
37,47,0.757283393103,5.0,0.0,0.2
37,48,0.794931101024,5.0,0.0,0.2
37,49,0.780465268916,5.0,0.0,0.2
38,0,0.750544515214,5.0,0.0,0.2
38,1,0.78706641243,5.0,0.0,0.2
38,2,0.7750341508,5.0,0.0,0.2
38,3,0.755839123491,5.0,0.0,0.2
38,4,0.774944326154,5.0,0.0,0.2
38,5,0.762248438756,5.0,0.0,0.2
38,6,0.769946080484,5.0,0.0,0.2
38,7,0.762266814317,5.0,0.0,0.2
38,8,0.751114142085,5.0,0.0,0.2
38,9,0.797909575732,5.0,0.0,0.2
38,10,0.0,15.0,0.0,0.0
38,11,0.197092403832,50.0,50.0,0.4
38,12,0.233285733763,50.0,50.0,0.4
38,13,0.220903710707,50.0,50.0,0.4
38,14,0.127146609843,50.0,50.0,0.4
38,15,0.145239525648,50.0,50.0,0.4
38,16,0.789485696129,5.0,0.0,0.2
38,17,0.235074295268,50.0,50.0,0.4
38,18,0.235210762153,50.0,50.0,0.4
38,19,0.185737228646,50.0,50.0,0.4
38,20,0.0,10.0,0.0,0.0
38,21,0.121476405511,50.0,50.0,0.4
38,22,0.0,10.0,0.0,0.0
38,23,0.270327895854,50.0,50.0,0.4
38,24,0.220082628779,50.0,50.0,0.4
38,25,0.0,10.0,0.0,0.0
38,26,0.132593663794,50.0,50.0,0.4
38,27,0.120086771141,50.0,50.0,0.4
38,28,0.671272201566,5.0,0.0,1.0
38,29,0.680956420699,5.0,0.0,1.0
38,30,0.795064609317,5.0,0.0,0.2
38,31,0.790903709398,5.0,0.0,0.2
38,32,0.787352877137,5.0,0.0,0.2
38,33,0.773081785212,5.0,0.0,0.2
38,34,0.782060595545,5.0,0.0,0.2
38,35,0.762333458996,5.0,0.0,0.2
38,36,0.796060967963,5.0,0.0,0.2
38,37,0.767928057963,5.0,0.0,0.2
38,38,0.77390553218,5.0,0.0,0.2
38,39,0.794876108267,5.0,0.0,0.2
38,40,0.750160076985,5.0,0.0,0.2
38,41,0.759275705675,5.0,0.0,0.2
38,42,0.781798573009,5.0,0.0,0.2
38,43,0.778164710495,5.0,0.0,0.2
38,44,0.779027922886,5.0,0.0,0.2
38,45,0.769714948704,5.0,0.0,0.2
38,46,0.767474689562,5.0,0.0,0.2
38,47,0.780022858858,5.0,0.0,0.2
38,48,0.797302292583,5.0,0.0,0.2
38,49,0.770730057205,5.0,0.0,0.2
39,0,0.767900724504,5.0,0.0,0.2
39,1,0.785609235732,5.0,0.0,0.2
39,2,0.792816665073,5.0,0.0,0.2
39,3,0.776584300949,5.0,0.0,0.2
39,4,0.78979881518,5.0,0.0,0.2
39,5,0.751348996292,5.0,0.0,0.2
39,6,0.782741800933,5.0,0.0,0.2
39,7,0.770605937546,5.0,0.0,0.2
39,8,0.797334919488,5.0,0.0,0.2
39,9,0.755967047922,5.0,0.0,0.2
39,10,0.770290967576,5.0,0.0,0.2
39,11,0.0,15.0,0.0,0.0
39,12,0.252163585055,50.0,50.0,0.4
39,13,0.204966721145,50.0,50.0,0.4
39,14,0.117753019296,50.0,50.0,0.4
39,15,0.210999568391,50.0,50.0,0.4
39,16,0.29219721675,50.0,50.0,0.4
39,17,0.272884338899,50.0,50.0,0.4
39,18,0.130150659664,50.0,50.0,0.4
39,19,0.0,10.0,0.0,0.0
39,20,0.0,10.0,0.0,0.0
39,21,0.102826491081,50.0,50.0,0.4
39,22,0.132265386393,50.0,50.0,0.4
39,23,0.0,10.0,0.0,0.0
39,24,0.254916333207,50.0,50.0,0.4
39,25,0.294681463595,50.0,50.0,0.4
39,26,0.0,10.0,0.0,0.0
39,27,0.154128596102,50.0,50.0,0.4
39,28,0.248356227909,50.0,50.0,0.4
39,29,0.693907726226,5.0,0.0,1.0
39,30,0.798420406349,5.0,0.0,0.2
39,31,0.756560336675,5.0,0.0,0.2
39,32,0.772134760754,5.0,0.0,0.2
39,33,0.787589462625,5.0,0.0,0.2
39,34,0.779486068688,5.0,0.0,0.2
39,35,0.795281142936,5.0,0.0,0.2
39,36,0.767714862823,5.0,0.0,0.2
39,37,0.765304239249,5.0,0.0,0.2
39,38,0.77077317218,5.0,0.0,0.2
39,39,0.784724540505,5.0,0.0,0.2
39,40,0.751494237105,5.0,0.0,0.2
39,41,0.782008341521,5.0,0.0,0.2
39,42,0.754448228965,5.0,0.0,0.2
39,43,0.788317866078,5.0,0.0,0.2
39,44,0.764943347869,5.0,0.0,0.2
39,45,0.788053915903,5.0,0.0,0.2
39,46,0.797647830029,5.0,0.0,0.2
39,47,0.779812201667,5.0,0.0,0.2
39,48,0.785762071986,5.0,0.0,0.2
39,49,0.7576794954,5.0,0.0,0.2
40,0,0.778458271313,5.0,0.0,0.2
40,1,0.797229838641,5.0,0.0,0.2
40,2,0.764196731206,5.0,0.0,0.2
40,3,0.769593284601,5.0,0.0,0.2
40,4,0.759568453067,5.0,0.0,0.2
40,5,0.763488094325,5.0,0.0,0.2
40,6,0.798087900336,5.0,0.0,0.2
40,7,0.794172756744,5.0,0.0,0.2
40,8,0.750562824462,5.0,0.0,0.2
40,9,0.789113885787,5.0,0.0,0.2
40,10,0.786731834568,5.0,0.0,0.2
40,11,0.750767599555,5.0,0.0,0.2
40,12,0.0,15.0,0.0,0.0
40,13,0.151596454642,50.0,50.0,0.4
40,14,0.273867724396,50.0,50.0,0.4
40,15,0.27300950223,50.0,50.0,0.4
40,16,0.216132967646,50.0,50.0,0.4
40,17,0.182241091027,50.0,50.0,0.4
40,18,0.0,10.0,0.0,0.0
40,19,0.152291180616,50.0,50.0,0.4
40,20,0.232422365324,50.0,50.0,0.4
40,21,0.0,10.0,0.0,0.0
40,22,0.172528618562,50.0,50.0,0.4
40,23,0.136156952545,50.0,50.0,0.4
40,24,0.0,10.0,0.0,0.0
40,25,0.0,10.0,0.0,0.0
40,26,0.118899428608,50.0,50.0,0.4
40,27,0.0,10.0,0.0,0.0
40,28,0.159694461611,50.0,50.0,0.4
40,29,0.204211226508,50.0,50.0,0.4
40,30,0.66527947253,5.0,0.0,1.0
40,31,0.770895727207,5.0,0.0,0.2
40,32,0.773723114293,5.0,0.0,0.2
40,33,0.772721484308,5.0,0.0,0.2
40,34,0.761221903602,5.0,0.0,0.2
40,35,0.765047340435,5.0,0.0,0.2
40,36,0.764529895493,5.0,0.0,0.2
40,37,0.774798530338,5.0,0.0,0.2
40,38,0.7544490634,5.0,0.0,0.2
40,39,0.792507751907,5.0,0.0,0.2
40,40,0.7750203124,5.0,0.0,0.2
40,41,0.76781234327,5.0,0.0,0.2
40,42,0.769932733125,5.0,0.0,0.2
40,43,0.781062952803,5.0,0.0,0.2
40,44,0.753942440706,5.0,0.0,0.2
40,45,0.778893579733,5.0,0.0,0.2
40,46,0.777543401223,5.0,0.0,0.2
40,47,0.771861816168,5.0,0.0,0.2
40,48,0.761922295095,5.0,0.0,0.2
40,49,0.773623684416,5.0,0.0,0.2
41,0,0.760107864556,5.0,0.0,0.2
41,1,0.772276818508,5.0,0.0,0.2
41,2,0.763190840296,5.0,0.0,0.2
41,3,0.797710058234,5.0,0.0,0.2
41,4,0.759927183464,5.0,0.0,0.2
41,5,0.777728593126,5.0,0.0,0.2
41,6,0.796994647233,5.0,0.0,0.2
41,7,0.773415894281,5.0,0.0,0.2
41,8,0.783861404738,5.0,0.0,0.2
41,9,0.766046282885,5.0,0.0,0.2
41,10,0.798779577731,5.0,0.0,0.2
41,11,0.751914172018,5.0,0.0,0.2
41,12,0.753282984125,5.0,0.0,0.2
41,13,0.0,15.0,0.0,0.0
41,14,0.253012485512,50.0,50.0,0.4
41,15,0.29791933592,50.0,50.0,0.4
41,16,0.156166166668,50.0,50.0,0.4
41,17,0.0,10.0,0.0,0.0
41,18,0.123864233251,50.0,50.0,0.4
41,19,0.241158176376,50.0,50.0,0.4
41,20,0.756770720096,5.0,0.0,0.2
41,21,0.75608089561,5.0,0.0,0.2
41,22,0.0,10.0,0.0,0.0
41,23,0.17987021229,50.0,50.0,0.4
41,24,0.0,10.0,0.0,0.0
41,25,0.0,10.0,0.0,0.0
41,26,0.131252195463,50.0,50.0,0.4
41,27,0.141154677366,50.0,50.0,0.4
41,28,0.0,10.0,0.0,0.0
41,29,0.175928621296,50.0,50.0,0.4
41,30,0.673463641914,5.0,0.0,1.0
41,31,0.759948159635,5.0,0.0,0.2
41,32,0.793187343047,5.0,0.0,0.2
41,33,0.774699878435,5.0,0.0,0.2
41,34,0.774826882509,5.0,0.0,0.2
41,35,0.781098698352,5.0,0.0,0.2
41,36,0.766822667687,5.0,0.0,0.2
41,37,0.770457321729,5.0,0.0,0.2
41,38,0.799937390947,5.0,0.0,0.2
41,39,0.754398155344,5.0,0.0,0.2
41,40,0.784137041311,5.0,0.0,0.2
41,41,0.759590527049,5.0,0.0,0.2
41,42,0.766614655384,5.0,0.0,0.2
41,43,0.781003833249,5.0,0.0,0.2
41,44,0.780114990604,5.0,0.0,0.2
41,45,0.759992781296,5.0,0.0,0.2
41,46,0.795921928187,5.0,0.0,0.2
41,47,0.797302727871,5.0,0.0,0.2
41,48,0.774233748837,5.0,0.0,0.2
41,49,0.795695803499,5.0,0.0,0.2
42,0,0.79143886818,5.0,0.0,0.2
42,1,0.776419414004,5.0,0.0,0.2
42,2,0.753468792685,5.0,0.0,0.2
42,3,0.780010074836,5.0,0.0,0.2
42,4,0.78907824399,5.0,0.0,0.2
42,5,0.780142766526,5.0,0.0,0.2
42,6,0.768863994194,5.0,0.0,0.2
42,7,0.759011262523,5.0,0.0,0.2
42,8,0.788595120798,5.0,0.0,0.2
42,9,0.759140991936,5.0,0.0,0.2
42,10,0.770074358579,5.0,0.0,0.2
42,11,0.761231123606,5.0,0.0,0.2
42,12,0.757378963059,5.0,0.0,0.2
42,13,0.799678043225,5.0,0.0,0.2
42,14,0.0,15.0,0.0,0.0
42,15,0.0,15.0,0.0,0.0
42,16,0.0,10.0,0.0,0.0
42,17,0.223129541824,50.0,50.0,0.4
42,18,0.143138007657,50.0,50.0,0.4
42,19,0.144716480217,50.0,50.0,0.4
42,20,0.19552595409,50.0,50.0,0.4
42,21,0.774031407523,5.0,0.0,0.2
42,22,0.245434007263,50.0,50.0,0.4
42,23,0.0,10.0,0.0,0.0
42,24,0.271804822756,50.0,50.0,0.4
42,25,0.205991193284,50.0,50.0,0.4
42,26,0.0,10.0,0.0,0.0
42,27,0.227117218485,50.0,50.0,0.4
42,28,0.250680870046,50.0,50.0,0.4
42,29,0.0,10.0,0.0,0.0
42,30,0.655998951685,5.0,0.0,1.0
42,31,0.773284101704,5.0,0.0,0.2
42,32,0.757484617326,5.0,0.0,0.2
42,33,0.789994146291,5.0,0.0,0.2
42,34,0.781026098156,5.0,0.0,0.2
42,35,0.757969768249,5.0,0.0,0.2
42,36,0.775654996827,5.0,0.0,0.2
42,37,0.777751651803,5.0,0.0,0.2
42,38,0.772562075079,5.0,0.0,0.2
42,39,0.755836567557,5.0,0.0,0.2
42,40,0.784347038605,5.0,0.0,0.2
42,41,0.754045886865,5.0,0.0,0.2
42,42,0.760311617392,5.0,0.0,0.2
42,43,0.790771255658,5.0,0.0,0.2
42,44,0.799386382416,5.0,0.0,0.2
42,45,0.754115468252,5.0,0.0,0.2
42,46,0.77530131218,5.0,0.0,0.2
42,47,0.771179131169,5.0,0.0,0.2
42,48,0.765566050543,5.0,0.0,0.2
42,49,0.792151282481,5.0,0.0,0.2
43,0,0.750497211427,5.0,0.0,0.2
43,1,0.783028973351,5.0,0.0,0.2
43,2,0.785552278343,5.0,0.0,0.2
43,3,0.75269018516,5.0,0.0,0.2
43,4,0.771117380706,5.0,0.0,0.2
43,5,0.154882081578,50.0,50.0,0.4
43,6,0.229220263109,50.0,50.0,0.4
43,7,0.110029790896,50.0,50.0,0.4
43,8,0.240402101649,50.0,50.0,0.4
43,9,0.237982560868,50.0,50.0,0.4
43,10,0.17319145778,50.0,50.0,0.4
43,11,0.241170835463,50.0,50.0,0.4
43,12,0.198566196985,50.0,50.0,0.4
43,13,0.216017399027,50.0,50.0,0.4
43,14,0.765891692326,5.0,0.0,0.2
43,15,0.0,15.0,0.0,0.0
43,16,0.259858369158,50.0,50.0,0.4
43,17,0.150196208878,50.0,50.0,0.4
43,18,0.247646451061,50.0,50.0,0.4
43,19,0.220945830922,50.0,50.0,0.4
43,20,0.193617515984,50.0,50.0,0.4
43,21,0.119410568772,50.0,50.0,0.4
43,22,0.757529082021,5.0,0.0,0.2
43,23,0.11210661224,50.0,50.0,0.4
43,24,0.0,10.0,0.0,0.0
43,25,0.227597901244,50.0,50.0,0.4
43,26,0.221102169432,50.0,50.0,0.4
43,27,0.0,10.0,0.0,0.0
43,28,0.165318222774,50.0,50.0,0.4
43,29,0.108705922429,50.0,50.0,0.4
43,30,0.681004736148,5.0,0.0,1.0
43,31,0.755753287172,5.0,0.0,0.2
43,32,0.77253043021,5.0,0.0,0.2
43,33,0.799015850759,5.0,0.0,0.2
43,34,0.751602757984,5.0,0.0,0.2
43,35,0.79269702767,5.0,0.0,0.2
43,36,0.769540760512,5.0,0.0,0.2
43,37,0.796575196006,5.0,0.0,0.2
43,38,0.784584322965,5.0,0.0,0.2
43,39,0.761274984647,5.0,0.0,0.2
43,40,0.783791146619,5.0,0.0,0.2
43,41,0.755870768604,5.0,0.0,0.2
43,42,0.788876107007,5.0,0.0,0.2
43,43,0.756215729441,5.0,0.0,0.2
43,44,0.798919325466,5.0,0.0,0.2
43,45,0.751736685272,5.0,0.0,0.2
43,46,0.786208759309,5.0,0.0,0.2
43,47,0.787849765379,5.0,0.0,0.2
43,48,0.77823031597,5.0,0.0,0.2
43,49,0.778003476891,5.0,0.0,0.2
44,0,0.786123928479,5.0,0.0,0.2
44,1,0.790290089203,5.0,0.0,0.2
44,2,0.75103443339,5.0,0.0,0.2
44,3,0.751117821863,5.0,0.0,0.2
44,4,0.773054098141,5.0,0.0,0.2
44,5,0.104930209204,50.0,50.0,0.4
44,6,0.137939050359,50.0,50.0,0.4
44,7,0.158162389207,50.0,50.0,0.4
44,8,0.275965078058,50.0,50.0,0.4
44,9,0.250924962317,50.0,50.0,0.4
44,10,0.149290077325,50.0,50.0,0.4
44,11,0.294446348385,50.0,50.0,0.4
44,12,0.114284525775,50.0,50.0,0.4
44,13,0.270184748817,50.0,50.0,0.4
44,14,0.796430564828,5.0,0.0,0.2
44,15,0.760989650484,5.0,0.0,0.2
44,16,0.0,15.0,0.0,0.0
44,17,0.235567278883,50.0,50.0,0.4
44,18,0.18023220293,50.0,50.0,0.4
44,19,0.171759674773,50.0,50.0,0.4
44,20,0.79115798614,5.0,0.0,0.2
44,21,0.290085213662,50.0,50.0,0.4
44,22,0.259221272202,50.0,50.0,0.4
44,23,0.754139917236,5.0,0.0,0.2
44,24,0.279612119502,50.0,50.0,0.4
44,25,0.0,10.0,0.0,0.0
44,26,0.101822975688,50.0,50.0,0.4
44,27,0.280108806487,50.0,50.0,0.4
44,28,0.0,10.0,0.0,0.0
44,29,0.182199260319,50.0,50.0,0.4
44,30,0.67854080655,5.0,0.0,1.0
44,31,0.772012309881,5.0,0.0,0.2
44,32,0.784704309938,5.0,0.0,0.2
44,33,0.757788375332,5.0,0.0,0.2
44,34,0.78336094205,5.0,0.0,0.2
44,35,0.776574040003,5.0,0.0,0.2
44,36,0.750457934165,5.0,0.0,0.2
44,37,0.798545712884,5.0,0.0,0.2
44,38,0.77206295939,5.0,0.0,0.2
44,39,0.788432427039,5.0,0.0,0.2
44,40,0.780231790508,5.0,0.0,0.2
44,41,0.780676337771,5.0,0.0,0.2
44,42,0.778756400672,5.0,0.0,0.2
44,43,0.793023863689,5.0,0.0,0.2
44,44,0.770813752555,5.0,0.0,0.2
44,45,0.788370851431,5.0,0.0,0.2
44,46,0.781374175657,5.0,0.0,0.2
44,47,0.7536422782,5.0,0.0,0.2
44,48,0.752475040085,5.0,0.0,0.2
44,49,0.79394736881,5.0,0.0,0.2
45,0,0.790236446445,5.0,0.0,0.2
45,1,0.798587784003,5.0,0.0,0.2
45,2,0.794913089671,5.0,0.0,0.2
45,3,0.771872672687,5.0,0.0,0.2
45,4,0.77751142725,5.0,0.0,0.2
45,5,0.215718029042,50.0,50.0,0.4
45,6,0.214459896785,50.0,50.0,0.4
45,7,0.250814403216,50.0,50.0,0.4
45,8,0.198031255135,50.0,50.0,0.4
45,9,0.187993213874,50.0,50.0,0.4
45,10,0.170200550807,50.0,50.0,0.4
45,11,0.206008592698,50.0,50.0,0.4
45,12,0.138721699755,50.0,50.0,0.4
45,13,0.282505470069,50.0,50.0,0.4
45,14,0.798142108335,5.0,0.0,0.2
45,15,0.781019387637,5.0,0.0,0.2
45,16,0.778048107422,5.0,0.0,0.2
45,17,0.0,15.0,0.0,0.0
45,18,0.204499774093,50.0,50.0,0.4
45,19,0.251552085251,50.0,50.0,0.4
45,20,0.241894914281,50.0,50.0,0.4
45,21,0.771118472955,5.0,0.0,0.2
45,22,0.149117112821,50.0,50.0,0.4
45,23,0.115209440045,50.0,50.0,0.4
45,24,0.183656718516,50.0,50.0,0.4
45,25,0.191954709673,50.0,50.0,0.4
45,26,0.0,10.0,0.0,0.0
45,27,0.274047170505,50.0,50.0,0.4
45,28,0.176486730229,50.0,50.0,0.4
45,29,0.0,10.0,0.0,0.0
45,30,0.216717090272,50.0,50.0,0.4
45,31,0.668739031756,5.0,0.0,1.0
45,32,0.756472615614,5.0,0.0,0.2
45,33,0.779994064536,5.0,0.0,0.2
45,34,0.761119602862,5.0,0.0,0.2
45,35,0.771653375161,5.0,0.0,0.2
45,36,0.774124925393,5.0,0.0,0.2
45,37,0.795223935824,5.0,0.0,0.2
45,38,0.77734825125,5.0,0.0,0.2
45,39,0.783463082816,5.0,0.0,0.2
45,40,0.770987087556,5.0,0.0,0.2
45,41,0.778045225853,5.0,0.0,0.2
45,42,0.775490798069,5.0,0.0,0.2
45,43,0.750478897035,5.0,0.0,0.2
45,44,0.766972381928,5.0,0.0,0.2
45,45,0.763018019795,5.0,0.0,0.2
45,46,0.788542577326,5.0,0.0,0.2
45,47,0.769081457059,5.0,0.0,0.2
45,48,0.761348386334,5.0,0.0,0.2
45,49,0.796552925269,5.0,0.0,0.2
46,0,0.765780986181,5.0,0.0,0.2
46,1,0.760424212931,5.0,0.0,0.2
46,2,0.768022058375,5.0,0.0,0.2
46,3,0.260767236906,50.0,50.0,0.4
46,4,0.110205109441,50.0,50.0,0.4
46,5,0.182052578857,50.0,50.0,0.4
46,6,0.120927604121,50.0,50.0,0.4
46,7,0.110785833835,50.0,50.0,0.4
46,8,0.144461550456,50.0,50.0,0.4
46,9,0.238056839528,50.0,50.0,0.4
46,10,0.148482243362,50.0,50.0,0.4
46,11,0.179709322719,50.0,50.0,0.4
46,12,0.221923723797,50.0,50.0,0.4
46,13,0.146648188914,50.0,50.0,0.4
46,14,0.788684573911,5.0,0.0,0.2
46,15,0.77634817119,5.0,0.0,0.2
46,16,0.75889713027,5.0,0.0,0.2
46,17,0.752496283887,5.0,0.0,0.2
46,18,0.0,15.0,0.0,0.0
46,19,0.256345266308,50.0,50.0,0.4
46,20,0.111078067864,50.0,50.0,0.4
46,21,0.102556661383,50.0,50.0,0.4
46,22,0.787932655671,5.0,0.0,0.2
46,23,0.289705283413,50.0,50.0,0.4
46,24,0.106512880235,50.0,50.0,0.4
46,25,0.103022816366,50.0,50.0,0.4
46,26,0.101077153761,50.0,50.0,0.4
46,27,0.780294754323,5.0,0.0,0.2
46,28,0.759639116534,5.0,0.0,0.2
46,29,0.770966137717,5.0,0.0,0.2
46,30,0.145118777712,50.0,50.0,0.4
46,31,0.135011168121,50.0,50.0,0.4
46,32,0.650829603546,5.0,0.0,1.0
46,33,0.781993600615,5.0,0.0,0.2
46,34,0.784145602054,5.0,0.0,0.2
46,35,0.772503254727,5.0,0.0,0.2
46,36,0.782734786043,5.0,0.0,0.2
46,37,0.785572905861,5.0,0.0,0.2
46,38,0.793665968922,5.0,0.0,0.2
46,39,0.765665820282,5.0,0.0,0.2
46,40,0.764502999323,5.0,0.0,0.2
46,41,0.767935171588,5.0,0.0,0.2
46,42,0.764828640751,5.0,0.0,0.2
46,43,0.776364489023,5.0,0.0,0.2
46,44,0.776689005415,5.0,0.0,0.2
46,45,0.765963761338,5.0,0.0,0.2
46,46,0.798430689998,5.0,0.0,0.2
46,47,0.771246018376,5.0,0.0,0.2
46,48,0.785618629623,5.0,0.0,0.2
46,49,0.765353708713,5.0,0.0,0.2
47,0,0.791136382381,5.0,0.0,0.2
47,1,0.75707120752,5.0,0.0,0.2
47,2,0.764466283838,5.0,0.0,0.2
47,3,0.230572341477,50.0,50.0,0.4
47,4,0.222893119132,50.0,50.0,0.4
47,5,0.146540286183,50.0,50.0,0.4
47,6,0.225145605126,50.0,50.0,0.4
47,7,0.273443724432,50.0,50.0,0.4
47,8,0.295176456704,50.0,50.0,0.4
47,9,0.119772831165,50.0,50.0,0.4
47,10,0.225318911039,50.0,50.0,0.4
47,11,0.245666525884,50.0,50.0,0.4
47,12,0.224157689899,50.0,50.0,0.4
47,13,0.123102729315,50.0,50.0,0.4
47,14,0.79654299977,5.0,0.0,0.2
47,15,0.781018115601,5.0,0.0,0.2
47,16,0.768316169383,5.0,0.0,0.2
47,17,0.767046672897,5.0,0.0,0.2
47,18,0.787309782984,5.0,0.0,0.2
47,19,0.0,15.0,0.0,0.0
47,20,0.129980498571,50.0,50.0,0.4
47,21,0.114232500032,50.0,50.0,0.4
47,22,0.208007605362,50.0,50.0,0.4
47,23,0.23726647683,50.0,50.0,0.4
47,24,0.179205150792,50.0,50.0,0.4
47,25,0.19369872922,50.0,50.0,0.4
47,26,0.128554701973,50.0,50.0,0.4
47,27,0.784999517645,5.0,0.0,0.2
47,28,0.19177163854,50.0,50.0,0.4
47,29,0.183567845037,50.0,50.0,0.4
47,30,0.77150129718,5.0,0.0,0.2
47,31,0.179036998791,50.0,50.0,0.4
47,32,0.29112722517,50.0,50.0,0.4
47,33,0.694299416092,5.0,0.0,1.0
47,34,0.763859044089,5.0,0.0,0.2
47,35,0.753379410646,5.0,0.0,0.2
47,36,0.757939853923,5.0,0.0,0.2
47,37,0.768816613471,5.0,0.0,0.2
47,38,0.786475716113,5.0,0.0,0.2
47,39,0.768447839438,5.0,0.0,0.2
47,40,0.770898004465,5.0,0.0,0.2
47,41,0.757798320532,5.0,0.0,0.2
47,42,0.774456107431,5.0,0.0,0.2
47,43,0.758373252505,5.0,0.0,0.2
47,44,0.781155536638,5.0,0.0,0.2
47,45,0.794143214579,5.0,0.0,0.2
47,46,0.773494933569,5.0,0.0,0.2
47,47,0.760332561476,5.0,0.0,0.2
47,48,0.772201505017,5.0,0.0,0.2
47,49,0.761264581789,5.0,0.0,0.2
48,0,0.763612643853,5.0,0.0,0.2
48,1,0.776224931154,5.0,0.0,0.2
48,2,0.76383108759,5.0,0.0,0.2
48,3,0.263392067234,50.0,50.0,0.4
48,4,0.174918046015,50.0,50.0,0.4
48,5,0.134737989586,50.0,50.0,0.4
48,6,0.18049062579,50.0,50.0,0.4
48,7,0.229942780138,50.0,50.0,0.4
48,8,0.106364953633,50.0,50.0,0.4
48,9,0.232139245286,50.0,50.0,0.4
48,10,0.239873041248,50.0,50.0,0.4
48,11,0.204766530684,50.0,50.0,0.4
48,12,0.205827923202,50.0,50.0,0.4
48,13,0.171364222816,50.0,50.0,0.4
48,14,0.791676884259,5.0,0.0,0.2
48,15,0.789175130313,5.0,0.0,0.2
48,16,0.775196986144,5.0,0.0,0.2
48,17,0.769895316401,5.0,0.0,0.2
48,18,0.773343817989,5.0,0.0,0.2
48,19,0.760938874397,5.0,0.0,0.2
48,20,0.0,15.0,0.0,0.0
48,21,0.192165010798,50.0,50.0,0.4
48,22,0.130493019918,50.0,50.0,0.4
48,23,0.196746348138,50.0,50.0,0.4
48,24,0.146167372663,50.0,50.0,0.4
48,25,0.199239205958,50.0,50.0,0.4
48,26,0.777548186056,5.0,0.0,0.2
48,27,0.24110098133,50.0,50.0,0.4
48,28,0.220153809784,50.0,50.0,0.4
48,29,0.136339655593,50.0,50.0,0.4
48,30,0.213143315587,50.0,50.0,0.4
48,31,0.0,10.0,0.0,0.0
48,32,0.161927394799,50.0,50.0,0.4
48,33,0.18933133513,50.0,50.0,0.4
48,34,0.221291923583,50.0,50.0,0.4
48,35,0.245992701543,50.0,50.0,0.4
48,36,0.13669483306,50.0,50.0,0.4
48,37,0.2318298706,50.0,50.0,0.4
48,38,0.186786601789,50.0,50.0,0.4
48,39,0.147593721646,50.0,50.0,0.4
48,40,0.284259013575,50.0,50.0,0.4
48,41,0.778996073003,5.0,0.0,0.2
48,42,0.781574649865,5.0,0.0,0.2
48,43,0.784130225919,5.0,0.0,0.2
48,44,0.780220448709,5.0,0.0,0.2
48,45,0.76692565098,5.0,0.0,0.2
48,46,0.770569431651,5.0,0.0,0.2
48,47,0.797078295505,5.0,0.0,0.2
48,48,0.773770836202,5.0,0.0,0.2
48,49,0.771269589171,5.0,0.0,0.2
49,0,0.785428277085,5.0,0.0,0.2
49,1,0.777689643393,5.0,0.0,0.2
49,2,0.787314703183,5.0,0.0,0.2
49,3,0.110046200051,50.0,50.0,0.4
49,4,0.209490666957,50.0,50.0,0.4
49,5,0.117116097656,50.0,50.0,0.4
49,6,0.202498247949,50.0,50.0,0.4
49,7,0.234805472728,50.0,50.0,0.4
49,8,0.177195136688,50.0,50.0,0.4
49,9,0.162992997491,50.0,50.0,0.4
49,10,0.146241474136,50.0,50.0,0.4
49,11,0.794728368711,5.0,0.0,0.2
49,12,0.76693404575,5.0,0.0,0.2
49,13,0.792359406788,5.0,0.0,0.2
49,14,0.759764439475,5.0,0.0,0.2
49,15,0.753133458109,5.0,0.0,0.2
49,16,0.775626593037,5.0,0.0,0.2
49,17,0.764305055477,5.0,0.0,0.2
49,18,0.787476684063,5.0,0.0,0.2
49,19,0.786184737442,5.0,0.0,0.2
49,20,0.0,15.0,0.0,0.0
49,21,0.173554473295,50.0,50.0,0.4
49,22,0.10981260946,50.0,50.0,0.4
49,23,0.249422841212,50.0,50.0,0.4
49,24,0.148608875645,50.0,50.0,0.4
49,25,0.195862271739,50.0,50.0,0.4
49,26,0.785957912097,5.0,0.0,0.2
49,27,0.223668223077,50.0,50.0,0.4
49,28,0.11399179444,50.0,50.0,0.4
49,29,0.180080990437,50.0,50.0,0.4
49,30,0.133138352184,50.0,50.0,0.4
49,31,0.0,10.0,0.0,0.0
49,32,0.284018289714,50.0,50.0,0.4
49,33,0.245817525202,50.0,50.0,0.4
49,34,0.167869169956,50.0,50.0,0.4
49,35,0.272302724365,50.0,50.0,0.4
49,36,0.266992955031,50.0,50.0,0.4
49,37,0.274597691331,50.0,50.0,0.4
49,38,0.263020470483,50.0,50.0,0.4
49,39,0.139118189279,50.0,50.0,0.4
49,40,0.253395685159,50.0,50.0,0.4
49,41,0.769100657964,5.0,0.0,0.2
49,42,0.797254776408,5.0,0.0,0.2
49,43,0.77248583085,5.0,0.0,0.2
49,44,0.756589618425,5.0,0.0,0.2
49,45,0.780881886058,5.0,0.0,0.2
49,46,0.76960077835,5.0,0.0,0.2
49,47,0.772234140192,5.0,0.0,0.2
49,48,0.761779142149,5.0,0.0,0.2
49,49,0.777223157678,5.0,0.0,0.2
