0,0,0.0863389557816806,50.0,50.0,0.3
0,1,0.0,15.0,0.0,0.0
0,2,0.051646780001237055,50.0,50.0,0.3
0,3,0.6551039537403122,5.0,0.0,0.6
0,4,0.7961133957249347,5.0,0.0,0.1
0,5,0.7516263413057117,5.0,0.0,0.1
0,6,0.7811127113308054,5.0,0.0,0.1
0,7,0.09687032236056746,50.0,50.0,0.3
0,8,0.08360560172613787,50.0,50.0,0.3
0,9,0.09085800202046496,50.0,50.0,0.3
0,10,0.09991124217648062,50.0,50.0,0.3
0,11,0.06960482826924115,50.0,50.0,0.3
0,12,0.08971727332648745,50.0,50.0,0.3
0,13,0.771339816105885,5.0,0.0,0.1
0,14,0.7866876012957209,5.0,0.0,0.1
0,15,0.7796273718272593,5.0,0.0,0.1
0,16,0.7678414767393753,5.0,0.0,0.1
0,17,0.7849298791722095,5.0,0.0,0.1
0,18,0.7945008106889212,5.0,0.0,0.1
0,19,0.7972829496360219,5.0,0.0,0.1
0,20,0.7864683741444082,5.0,0.0,0.1
0,21,0.7657918674961998,5.0,0.0,0.1
0,22,0.7859661409930242,5.0,0.0,0.1
0,23,0.7882947486384875,5.0,0.0,0.1
0,24,0.7845258174418837,5.0,0.0,0.1
0,25,0.7989911196866799,5.0,0.0,0.1
0,26,0.780786300551351,5.0,0.0,0.1
0,27,0.7547905238367997,5.0,0.0,0.1
0,28,0.7679677048719694,5.0,0.0,0.1
0,29,0.7726033357027459,5.0,0.0,0.1
0,30,0.7671296757089131,5.0,0.0,0.1
0,31,0.7616622601650059,5.0,0.0,0.1
0,32,0.7600864346567512,5.0,0.0,0.1
0,33,0.7587716741396104,5.0,0.0,0.1
0,34,0.7905055148296032,5.0,0.0,0.1
0,35,0.778459309207835,5.0,0.0,0.1
0,36,0.7800692849507551,5.0,0.0,0.1
0,37,0.7793782719548398,5.0,0.0,0.1
0,38,0.7509885528336606,5.0,0.0,0.1
0,39,0.7809119885609814,5.0,0.0,0.1
0,40,0.7859227077405947,5.0,0.0,0.1
0,41,0.7858977288169493,5.0,0.0,0.1
0,42,0.7959904023969793,5.0,0.0,0.1
0,43,0.7736888511241208,5.0,0.0,0.1
0,44,0.7649700857539505,5.0,0.0,0.1
0,45,0.0,15.0,0.0,0.0
0,46,0.08709316745890182,60.0,10.0,0.2
0,47,0.09317530474114964,60.0,10.0,0.2
0,48,0.09337262597311224,60.0,10.0,0.2
0,49,0.06361342207098283,60.0,10.0,0.2
1,0,0.09825739471474414,50.0,50.0,0.3
1,1,0.0,15.0,0.0,0.0
1,2,0.0877631691297914,50.0,50.0,0.3
1,3,0.6893396196018075,5.0,0.0,0.6
1,4,0.7982046595618583,5.0,0.0,0.1
1,5,0.7502028499589785,5.0,0.0,0.1
1,6,0.7805171699541543,5.0,0.0,0.1
1,7,0.06340644842939729,50.0,50.0,0.3
1,8,0.0708043546387366,50.0,50.0,0.3
1,9,0.07891545070277856,50.0,50.0,0.3
1,10,0.0741924755736436,50.0,50.0,0.3
1,11,0.062110790702423674,50.0,50.0,0.3
1,12,0.06351668653783937,50.0,50.0,0.3
1,13,0.7572948132754281,5.0,0.0,0.1
1,14,0.7821887906346294,5.0,0.0,0.1
1,15,0.7929159921048681,5.0,0.0,0.1
1,16,0.7664877060412595,5.0,0.0,0.1
1,17,0.7977318679516814,5.0,0.0,0.1
1,18,0.7762936742299305,5.0,0.0,0.1
1,19,0.7540794974451641,5.0,0.0,0.1
1,20,0.7749075587500885,5.0,0.0,0.1
1,21,0.7664243391637253,5.0,0.0,0.1
1,22,0.7623924133344336,5.0,0.0,0.1
1,23,0.7834784921633302,5.0,0.0,0.1
1,24,0.7522842388343685,5.0,0.0,0.1
1,25,0.7582518587466761,5.0,0.0,0.1
1,26,0.7581961122887672,5.0,0.0,0.1
1,27,0.7644553660384684,5.0,0.0,0.1
1,28,0.7949496597601775,5.0,0.0,0.1
1,29,0.7837166047551374,5.0,0.0,0.1
1,30,0.7871753540305279,5.0,0.0,0.1
1,31,0.7750535174147257,5.0,0.0,0.1
1,32,0.7835392418481235,5.0,0.0,0.1
1,33,0.7502166406473096,5.0,0.0,0.1
1,34,0.762892995365948,5.0,0.0,0.1
1,35,0.775213193326437,5.0,0.0,0.1
1,36,0.7852625415843336,5.0,0.0,0.1
1,37,0.7980601648228721,5.0,0.0,0.1
1,38,0.7909088887705729,5.0,0.0,0.1
1,39,0.7951714011422433,5.0,0.0,0.1
1,40,0.7683632995893487,5.0,0.0,0.1
1,41,0.7974014176033187,5.0,0.0,0.1
1,42,0.779700029056935,5.0,0.0,0.1
1,43,0.7895541025544108,5.0,0.0,0.1
1,44,0.7501541082624693,5.0,0.0,0.1
1,45,0.0,15.0,0.0,0.0
1,46,0.07069934568085086,60.0,10.0,0.2
1,47,0.0836742290472221,60.0,10.0,0.2
1,48,0.09472935823203218,60.0,10.0,0.2
1,49,0.061914705817448096,60.0,10.0,0.2
2,0,0.0681146382975667,50.0,50.0,0.3
2,1,0.0,15.0,0.0,0.0
2,2,0.08069881046826695,50.0,50.0,0.3
2,3,0.6693927623219125,5.0,0.0,0.6
2,4,0.7532149528548554,5.0,0.0,0.1
2,5,0.7684075131919919,5.0,0.0,0.1
2,6,0.7559940214841558,5.0,0.0,0.1
2,7,0.09630126945473884,50.0,50.0,0.3
2,8,0.07691042042101329,50.0,50.0,0.3
2,9,0.09620837426384989,50.0,50.0,0.3
2,10,0.07994413681240127,50.0,50.0,0.3
2,11,0.060022290133332844,50.0,50.0,0.3
2,12,0.09287235544816651,50.0,50.0,0.3
2,13,0.7706405422196633,5.0,0.0,0.1
2,14,0.7667045110299155,5.0,0.0,0.1
2,15,0.777926384013798,5.0,0.0,0.1
2,16,0.7620333582932981,5.0,0.0,0.1
2,17,0.7685190940819788,5.0,0.0,0.1
2,18,0.7558397233976707,5.0,0.0,0.1
2,19,0.7553157262594841,5.0,0.0,0.1
2,20,0.7633321188879206,5.0,0.0,0.1
2,21,0.7760773567689877,5.0,0.0,0.1
2,22,0.75660278346983,5.0,0.0,0.1
2,23,0.7766757031626355,5.0,0.0,0.1
2,24,0.790985008173981,5.0,0.0,0.1
2,25,0.7986357239649337,5.0,0.0,0.1
2,26,0.7677636647417144,5.0,0.0,0.1
2,27,0.7878566693232225,5.0,0.0,0.1
2,28,0.7770481146034236,5.0,0.0,0.1
2,29,0.7896834010607572,5.0,0.0,0.1
2,30,0.7770030805718161,5.0,0.0,0.1
2,31,0.7632103783364421,5.0,0.0,0.1
2,32,0.7979724534544997,5.0,0.0,0.1
2,33,0.774224105720733,5.0,0.0,0.1
2,34,0.7590673556297359,5.0,0.0,0.1
2,35,0.7570697547780085,5.0,0.0,0.1
2,36,0.7760266407390317,5.0,0.0,0.1
2,37,0.7646948735627201,5.0,0.0,0.1
2,38,0.7974710268555961,5.0,0.0,0.1
2,39,0.761468972092874,5.0,0.0,0.1
2,40,0.7519951092814752,5.0,0.0,0.1
2,41,0.7666719172936277,5.0,0.0,0.1
2,42,0.7867763465571491,5.0,0.0,0.1
2,43,0.7504271045299398,5.0,0.0,0.1
2,44,0.0,15.0,0.0,0.0
2,45,0.08369037540282215,60.0,10.0,0.2
2,46,0.08431187348416513,60.0,10.0,0.2
2,47,0.08820459650422781,60.0,10.0,0.2
2,48,0.08468822051784353,60.0,10.0,0.2
2,49,0.06257032366441512,60.0,10.0,0.2
3,0,0.08897710282760016,50.0,50.0,0.3
3,1,0.0,15.0,0.0,0.0
3,2,0.06232597244669842,50.0,50.0,0.3
3,3,0.6988972851670648,5.0,0.0,0.6
3,4,0.7682694455734667,5.0,0.0,0.1
3,5,0.7997470928940431,5.0,0.0,0.1
3,6,0.7692349670265433,5.0,0.0,0.1
3,7,0.07201497821129839,50.0,50.0,0.3
3,8,0.053166516448098756,50.0,50.0,0.3
3,9,0.06524771274412028,50.0,50.0,0.3
3,10,0.09307642747621059,50.0,50.0,0.3
3,11,0.05299286325594547,50.0,50.0,0.3
3,12,0.09165548868844235,50.0,50.0,0.3
3,13,0.7984172464249375,5.0,0.0,0.1
3,14,0.78832369992735,5.0,0.0,0.1
3,15,0.7503088645696959,5.0,0.0,0.1
3,16,0.7810034872287138,5.0,0.0,0.1
3,17,0.786152790292804,5.0,0.0,0.1
3,18,0.7924087184879144,5.0,0.0,0.1
3,19,0.7667300634646415,5.0,0.0,0.1
3,20,0.7687687957965325,5.0,0.0,0.1
3,21,0.7660865025371696,5.0,0.0,0.1
3,22,0.7948956992441809,5.0,0.0,0.1
3,23,0.7605516920344921,5.0,0.0,0.1
3,24,0.7683993565907503,5.0,0.0,0.1
3,25,0.7823077310084279,5.0,0.0,0.1
3,26,0.7998380063713861,5.0,0.0,0.1
3,27,0.7972220627185599,5.0,0.0,0.1
3,28,0.7723859792678786,5.0,0.0,0.1
3,29,0.7536658880819455,5.0,0.0,0.1
3,30,0.7883948348634485,5.0,0.0,0.1
3,31,0.7927205830447663,5.0,0.0,0.1
3,32,0.7681346745799879,5.0,0.0,0.1
3,33,0.7966288210804977,5.0,0.0,0.1
3,34,0.7774066867031164,5.0,0.0,0.1
3,35,0.7872515572532413,5.0,0.0,0.1
3,36,0.7896490434889242,5.0,0.0,0.1
3,37,0.7735580039227602,5.0,0.0,0.1
3,38,0.7770192212962461,5.0,0.0,0.1
3,39,0.7928088655365026,5.0,0.0,0.1
3,40,0.7671986812358913,5.0,0.0,0.1
3,41,0.7614165453114607,5.0,0.0,0.1
3,42,0.7968456877641027,5.0,0.0,0.1
3,43,0.7893708516198565,5.0,0.0,0.1
3,44,0.0,15.0,0.0,0.0
3,45,0.05590078385131811,60.0,10.0,0.2
3,46,0.07273561636367579,60.0,10.0,0.2
3,47,0.09857276206730896,60.0,10.0,0.2
3,48,0.05339852790617869,60.0,10.0,0.2
3,49,0.09942233524657157,60.0,10.0,0.2
4,0,0.06713802074098987,50.0,50.0,0.3
4,1,0.0,15.0,0.0,0.0
4,2,0.09479474846595312,50.0,50.0,0.3
4,3,0.685700835228189,5.0,0.0,0.6
4,4,0.7651826116226558,5.0,0.0,0.1
4,5,0.7942762721952964,5.0,0.0,0.1
4,6,0.7905817465550369,5.0,0.0,0.1
4,7,0.09574192327400924,50.0,50.0,0.3
4,8,0.06463141157453953,50.0,50.0,0.3
4,9,0.09696578313141803,50.0,50.0,0.3
4,10,0.09370371033393067,50.0,50.0,0.3
4,11,0.06817953592455522,50.0,50.0,0.3
4,12,0.05917520875856105,50.0,50.0,0.3
4,13,0.7739292656630519,5.0,0.0,0.1
4,14,0.7517151345102789,5.0,0.0,0.1
4,15,0.7728256852792073,5.0,0.0,0.1
4,16,0.793917078898511,5.0,0.0,0.1
4,17,0.7570173005077535,5.0,0.0,0.1
4,18,0.7912299194554318,5.0,0.0,0.1
4,19,0.7938021048997432,5.0,0.0,0.1
4,20,0.7969507153696745,5.0,0.0,0.1
4,21,0.7829962576851435,5.0,0.0,0.1
4,22,0.7978134431568993,5.0,0.0,0.1
4,23,0.7691096903782151,5.0,0.0,0.1
4,24,0.775925157379471,5.0,0.0,0.1
4,25,0.7509033782322939,5.0,0.0,0.1
4,26,0.7841756452036464,5.0,0.0,0.1
4,27,0.7630308530222824,5.0,0.0,0.1
4,28,0.7727467574358472,5.0,0.0,0.1
4,29,0.7840248493173052,5.0,0.0,0.1
4,30,0.7635329844930391,5.0,0.0,0.1
4,31,0.7504519384150585,5.0,0.0,0.1
4,32,0.7779721169562567,5.0,0.0,0.1
4,33,0.7643323919341964,5.0,0.0,0.1
4,34,0.751111204608783,5.0,0.0,0.1
4,35,0.7869399183542164,5.0,0.0,0.1
4,36,0.7780473607032871,5.0,0.0,0.1
4,37,0.7665566784421638,5.0,0.0,0.1
4,38,0.7724741738948679,5.0,0.0,0.1
4,39,0.7687542712859483,5.0,0.0,0.1
4,40,0.7750686488828817,5.0,0.0,0.1
4,41,0.7705332646418654,5.0,0.0,0.1
4,42,0.7545715651003269,5.0,0.0,0.1
4,43,0.0,15.0,0.0,0.0
4,44,0.7997321230585855,5.0,0.0,0.1
4,45,0.09725934253076651,60.0,10.0,0.2
4,46,0.08532788727188295,60.0,10.0,0.2
4,47,0.07172734305334204,60.0,10.0,0.2
4,48,0.06718954814047999,60.0,10.0,0.2
4,49,0.099760017950429,60.0,10.0,0.2
5,0,0.05473210844918214,50.0,50.0,0.3
5,1,0.09670512236411799,50.0,50.0,0.3
5,2,0.0,15.0,0.0,0.0
5,3,0.6870197228952594,5.0,0.0,0.6
5,4,0.7811703612099632,5.0,0.0,0.1
5,5,0.7944964642848434,5.0,0.0,0.1
5,6,0.7714740957998873,5.0,0.0,0.1
5,7,0.07205369674490932,50.0,50.0,0.3
5,8,0.06529159905166526,50.0,50.0,0.3
5,9,0.06049919008717886,50.0,50.0,0.3
5,10,0.06992012526173297,50.0,50.0,0.3
5,11,0.08959595831256495,50.0,50.0,0.3
5,12,0.05896375450028042,50.0,50.0,0.3
5,13,0.7561606222430298,5.0,0.0,0.1
5,14,0.7772247101775248,5.0,0.0,0.1
5,15,0.786424271247177,5.0,0.0,0.1
5,16,0.7727362870671517,5.0,0.0,0.1
5,17,0.7696848773045654,5.0,0.0,0.1
5,18,0.776153679357513,5.0,0.0,0.1
5,19,0.7855435719136614,5.0,0.0,0.1
5,20,0.7653402122795709,5.0,0.0,0.1
5,21,0.7854559616430088,5.0,0.0,0.1
5,22,0.7747528035740542,5.0,0.0,0.1
5,23,0.7780932980103453,5.0,0.0,0.1
5,24,0.7917813948336225,5.0,0.0,0.1
5,25,0.7996107362069091,5.0,0.0,0.1
5,26,0.7685950884421168,5.0,0.0,0.1
5,27,0.7666745544153803,5.0,0.0,0.1
5,28,0.76969645588573,5.0,0.0,0.1
5,29,0.7617899420243563,5.0,0.0,0.1
5,30,0.7691834802817944,5.0,0.0,0.1
5,31,0.7669031498952494,5.0,0.0,0.1
5,32,0.751109955801221,5.0,0.0,0.1
5,33,0.7944854340131486,5.0,0.0,0.1
5,34,0.7596675512752138,5.0,0.0,0.1
5,35,0.7846171140892595,5.0,0.0,0.1
5,36,0.770855509017113,5.0,0.0,0.1
5,37,0.7512997468001575,5.0,0.0,0.1
5,38,0.7892483846217833,5.0,0.0,0.1
5,39,0.7534200912941161,5.0,0.0,0.1
5,40,0.779977577292469,5.0,0.0,0.1
5,41,0.7819991472041541,5.0,0.0,0.1
5,42,0.0,15.0,0.0,0.0
5,43,0.797217926576232,5.0,0.0,0.1
5,44,0.7946032452254026,5.0,0.0,0.1
5,45,0.09424845810962734,60.0,10.0,0.2
5,46,0.06531637070029613,60.0,10.0,0.2
5,47,0.06363452447788422,60.0,10.0,0.2
5,48,0.08003642307519071,60.0,10.0,0.2
5,49,0.09825683233923782,60.0,10.0,0.2
6,0,0.06479810752808907,50.0,50.0,0.3
6,1,0.08392235918009777,50.0,50.0,0.3
6,2,0.0,15.0,0.0,0.0
6,3,0.6934785686970342,5.0,0.0,0.6
6,4,0.7730591923560298,5.0,0.0,0.1
6,5,0.7953121095057325,5.0,0.0,0.1
6,6,0.7877668408509332,5.0,0.0,0.1
6,7,0.0698864511301568,50.0,50.0,0.3
6,8,0.08876252064211404,50.0,50.0,0.3
6,9,0.09656069184772173,50.0,50.0,0.3
6,10,0.05005660546790464,50.0,50.0,0.3
6,11,0.08720954600672198,50.0,50.0,0.3
6,12,0.06482529782153024,50.0,50.0,0.3
6,13,0.7666794558774798,5.0,0.0,0.1
6,14,0.7501478452339987,5.0,0.0,0.1
6,15,0.7850100952009749,5.0,0.0,0.1
6,16,0.7722051589581295,5.0,0.0,0.1
6,17,0.7615837137635781,5.0,0.0,0.1
6,18,0.7898110373652806,5.0,0.0,0.1
6,19,0.7539133956597031,5.0,0.0,0.1
6,20,0.799316431275397,5.0,0.0,0.1
6,21,0.7503356730888788,5.0,0.0,0.1
6,22,0.7648431500924256,5.0,0.0,0.1
6,23,0.7893895256310293,5.0,0.0,0.1
6,24,0.7879064661872981,5.0,0.0,0.1
6,25,0.7820120195701734,5.0,0.0,0.1
6,26,0.7545554326175072,5.0,0.0,0.1
6,27,0.7688014596011601,5.0,0.0,0.1
6,28,0.7598956030644318,5.0,0.0,0.1
6,29,0.7550564088998373,5.0,0.0,0.1
6,30,0.7522796091797488,5.0,0.0,0.1
6,31,0.7566249418312809,5.0,0.0,0.1
6,32,0.7749133264412896,5.0,0.0,0.1
6,33,0.7761491165037455,5.0,0.0,0.1
6,34,0.7516145513744803,5.0,0.0,0.1
6,35,0.7903347207838651,5.0,0.0,0.1
6,36,0.7892783522315275,5.0,0.0,0.1
6,37,0.7884222324380656,5.0,0.0,0.1
6,38,0.793644892492033,5.0,0.0,0.1
6,39,0.7598190750447061,5.0,0.0,0.1
6,40,0.7661605687010881,5.0,0.0,0.1
6,41,0.0,15.0,0.0,0.0
6,42,0.7537196954642048,5.0,0.0,0.1
6,43,0.7622040821035162,5.0,0.0,0.1
6,44,0.7831059806871843,5.0,0.0,0.1
6,45,0.07594816959997994,60.0,10.0,0.2
6,46,0.0834825532176944,60.0,10.0,0.2
6,47,0.0690676378957001,60.0,10.0,0.2
6,48,0.09201684406322337,60.0,10.0,0.2
6,49,0.051737694266727786,60.0,10.0,0.2
7,0,0.0962599485661308,50.0,50.0,0.3
7,1,0.07394622167989195,50.0,50.0,0.3
7,2,0.0,15.0,0.0,0.0
7,3,0.6618132006458057,5.0,0.0,0.6
7,4,0.7647970318627614,5.0,0.0,0.1
7,5,0.7697974801894816,5.0,0.0,0.1
7,6,0.7952391622877224,5.0,0.0,0.1
7,7,0.05268290877916609,50.0,50.0,0.3
7,8,0.050633331434715795,50.0,50.0,0.3
7,9,0.09857430763266466,50.0,50.0,0.3
7,10,0.0776289145105857,50.0,50.0,0.3
7,11,0.07470201716156159,50.0,50.0,0.3
7,12,0.05803485266480402,50.0,50.0,0.3
7,13,0.7845291218627384,5.0,0.0,0.1
7,14,0.7630665625570141,5.0,0.0,0.1
7,15,0.7889758713600787,5.0,0.0,0.1
7,16,0.7752496893178241,5.0,0.0,0.1
7,17,0.776215154863734,5.0,0.0,0.1
7,18,0.7549504798695322,5.0,0.0,0.1
7,19,0.7723393783182454,5.0,0.0,0.1
7,20,0.7501901578295405,5.0,0.0,0.1
7,21,0.7866085590196834,5.0,0.0,0.1
7,22,0.7544219136902971,5.0,0.0,0.1
7,23,0.7747090530359538,5.0,0.0,0.1
7,24,0.7604279222775558,5.0,0.0,0.1
7,25,0.7697202402059841,5.0,0.0,0.1
7,26,0.7531629338654882,5.0,0.0,0.1
7,27,0.7857621393805928,5.0,0.0,0.1
7,28,0.7867347786239719,5.0,0.0,0.1
7,29,0.7791715256697409,5.0,0.0,0.1
7,30,0.7907997008117251,5.0,0.0,0.1
7,31,0.7861245139457371,5.0,0.0,0.1
7,32,0.7506806442523201,5.0,0.0,0.1
7,33,0.7947708372990163,5.0,0.0,0.1
7,34,0.7692624995548301,5.0,0.0,0.1
7,35,0.7776587876961655,5.0,0.0,0.1
7,36,0.7929240312980322,5.0,0.0,0.1
7,37,0.7573819950128521,5.0,0.0,0.1
7,38,0.7901087331419306,5.0,0.0,0.1
7,39,0.7556388761100844,5.0,0.0,0.1
7,40,0.0,15.0,0.0,0.0
7,41,0.7676167343160905,5.0,0.0,0.1
7,42,0.7612161976331001,5.0,0.0,0.1
7,43,0.7555377529958447,5.0,0.0,0.1
7,44,0.7839889499160365,5.0,0.0,0.1
7,45,0.0841884510098425,60.0,10.0,0.2
7,46,0.05045877156991916,60.0,10.0,0.2
7,47,0.08621613403925302,60.0,10.0,0.2
7,48,0.08545881092274832,60.0,10.0,0.2
7,49,0.0855777088488214,60.0,10.0,0.2
8,0,0.0625162905913288,50.0,50.0,0.3
8,1,0.0878659394353961,50.0,50.0,0.3
8,2,0.7634805134589521,5.0,0.0,0.1
8,3,0.0,15.0,0.0,0.0
8,4,0.6747563571930251,5.0,0.0,0.6
8,5,0.686689528039541,5.0,0.0,0.6
8,6,0.7721467055297686,5.0,0.0,0.1
8,7,0.0,10.0,0.0,0.0
8,8,0.0,10.0,0.0,0.0
8,9,0.053067572495820864,50.0,50.0,0.3
8,10,0.06295457861282253,50.0,50.0,0.3
8,11,0.09132693755061014,50.0,50.0,0.3
8,12,0.08588064602620418,50.0,50.0,0.3
8,13,0.7797957067798349,5.0,0.0,0.1
8,14,0.7748842174841003,5.0,0.0,0.1
8,15,0.7797522667656496,5.0,0.0,0.1
8,16,0.7507042081946217,5.0,0.0,0.1
8,17,0.7809829165999318,5.0,0.0,0.1
8,18,0.7695654348216383,5.0,0.0,0.1
8,19,0.7567574323814602,5.0,0.0,0.1
8,20,0.7985825652953967,5.0,0.0,0.1
8,21,0.7748173058473103,5.0,0.0,0.1
8,22,0.7699002475664315,5.0,0.0,0.1
8,23,0.7656504198787056,5.0,0.0,0.1
8,24,0.7589857813033641,5.0,0.0,0.1
8,25,0.7633094133323236,5.0,0.0,0.1
8,26,0.7865869903542596,5.0,0.0,0.1
8,27,0.7920540303993794,5.0,0.0,0.1
8,28,0.7639003812035832,5.0,0.0,0.1
8,29,0.7823617440161932,5.0,0.0,0.1
8,30,0.7650650118192889,5.0,0.0,0.1
8,31,0.766245250373652,5.0,0.0,0.1
8,32,0.7646433470304771,5.0,0.0,0.1
8,33,0.7827246204048885,5.0,0.0,0.1
8,34,0.7693374054191772,5.0,0.0,0.1
8,35,0.7847696665009878,5.0,0.0,0.1
8,36,0.792256948675531,5.0,0.0,0.1
8,37,0.7626558751502633,5.0,0.0,0.1
8,38,0.7856935312619477,5.0,0.0,0.1
8,39,0.0,15.0,0.0,0.0
8,40,0.795370131024955,5.0,0.0,0.1
8,41,0.7845999082225198,5.0,0.0,0.1
8,42,0.08204008944401217,60.0,10.0,0.2
8,43,0.06172084937471439,60.0,10.0,0.2
8,44,0.08839907775571682,60.0,10.0,0.2
8,45,0.05173707942989379,60.0,10.0,0.2
8,46,0.07590180302896624,60.0,10.0,0.2
8,47,0.05754315074881385,60.0,10.0,0.2
8,48,0.059834845888823825,60.0,10.0,0.2
8,49,0.09305554168398913,60.0,10.0,0.2
9,0,0.07584109168689057,50.0,50.0,0.3
9,1,0.07487215778732179,50.0,50.0,0.3
9,2,0.7947365228943919,5.0,0.0,0.1
9,3,0.755665637046113,5.0,0.0,0.1
9,4,0.0,15.0,0.0,0.0
9,5,0.6656788171729537,5.0,0.0,0.6
9,6,0.7656184075133747,5.0,0.0,0.1
9,7,0.08817421638567187,50.0,50.0,0.3
9,8,0.051202590640046786,50.0,50.0,0.3
9,9,0.0,10.0,0.0,0.0
9,10,0.0,10.0,0.0,0.0
9,11,0.07079223369869009,50.0,50.0,0.3
9,12,0.05553438944855051,50.0,50.0,0.3
9,13,0.09825237644978245,50.0,50.0,0.3
9,14,0.07622650321502018,50.0,50.0,0.3
9,15,0.052964930954669726,50.0,50.0,0.3
9,16,0.09299944176142583,50.0,50.0,0.3
9,17,0.7636184249814725,5.0,0.0,0.1
9,18,0.09433668882846832,50.0,50.0,0.3
9,19,0.0652930459880584,50.0,50.0,0.3
9,20,0.08854988481481166,50.0,50.0,0.3
9,21,0.07320286586699835,50.0,50.0,0.3
9,22,0.08923650845299004,50.0,50.0,0.3
9,23,0.7767387037682353,5.0,0.0,0.1
9,24,0.765382683557318,5.0,0.0,0.1
9,25,0.7916269000950835,5.0,0.0,0.1
9,26,0.7924067343879003,5.0,0.0,0.1
9,27,0.7764921014355417,5.0,0.0,0.1
9,28,0.7512080505676945,5.0,0.0,0.1
9,29,0.7943981681073378,5.0,0.0,0.1
9,30,0.7546538072843306,5.0,0.0,0.1
9,31,0.7699728150184095,5.0,0.0,0.1
9,32,0.7633188794195375,5.0,0.0,0.1
9,33,0.7566968444145359,5.0,0.0,0.1
9,34,0.7750547507972538,5.0,0.0,0.1
9,35,0.7699055131464566,5.0,0.0,0.1
9,36,0.753029833865629,5.0,0.0,0.1
9,37,0.0,15.0,0.0,0.0
9,38,0.0,15.0,0.0,0.0
9,39,0.7660100145816756,5.0,0.0,0.1
9,40,0.7524259023564883,5.0,0.0,0.1
9,41,0.08584410961948746,60.0,10.0,0.2
9,42,0.06652690527907118,60.0,10.0,0.2
9,43,0.07604876468383856,60.0,10.0,0.2
9,44,0.07557591606090647,60.0,10.0,0.2
9,45,0.06670698934232312,60.0,10.0,0.2
9,46,0.7621817759289556,5.0,0.0,0.1
9,47,0.7707896914637612,5.0,0.0,0.1
9,48,0.7585140881107648,5.0,0.0,0.1
9,49,0.7930319995465644,5.0,0.0,0.1
10,0,0.0906426932009106,50.0,50.0,0.3
10,1,0.061121802431002445,50.0,50.0,0.3
10,2,0.767756200158971,5.0,0.0,0.1
10,3,0.7868760227719566,5.0,0.0,0.1
10,4,0.0,15.0,0.0,0.0
10,5,0.6600506898786422,5.0,0.0,0.6
10,6,0.7998608842376476,5.0,0.0,0.1
10,7,0.07565223293282594,50.0,50.0,0.3
10,8,0.08581452309748283,50.0,50.0,0.3
10,9,0.06947765709282366,50.0,50.0,0.3
10,10,0.07731721453654108,50.0,50.0,0.3
10,11,0.0,10.0,0.0,0.0
10,12,0.06657904972222536,50.0,50.0,0.3
10,13,0.0608779491597362,50.0,50.0,0.3
10,14,0.05362245086019362,50.0,50.0,0.3
10,15,0.06077096108027702,50.0,50.0,0.3
10,16,0.08022262090527661,50.0,50.0,0.3
10,17,0.09591766887984006,50.0,50.0,0.3
10,18,0.06380448444272221,50.0,50.0,0.3
10,19,0.06697185806037245,50.0,50.0,0.3
10,20,0.0991249478727991,50.0,50.0,0.3
10,21,0.05552547214484185,50.0,50.0,0.3
10,22,0.08644280502306624,50.0,50.0,0.3
10,23,0.7512392399582029,5.0,0.0,0.1
10,24,0.7792466550602227,5.0,0.0,0.1
10,25,0.7674874559155741,5.0,0.0,0.1
10,26,0.7510874832654321,5.0,0.0,0.1
10,27,0.7609818271707589,5.0,0.0,0.1
10,28,0.7588523809858999,5.0,0.0,0.1
10,29,0.7670179094208115,5.0,0.0,0.1
10,30,0.0,15.0,0.0,0.0
10,31,0.0,15.0,0.0,0.0
10,32,0.0,15.0,0.0,0.0
10,33,0.0,15.0,0.0,0.0
10,34,0.0,15.0,0.0,0.0
10,35,0.0,15.0,0.0,0.0
10,36,0.0,15.0,0.0,0.0
10,37,0.7539777248579695,5.0,0.0,0.1
10,38,0.7577689465979253,5.0,0.0,0.1
10,39,0.7842974290312799,5.0,0.0,0.1
10,40,0.05585217296562451,60.0,10.0,0.2
10,41,0.05080174493106473,60.0,10.0,0.2
10,42,0.08272024980778386,60.0,10.0,0.2
10,43,0.07935692576024495,60.0,10.0,0.2
10,44,0.06583248117516159,60.0,10.0,0.2
10,45,0.05510465219497415,60.0,10.0,0.2
10,46,0.08799801190326326,60.0,10.0,0.2
10,47,0.7823287256263867,5.0,0.0,0.1
10,48,0.7606984027285536,5.0,0.0,0.1
10,49,0.7731408449057846,5.0,0.0,0.1
11,0,0.054894400478440415,50.0,50.0,0.3
11,1,0.07661991416755692,50.0,50.0,0.3
11,2,0.7554863855915894,5.0,0.0,0.1
11,3,0.7684856816243364,5.0,0.0,0.1
11,4,0.7642184926386655,5.0,0.0,0.1
11,5,0.0,15.0,0.0,0.0
11,6,0.7543303170595348,5.0,0.0,0.1
11,7,0.09726092762088145,50.0,50.0,0.3
11,8,0.0546454815649644,50.0,50.0,0.3
11,9,0.06445429030586507,50.0,50.0,0.3
11,10,0.08344447682768805,50.0,50.0,0.3
11,11,0.08979139618582548,50.0,50.0,0.3
11,12,0.0,10.0,0.0,0.0
11,13,0.09195136374957083,50.0,50.0,0.3
11,14,0.09402467724478532,50.0,50.0,0.3
11,15,0.06123576257521996,50.0,50.0,0.3
11,16,0.09039709216054162,50.0,50.0,0.3
11,17,0.061159608808982996,50.0,50.0,0.3
11,18,0.07367117341133529,50.0,50.0,0.3
11,19,0.06929094542918429,50.0,50.0,0.3
11,20,0.06761104088439311,50.0,50.0,0.3
11,21,0.07781047556373809,50.0,50.0,0.3
11,22,0.08768955581993279,50.0,50.0,0.3
11,23,0.7608788091278444,5.0,0.0,0.1
11,24,0.7847753778637678,5.0,0.0,0.1
11,25,0.7846020203177906,5.0,0.0,0.1
11,26,0.7815637683381627,5.0,0.0,0.1
11,27,0.7538447694368577,5.0,0.0,0.1
11,28,0.759636354835391,5.0,0.0,0.1
11,29,0.0,15.0,0.0,0.0
11,30,0.7932805331024096,5.0,0.0,0.1
11,31,0.7794676539261037,5.0,0.0,0.1
11,32,0.7803227704357734,5.0,0.0,0.1
11,33,0.7893765133287597,5.0,0.0,0.1
11,34,0.7514147176140297,5.0,0.0,0.1
11,35,0.7751480248984712,5.0,0.0,0.1
11,36,0.7730889148971044,5.0,0.0,0.1
11,37,0.7656432986618825,5.0,0.0,0.1
11,38,0.05792642311303807,60.0,10.0,0.2
11,39,0.05732283056350935,60.0,10.0,0.2
11,40,0.0768203648243544,60.0,10.0,0.2
11,41,0.0670782098425987,60.0,10.0,0.2
11,42,0.09274344720010243,60.0,10.0,0.2
11,43,0.05316934006676143,60.0,10.0,0.2
11,44,0.09080638790508605,60.0,10.0,0.2
11,45,0.06640598568355097,60.0,10.0,0.2
11,46,0.06882797366861115,60.0,10.0,0.2
11,47,0.7635805959422179,5.0,0.0,0.1
11,48,0.7532804860320491,5.0,0.0,0.1
11,49,0.7787995553074605,5.0,0.0,0.1
12,0,0.05461663460598299,50.0,50.0,0.3
12,1,0.09418132307115229,50.0,50.0,0.3
12,2,0.07831293863414704,50.0,50.0,0.3
12,3,0.07065056192040514,50.0,50.0,0.3
12,4,0.07140965189380842,50.0,50.0,0.3
12,5,0.7634769207519823,5.0,0.0,0.1
12,6,0.0,15.0,0.0,0.0
12,7,0.056512838675174294,50.0,50.0,0.3
12,8,0.08034138155349846,50.0,50.0,0.3
12,9,0.050562579412519314,50.0,50.0,0.3
12,10,0.07694206590548512,50.0,50.0,0.3
12,11,0.08401560297305156,50.0,50.0,0.3
12,12,0.059800324255666504,50.0,50.0,0.3
12,13,0.0,10.0,0.0,0.0
12,14,0.07323805051579416,50.0,50.0,0.3
12,15,0.08137306163012256,50.0,50.0,0.3
12,16,0.07950532586833237,50.0,50.0,0.3
12,17,0.09246728254634037,50.0,50.0,0.3
12,18,0.06418969716429092,50.0,50.0,0.3
12,19,0.7614445066178539,5.0,0.0,0.1
12,20,0.06422180857562235,50.0,50.0,0.3
12,21,0.07834057059528343,50.0,50.0,0.3
12,22,0.08067375055044165,50.0,50.0,0.3
12,23,0.7932824124172264,5.0,0.0,0.1
12,24,0.770192776569735,5.0,0.0,0.1
12,25,0.7825551236558173,5.0,0.0,0.1
12,26,0.0,15.0,0.0,0.0
12,27,0.0,15.0,0.0,0.0
12,28,0.0,15.0,0.0,0.0
12,29,0.799083148213659,5.0,0.0,0.1
12,30,0.7697547486273391,5.0,0.0,0.1
12,31,0.7548586475013342,5.0,0.0,0.1
12,32,0.7576372877565922,5.0,0.0,0.1
12,33,0.7934102352852911,5.0,0.0,0.1
12,34,0.761808638783069,5.0,0.0,0.1
12,35,0.7785722967565534,5.0,0.0,0.1
12,36,0.7623655283268684,5.0,0.0,0.1
12,37,0.7831114568944958,5.0,0.0,0.1
12,38,0.7715643441844726,5.0,0.0,0.1
12,39,0.7975608161293279,5.0,0.0,0.1
12,40,0.7859021852389215,5.0,0.0,0.1
12,41,0.7589424486062071,5.0,0.0,0.1
12,42,0.7688702238870007,5.0,0.0,0.1
12,43,0.7655436558790489,5.0,0.0,0.1
12,44,0.7863227264028047,5.0,0.0,0.1
12,45,0.798119033864941,5.0,0.0,0.1
12,46,0.7802997329228851,5.0,0.0,0.1
12,47,0.7744497745556849,5.0,0.0,0.1
12,48,0.7742442588929837,5.0,0.0,0.1
12,49,0.7800143856755127,5.0,0.0,0.1
13,0,0.08110737825561966,50.0,50.0,0.3
13,1,0.09440114006216517,50.0,50.0,0.3
13,2,0.07530583081971924,50.0,50.0,0.3
13,3,0.091435213895741,50.0,50.0,0.3
13,4,0.07788708874415251,50.0,50.0,0.3
13,5,0.7643043793131982,5.0,0.0,0.1
13,6,0.0,15.0,0.0,0.0
13,7,0.07865126796463967,50.0,50.0,0.3
13,8,0.06441921569843032,50.0,50.0,0.3
13,9,0.0634853481844329,50.0,50.0,0.3
13,10,0.09081839036870472,50.0,50.0,0.3
13,11,0.07614323069627685,50.0,50.0,0.3
13,12,0.06279589033366523,50.0,50.0,0.3
13,13,0.09204109824779452,50.0,50.0,0.3
13,14,0.0,10.0,0.0,0.0
13,15,0.07873745047707051,50.0,50.0,0.3
13,16,0.07654144900529569,50.0,50.0,0.3
13,17,0.0946754025269279,50.0,50.0,0.3
13,18,0.06596397446833377,50.0,50.0,0.3
13,19,0.05449215197887974,50.0,50.0,0.3
13,20,0.7577592547686803,5.0,0.0,0.1
13,21,0.0681171239180906,50.0,50.0,0.3
13,22,0.0,15.0,0.0,0.0
13,23,0.0,15.0,0.0,0.0
13,24,0.0,15.0,0.0,0.0
13,25,0.0,15.0,0.0,0.0
13,26,0.7786254197566999,5.0,0.0,0.1
13,27,0.7642123788665183,5.0,0.0,0.1
13,28,0.7546963576400549,5.0,0.0,0.1
13,29,0.7832909664386769,5.0,0.0,0.1
13,30,0.7896948090960564,5.0,0.0,0.1
13,31,0.7912501097180265,5.0,0.0,0.1
13,32,0.7876542074841208,5.0,0.0,0.1
13,33,0.7872042842480521,5.0,0.0,0.1
13,34,0.7866320838460186,5.0,0.0,0.1
13,35,0.7852982610252948,5.0,0.0,0.1
13,36,0.0,10.0,0.0,0.0
13,37,0.0,10.0,0.0,0.0
13,38,0.0,10.0,0.0,0.0
13,39,0.0,10.0,0.0,0.0
13,40,0.0,10.0,0.0,0.0
13,41,0.0,10.0,0.0,0.0
13,42,0.7881984557286056,5.0,0.0,0.1
13,43,0.762617492423992,5.0,0.0,0.1
13,44,0.7866279134218707,5.0,0.0,0.1
13,45,0.7657906232483815,5.0,0.0,0.1
13,46,0.7633488318074454,5.0,0.0,0.1
13,47,0.7744575886527999,5.0,0.0,0.1
13,48,0.7798167570041039,5.0,0.0,0.1
13,49,0.7986980854160363,5.0,0.0,0.1
14,0,0.0777653424757113,50.0,50.0,0.3
14,1,0.07768494473366047,50.0,50.0,0.3
14,2,0.06683308068434024,50.0,50.0,0.3
14,3,0.07379201667082368,50.0,50.0,0.3
14,4,0.07642828252571254,50.0,50.0,0.3
14,5,0.7988521818647359,5.0,0.0,0.1
14,6,0.0,15.0,0.0,0.0
14,7,0.0,10.0,0.0,0.0
14,8,0.06388075608934748,50.0,50.0,0.3
14,9,0.08405664900830218,50.0,50.0,0.3
14,10,0.059497547649762825,50.0,50.0,0.3
14,11,0.09985183451355877,50.0,50.0,0.3
14,12,0.058319025885488644,50.0,50.0,0.3
14,13,0.08523420360018916,50.0,50.0,0.3
14,14,0.05650043291294876,50.0,50.0,0.3
14,15,0.0,10.0,0.0,0.0
14,16,0.08149938765363043,50.0,50.0,0.3
14,17,0.07767075001598965,50.0,50.0,0.3
14,18,0.06614798548427894,50.0,50.0,0.3
14,19,0.08094216574676827,50.0,50.0,0.3
14,20,0.7656359718840849,5.0,0.0,0.1
14,21,0.0,15.0,0.0,0.0
14,22,0.7902900830366459,5.0,0.0,0.1
14,23,0.7650993425915549,5.0,0.0,0.1
14,24,0.790782587361737,5.0,0.0,0.1
14,25,0.7992723294355921,5.0,0.0,0.1
14,26,0.7792789375370611,5.0,0.0,0.1
14,27,0.7942804832373963,5.0,0.0,0.1
14,28,0.7791630767054694,5.0,0.0,0.1
14,29,0.7989209474272585,5.0,0.0,0.1
14,30,0.7945389270495353,5.0,0.0,0.1
14,31,0.7892183448335173,5.0,0.0,0.1
14,32,0.7532198303125947,5.0,0.0,0.1
14,33,0.7587361052865443,5.0,0.0,0.1
14,34,0.0,10.0,0.0,0.0
14,35,0.6837035077565927,5.0,0.0,0.6
14,36,0.6873168429182464,5.0,0.0,0.6
14,37,0.6893441781051679,5.0,0.0,0.6
14,38,0.6769713552652965,5.0,0.0,0.6
14,39,0.688203780521634,5.0,0.0,0.6
14,40,0.6789988103724909,5.0,0.0,0.6
14,41,0.6686973815630433,5.0,0.0,0.6
14,42,0.0,10.0,0.0,0.0
14,43,0.7554131726028759,5.0,0.0,0.1
14,44,0.7792573353437899,5.0,0.0,0.1
14,45,0.7916999993082435,5.0,0.0,0.1
14,46,0.7819239211049303,5.0,0.0,0.1
14,47,0.785859696860459,5.0,0.0,0.1
14,48,0.7897630235678362,5.0,0.0,0.1
14,49,0.7838620917147433,5.0,0.0,0.1
15,0,0.08444928760224008,50.0,50.0,0.3
15,1,0.07616822712499924,50.0,50.0,0.3
15,2,0.05063829321601436,50.0,50.0,0.3
15,3,0.08460781334438543,50.0,50.0,0.3
15,4,0.057839600483125364,50.0,50.0,0.3
15,5,0.7966463471331398,5.0,0.0,0.1
15,6,0.0,15.0,0.0,0.0
15,7,0.09143997812383567,50.0,50.0,0.3
15,8,0.0,10.0,0.0,0.0
15,9,0.06999635377312406,50.0,50.0,0.3
15,10,0.09078778268271145,50.0,50.0,0.3
15,11,0.09147818567243221,50.0,50.0,0.3
15,12,0.0884473558365415,50.0,50.0,0.3
15,13,0.08660996555851189,50.0,50.0,0.3
15,14,0.0842951108680566,50.0,50.0,0.3
15,15,0.0568185448553835,50.0,50.0,0.3
15,16,0.0,10.0,0.0,0.0
15,17,0.08943317348170873,50.0,50.0,0.3
15,18,0.09499485387104394,50.0,50.0,0.3
15,19,0.0,15.0,0.0,0.0
15,20,0.0,15.0,0.0,0.0
15,21,0.7742829399393344,5.0,0.0,0.1
15,22,0.7837554478214491,5.0,0.0,0.1
15,23,0.7705887461356214,5.0,0.0,0.1
15,24,0.7914385316116177,5.0,0.0,0.1
15,25,0.7564203440703169,5.0,0.0,0.1
15,26,0.7575872068176129,5.0,0.0,0.1
15,27,0.7718194716943718,5.0,0.0,0.1
15,28,0.754984196044629,5.0,0.0,0.1
15,29,0.7873522132013787,5.0,0.0,0.1
15,30,0.7834040335069464,5.0,0.0,0.1
15,31,0.7918097869594226,5.0,0.0,0.1
15,32,0.7651689264877662,5.0,0.0,0.1
15,33,0.0,10.0,0.0,0.0
15,34,0.6595186052499193,5.0,0.0,0.6
15,35,0.6886237972763805,5.0,0.0,0.6
15,36,0.6543903595765967,5.0,0.0,0.6
15,37,0.6658039662198719,5.0,0.0,0.6
15,38,0.6782571661151651,5.0,0.0,0.6
15,39,0.6542160770961847,5.0,0.0,0.6
15,40,0.6949132591960274,5.0,0.0,0.6
15,41,0.655194522599641,5.0,0.0,0.6
15,42,0.7525668994775234,5.0,0.0,0.1
15,43,0.0,10.0,0.0,0.0
15,44,0.0,10.0,0.0,0.0
15,45,0.0,10.0,0.0,0.0
15,46,0.0,10.0,0.0,0.0
15,47,0.0,10.0,0.0,0.0
15,48,0.768289451664899,5.0,0.0,0.1
15,49,0.7915356237948891,5.0,0.0,0.1
16,0,0.06475192839458759,50.0,50.0,0.3
16,1,0.0750140286469407,50.0,50.0,0.3
16,2,0.0904375017313726,50.0,50.0,0.3
16,3,0.05160928251535549,50.0,50.0,0.3
16,4,0.05966814945598114,50.0,50.0,0.3
16,5,0.7932296035614905,5.0,0.0,0.1
16,6,0.0,15.0,0.0,0.0
16,7,0.06247537997003989,50.0,50.0,0.3
16,8,0.09517284603230809,50.0,50.0,0.3
16,9,0.0,10.0,0.0,0.0
16,10,0.08784756041585534,50.0,50.0,0.3
16,11,0.09802133123840417,50.0,50.0,0.3
16,12,0.08946614065416386,50.0,50.0,0.3
16,13,0.0972069943641532,50.0,50.0,0.3
16,14,0.0967936554983158,50.0,50.0,0.3
16,15,0.07471074813114116,50.0,50.0,0.3
16,16,0.07395003370949456,50.0,50.0,0.3
16,17,0.0,10.0,0.0,0.0
16,18,0.0,15.0,0.0,0.0
16,19,0.7554516859250073,5.0,0.0,0.1
16,20,0.7765766123429296,5.0,0.0,0.1
16,21,0.7866045213120224,5.0,0.0,0.1
16,22,0.7551111319002615,5.0,0.0,0.1
16,23,0.7596216488037782,5.0,0.0,0.1
16,24,0.796174649938386,5.0,0.0,0.1
16,25,0.7526904881654938,5.0,0.0,0.1
16,26,0.7720520380808436,5.0,0.0,0.1
16,27,0.7609629153946188,5.0,0.0,0.1
16,28,0.7915201052151196,5.0,0.0,0.1
16,29,0.7590786944730195,5.0,0.0,0.1
16,30,0.7691740863174037,5.0,0.0,0.1
16,31,0.0,10.0,0.0,0.0
16,32,0.0,10.0,0.0,0.0
16,33,0.6949552815416687,5.0,0.0,0.6
16,34,0.6585071619285916,5.0,0.0,0.6
16,35,0.6974261386451714,5.0,0.0,0.6
16,36,0.650590163860161,5.0,0.0,0.6
16,37,0.695729446137173,5.0,0.0,0.6
16,38,0.6575409399646848,5.0,0.0,0.6
16,39,0.6521891737928955,5.0,0.0,0.6
16,40,0.6929878217152332,5.0,0.0,0.6
16,41,0.6700811277510302,5.0,0.0,0.6
16,42,0.7918656710464084,5.0,0.0,0.1
16,43,0.7805079384092516,5.0,0.0,0.1
16,44,0.7772497995349458,5.0,0.0,0.1
16,45,0.7911361468376836,5.0,0.0,0.1
16,46,0.7753958154520841,5.0,0.0,0.1
16,47,0.7743792318083083,5.0,0.0,0.1
16,48,0.0,10.0,0.0,0.0
16,49,0.7578290981232151,5.0,0.0,0.1
17,0,0.07336859731842921,50.0,50.0,0.3
17,1,0.05229987194945299,50.0,50.0,0.3
17,2,0.07257520703637463,50.0,50.0,0.3
17,3,0.05777205086951311,50.0,50.0,0.3
17,4,0.07683179819103153,50.0,50.0,0.3
17,5,0.7784318178660556,5.0,0.0,0.1
17,6,0.0,15.0,0.0,0.0
17,7,0.06210132178719008,50.0,50.0,0.3
17,8,0.05686794344159051,50.0,50.0,0.3
17,9,0.05689156280958018,50.0,50.0,0.3
17,10,0.0,10.0,0.0,0.0
17,11,0.08931678345506014,50.0,50.0,0.3
17,12,0.06302374863972718,50.0,50.0,0.3
17,13,0.08996555929874026,50.0,50.0,0.3
17,14,0.061346973679685064,50.0,50.0,0.3
17,15,0.07415077883126414,50.0,50.0,0.3
17,16,0.0,15.0,0.0,0.0
17,17,0.0,15.0,0.0,0.0
17,18,0.7504846742350025,5.0,0.0,0.1
17,19,0.7542496863992778,5.0,0.0,0.1
17,20,0.7628555057104008,5.0,0.0,0.1
17,21,0.7868148539204802,5.0,0.0,0.1
17,22,0.7930558420271472,5.0,0.0,0.1
17,23,0.7726901810282437,5.0,0.0,0.1
17,24,0.7634317963187526,5.0,0.0,0.1
17,25,0.7542432144573245,5.0,0.0,0.1
17,26,0.7871338578674124,5.0,0.0,0.1
17,27,0.799427922875796,5.0,0.0,0.1
17,28,0.0,10.0,0.0,0.0
17,29,0.0,10.0,0.0,0.0
17,30,0.0,10.0,0.0,0.0
17,31,0.6778564614770693,5.0,0.0,0.6
17,32,0.6781306321388605,5.0,0.0,0.6
17,33,0.6906219783570696,5.0,0.0,0.6
17,34,0.69245897897469,5.0,0.0,0.6
17,35,0.6517170189470433,5.0,0.0,0.6
17,36,0.6662726623850728,5.0,0.0,0.6
17,37,0.6855707461553949,5.0,0.0,0.6
17,38,0.6619940400083671,5.0,0.0,0.6
17,39,0.6994003709185453,5.0,0.0,0.6
17,40,0.6803809692892171,5.0,0.0,0.6
17,41,0.6982386658500515,5.0,0.0,0.6
17,42,0.7789715515919944,5.0,0.0,0.1
17,43,0.7573175421274767,5.0,0.0,0.1
17,44,0.7973027134046261,5.0,0.0,0.1
17,45,0.7981593785932339,5.0,0.0,0.1
17,46,0.7978216498259537,5.0,0.0,0.1
17,47,0.7782178100603946,5.0,0.0,0.1
17,48,0.7954312114883965,5.0,0.0,0.1
17,49,0.0,10.0,0.0,0.0
18,0,0.07438114092996102,50.0,50.0,0.3
18,1,0.08198363741623813,50.0,50.0,0.3
18,2,0.07847174456897428,50.0,50.0,0.3
18,3,0.09279119146151164,50.0,50.0,0.3
18,4,0.09405987115984284,50.0,50.0,0.3
18,5,0.7607791587241266,5.0,0.0,0.1
18,6,0.0,15.0,0.0,0.0
18,7,0.08491983116918664,50.0,50.0,0.3
18,8,0.07258857537180619,50.0,50.0,0.3
18,9,0.059213708895016856,50.0,50.0,0.3
18,10,0.06673142152220252,50.0,50.0,0.3
18,11,0.0,10.0,0.0,0.0
18,12,0.08184581668852454,50.0,50.0,0.3
18,13,0.06090801492726558,50.0,50.0,0.3
18,14,0.053393591691239785,50.0,50.0,0.3
18,15,0.0,15.0,0.0,0.0
18,16,0.08796484153206674,50.0,50.0,0.3
18,17,0.08591924207213979,50.0,50.0,0.3
18,18,0.08839313273842175,50.0,50.0,0.3
18,19,0.0877984612142141,60.0,10.0,0.2
18,20,0.08627480765400797,60.0,10.0,0.2
18,21,0.7693303331751407,5.0,0.0,0.1
18,22,0.7594260236519238,5.0,0.0,0.1
18,23,0.7520426017075679,5.0,0.0,0.1
18,24,0.7536730456052015,5.0,0.0,0.1
18,25,0.7742342508365192,5.0,0.0,0.1
18,26,0.7557351668680905,5.0,0.0,0.1
18,27,0.0,10.0,0.0,0.0
18,28,0.6605481254801049,5.0,0.0,0.6
18,29,0.662563954441927,5.0,0.0,0.6
18,30,0.6919815221226887,5.0,0.0,0.6
18,31,0.6563955800921535,5.0,0.0,0.6
18,32,0.6966074555000565,5.0,0.0,0.6
18,33,0.6569319641798008,5.0,0.0,0.6
18,34,0.6535390744412035,5.0,0.0,0.6
18,35,0.6730923567602121,5.0,0.0,0.6
18,36,0.6563293281731363,5.0,0.0,0.6
18,37,0.6585202117649211,5.0,0.0,0.6
18,38,0.6971462374322055,5.0,0.0,0.6
18,39,0.6969670248606311,5.0,0.0,0.6
18,40,0.6687286793468382,5.0,0.0,0.6
18,41,0.688198019499852,5.0,0.0,0.6
18,42,0.7595067435177079,5.0,0.0,0.1
18,43,0.7559776309080494,5.0,0.0,0.1
18,44,0.7958325416590573,5.0,0.0,0.1
18,45,0.7731354382031099,5.0,0.0,0.1
18,46,0.7717794106934389,5.0,0.0,0.1
18,47,0.7654224297676133,5.0,0.0,0.1
18,48,0.7990763648098791,5.0,0.0,0.1
18,49,0.7805495542564169,5.0,0.0,0.1
19,0,0.6996795929682676,5.0,0.0,0.6
19,1,0.6858895989955744,5.0,0.0,0.6
19,2,0.06549035772249984,50.0,50.0,0.3
19,3,0.08788846445697782,50.0,50.0,0.3
19,4,0.08100028041987832,50.0,50.0,0.3
19,5,0.7654035585489987,5.0,0.0,0.1
19,6,0.0,15.0,0.0,0.0
19,7,0.09285066765448019,50.0,50.0,0.3
19,8,0.07342402939281928,50.0,50.0,0.3
19,9,0.08801944742675515,50.0,50.0,0.3
19,10,0.08910693679319877,50.0,50.0,0.3
19,11,0.09143442662114112,50.0,50.0,0.3
19,12,0.0,10.0,0.0,0.0
19,13,0.0,15.0,0.0,0.0
19,14,0.0,15.0,0.0,0.0
19,15,0.06280353155523971,50.0,50.0,0.3
19,16,0.0,10.0,0.0,0.0
19,17,0.0,10.0,0.0,0.0
19,18,0.05239684097698214,60.0,10.0,0.2
19,19,0.09672934237296534,60.0,10.0,0.2
19,20,0.7785805408415157,5.0,0.0,0.1
19,21,0.7846053187889778,5.0,0.0,0.1
19,22,0.07029274717906198,60.0,10.0,0.2
19,23,0.7613692836783388,5.0,0.0,0.1
19,24,0.7961706063984355,5.0,0.0,0.1
19,25,0.787171358355682,5.0,0.0,0.1
19,26,0.0,10.0,0.0,0.0
19,27,0.6854562086086828,5.0,0.0,0.6
19,28,0.669134526085846,5.0,0.0,0.6
19,29,0.6877074653593765,5.0,0.0,0.6
19,30,0.6925807242472442,5.0,0.0,0.6
19,31,0.6995427102532575,5.0,0.0,0.6
19,32,0.6787359510628637,5.0,0.0,0.6
19,33,0.6772434404794526,5.0,0.0,0.6
19,34,0.6578847997555408,5.0,0.0,0.6
19,35,0.6905470915201706,5.0,0.0,0.6
19,36,0.6758290563977646,5.0,0.0,0.6
19,37,0.6832617787487348,5.0,0.0,0.6
19,38,0.792844456781283,5.0,0.0,0.1
19,39,0.7736294427438608,5.0,0.0,0.1
19,40,0.753372127929453,5.0,0.0,0.1
19,41,0.798585951808909,5.0,0.0,0.1
19,42,0.7885725843783294,5.0,0.0,0.1
19,43,0.7932797297828085,5.0,0.0,0.1
19,44,0.7570353459639394,5.0,0.0,0.1
19,45,0.7933170604931852,5.0,0.0,0.1
19,46,0.760525981782024,5.0,0.0,0.1
19,47,0.7701547742211776,5.0,0.0,0.1
19,48,0.7646832517010449,5.0,0.0,0.1
19,49,0.7504455939076395,5.0,0.0,0.1
20,0,0.6888993638313944,5.0,0.0,0.6
20,1,0.6720729867459116,5.0,0.0,0.6
20,2,0.08298771218013122,50.0,50.0,0.3
20,3,0.05702919670408771,50.0,50.0,0.3
20,4,0.05942007297425894,50.0,50.0,0.3
20,5,0.7683172172890689,5.0,0.0,0.1
20,6,0.0,15.0,0.0,0.0
20,7,0.06675974966828298,50.0,50.0,0.3
20,8,0.09346542497131179,50.0,50.0,0.3
20,9,0.09284584921336946,50.0,50.0,0.3
20,10,0.08006438639213492,50.0,50.0,0.3
20,11,0.0,15.0,0.0,0.0
20,12,0.0,15.0,0.0,0.0
20,13,0.0,10.0,0.0,0.0
20,14,0.05781574032842018,50.0,50.0,0.3
20,15,0.0,10.0,0.0,0.0
20,16,0.08734247104761764,50.0,50.0,0.3
20,17,0.0986146333215448,60.0,10.0,0.2
20,18,0.09047001669626543,60.0,10.0,0.2
20,19,0.7721391710742106,5.0,0.0,0.1
20,20,0.7770075389579004,5.0,0.0,0.1
20,21,0.09090881025243024,60.0,10.0,0.2
20,22,0.06254352566067467,60.0,10.0,0.2
20,23,0.766385848891877,5.0,0.0,0.1
20,24,0.7701458498849546,5.0,0.0,0.1
20,25,0.0,10.0,0.0,0.0
20,26,0.65332224167155,5.0,0.0,0.6
20,27,0.6672294355005919,5.0,0.0,0.6
20,28,0.678356384797595,5.0,0.0,0.6
20,29,0.6558555728493275,5.0,0.0,0.6
20,30,0.6559713468670166,5.0,0.0,0.6
20,31,0.6718639799719751,5.0,0.0,0.6
20,32,0.6611524243159295,5.0,0.0,0.6
20,33,0.6618178440587615,5.0,0.0,0.6
20,34,0.6676546848931528,5.0,0.0,0.6
20,35,0.6906084034722823,5.0,0.0,0.6
20,36,0.6588524007296784,5.0,0.0,0.6
20,37,0.6640846034540245,5.0,0.0,0.6
20,38,0.7791754311894559,5.0,0.0,0.1
20,39,0.7718492537265459,5.0,0.0,0.1
20,40,0.794513684140913,5.0,0.0,0.1
20,41,0.7987774645737216,5.0,0.0,0.1
20,42,0.7784522601452545,5.0,0.0,0.1
20,43,0.7658160099938133,5.0,0.0,0.1
20,44,0.7711715219427321,5.0,0.0,0.1
20,45,0.757875213305873,5.0,0.0,0.1
20,46,0.7675116321412646,5.0,0.0,0.1
20,47,0.7697206380133854,5.0,0.0,0.1
20,48,0.7621155412108755,5.0,0.0,0.1
20,49,0.7695081247711657,5.0,0.0,0.1
21,0,0.6973850978250086,5.0,0.0,0.6
21,1,0.6599641960255201,5.0,0.0,0.6
21,2,0.05412159423738009,50.0,50.0,0.3
21,3,0.08086574789503338,50.0,50.0,0.3
21,4,0.07388294668494473,50.0,50.0,0.3
21,5,0.0,15.0,0.0,0.0
21,6,0.08261372997259303,50.0,50.0,0.3
21,7,0.05096095192319439,50.0,50.0,0.3
21,8,0.05213009727129345,50.0,50.0,0.3
21,9,0.0711951574797945,50.0,50.0,0.3
21,10,0.0,15.0,0.0,0.0
21,11,0.05708730842860796,50.0,50.0,0.3
21,12,0.09241939985680934,50.0,50.0,0.3
21,13,0.0,10.0,0.0,0.0
21,14,0.0,10.0,0.0,0.0
21,15,0.09801826648876992,50.0,50.0,0.3
21,16,0.0823725506497865,60.0,10.0,0.2
21,17,0.05434309849486587,60.0,10.0,0.2
21,18,0.7638867609878853,5.0,0.0,0.1
21,19,0.7841974225153276,5.0,0.0,0.1
21,20,0.06447770491432397,60.0,10.0,0.2
21,21,0.050232159593562066,60.0,10.0,0.2
21,22,0.09762168316522771,60.0,10.0,0.2
21,23,0.0,10.0,0.0,0.0
21,24,0.0,10.0,0.0,0.0
21,25,0.6661681966746184,5.0,0.0,0.6
21,26,0.6580069083900482,5.0,0.0,0.6
21,27,0.6974459637850517,5.0,0.0,0.6
21,28,0.6727579581550573,5.0,0.0,0.6
21,29,0.6552248819644193,5.0,0.0,0.6
21,30,0.680808084171887,5.0,0.0,0.6
21,31,0.6596065062530586,5.0,0.0,0.6
21,32,0.6514317622936827,5.0,0.0,0.6
21,33,0.6969458973252852,5.0,0.0,0.6
21,34,0.6761093736291149,5.0,0.0,0.6
21,35,0.6939099498309981,5.0,0.0,0.6
21,36,0.6738197682877889,5.0,0.0,0.6
21,37,0.6916847160208789,5.0,0.0,0.6
21,38,0.7950935799268677,5.0,0.0,0.1
21,39,0.782840818395533,5.0,0.0,0.1
21,40,0.792034832345018,5.0,0.0,0.1
21,41,0.7581591446681838,5.0,0.0,0.1
21,42,0.7769077072139172,5.0,0.0,0.1
21,43,0.7994467565670382,5.0,0.0,0.1
21,44,0.7920966277881868,5.0,0.0,0.1
21,45,0.762168163418032,5.0,0.0,0.1
21,46,0.7754522980427588,5.0,0.0,0.1
21,47,0.7859724743885901,5.0,0.0,0.1
21,48,0.795884353273549,5.0,0.0,0.1
21,49,0.7633093752428031,5.0,0.0,0.1
22,0,0.6773847869811915,5.0,0.0,0.6
22,1,0.6624999534846393,5.0,0.0,0.6
22,2,0.05152043537148743,50.0,50.0,0.3
22,3,0.06893991918339669,50.0,50.0,0.3
22,4,0.07544162985437027,50.0,50.0,0.3
22,5,0.0,15.0,0.0,0.0
22,6,0.08497009432564256,50.0,50.0,0.3
22,7,0.07942815756350216,50.0,50.0,0.3
22,8,0.0,15.0,0.0,0.0
22,9,0.0,15.0,0.0,0.0
22,10,0.0,10.0,0.0,0.0
22,11,0.05204906424181134,50.0,50.0,0.3
22,12,0.0,10.0,0.0,0.0
22,13,0.07596654812474218,50.0,50.0,0.3
22,14,0.0,10.0,0.0,0.0
22,15,0.09683559641878932,50.0,50.0,0.3
22,16,0.06988004502280482,50.0,50.0,0.3
22,17,0.05077813220262881,50.0,50.0,0.3
22,18,0.07793821493841069,50.0,50.0,0.3
22,19,0.0954098993247512,60.0,10.0,0.2
22,20,0.07250278852091005,60.0,10.0,0.2
22,21,0.09553689564481418,60.0,10.0,0.2
22,22,0.09177839415731656,60.0,10.0,0.2
22,23,0.6759015391790933,5.0,0.0,0.6
22,24,0.6687211649943824,5.0,0.0,0.6
22,25,0.6641227029861886,5.0,0.0,0.6
22,26,0.6679470542941698,5.0,0.0,0.6
22,27,0.6934723279556319,5.0,0.0,0.6
22,28,0.6661324624498488,5.0,0.0,0.6
22,29,0.6798242420228721,5.0,0.0,0.6
22,30,0.674669235738124,5.0,0.0,0.6
22,31,0.6544893852891852,5.0,0.0,0.6
22,32,0.6635588994668585,5.0,0.0,0.6
22,33,0.7923838322932673,5.0,0.0,0.1
22,34,0.7827885302084462,5.0,0.0,0.1
22,35,0.7759402062282267,5.0,0.0,0.1
22,36,0.7867727277587238,5.0,0.0,0.1
22,37,0.7793863820580353,5.0,0.0,0.1
22,38,0.7987771008669512,5.0,0.0,0.1
22,39,0.7813367469891739,5.0,0.0,0.1
22,40,0.7688612516072759,5.0,0.0,0.1
22,41,0.751576874050107,5.0,0.0,0.1
22,42,0.7919181510323164,5.0,0.0,0.1
22,43,0.7920944180899305,5.0,0.0,0.1
22,44,0.7699427395575719,5.0,0.0,0.1
22,45,0.7818967625614062,5.0,0.0,0.1
22,46,0.7591422700872068,5.0,0.0,0.1
22,47,0.7822683702408019,5.0,0.0,0.1
22,48,0.7644497277329217,5.0,0.0,0.1
22,49,0.7868441320389361,5.0,0.0,0.1
23,0,0.6825347497269483,5.0,0.0,0.6
23,1,0.6530522588231465,5.0,0.0,0.6
23,2,0.08530315254902507,50.0,50.0,0.3
23,3,0.08818909151429052,50.0,50.0,0.3
23,4,0.07084240566819792,50.0,50.0,0.3
23,5,0.0,15.0,0.0,0.0
23,6,0.056102108794888556,50.0,50.0,0.3
23,7,0.0,15.0,0.0,0.0
23,8,0.08107881886484737,50.0,50.0,0.3
23,9,0.08913678028968022,50.0,50.0,0.3
23,10,0.05316428611535114,50.0,50.0,0.3
23,11,0.0,10.0,0.0,0.0
23,12,0.06480205512968225,50.0,50.0,0.3
23,13,0.07660983448992127,50.0,50.0,0.3
23,14,0.0,10.0,0.0,0.0
23,15,0.06799267622231667,50.0,50.0,0.3
23,16,0.06876199506808378,50.0,50.0,0.3
23,17,0.09185266415995348,50.0,50.0,0.3
23,18,0.09358784314423244,50.0,50.0,0.3
23,19,0.0837234275293623,60.0,10.0,0.2
23,20,0.05933601900085804,60.0,10.0,0.2
23,21,0.08551774552186289,60.0,10.0,0.2
23,22,0.08538586174711213,60.0,10.0,0.2
23,23,0.6750948817808514,5.0,0.0,0.6
23,24,0.6628596734709628,5.0,0.0,0.6
23,25,0.696195143037291,5.0,0.0,0.6
23,26,0.6894482096533103,5.0,0.0,0.6
23,27,0.695945779569474,5.0,0.0,0.6
23,28,0.6534797695503608,5.0,0.0,0.6
23,29,0.6892031082088212,5.0,0.0,0.6
23,30,0.6696257712573983,5.0,0.0,0.6
23,31,0.6631356088454691,5.0,0.0,0.6
23,32,0.6717596074856279,5.0,0.0,0.6
23,33,0.7567898028953459,5.0,0.0,0.1
23,34,0.7527831542596739,5.0,0.0,0.1
23,35,0.7610956199660577,5.0,0.0,0.1
23,36,0.7570458267882995,5.0,0.0,0.1
23,37,0.7633567593477945,5.0,0.0,0.1
23,38,0.7707357442458991,5.0,0.0,0.1
23,39,0.7691885901516448,5.0,0.0,0.1
23,40,0.7670951332978189,5.0,0.0,0.1
23,41,0.7814372118772698,5.0,0.0,0.1
23,42,0.7594285007722541,5.0,0.0,0.1
23,43,0.7754499417561869,5.0,0.0,0.1
23,44,0.7856016208380096,5.0,0.0,0.1
23,45,0.7712458712073356,5.0,0.0,0.1
23,46,0.7504054915700419,5.0,0.0,0.1
23,47,0.7894116621112821,5.0,0.0,0.1
23,48,0.7842604708636555,5.0,0.0,0.1
23,49,0.7749975022581125,5.0,0.0,0.1
24,0,0.6676259090009138,5.0,0.0,0.6
24,1,0.6721814068563735,5.0,0.0,0.6
24,2,0.6962821366600669,5.0,0.0,0.6
24,3,0.6923782039099595,5.0,0.0,0.6
24,4,0.6638233601820132,5.0,0.0,0.6
24,5,0.0,15.0,0.0,0.0
24,6,0.0,15.0,0.0,0.0
24,7,0.07921559366997087,50.0,50.0,0.3
24,8,0.07917987194505191,50.0,50.0,0.3
24,9,0.09489768169957012,50.0,50.0,0.3
24,10,0.0721534077440075,50.0,50.0,0.3
24,11,0.0,10.0,0.0,0.0
24,12,0.06923606154070755,50.0,50.0,0.3
24,13,0.09339797457561948,50.0,50.0,0.3
24,14,0.0,10.0,0.0,0.0
24,15,0.0860513785607783,50.0,50.0,0.3
24,16,0.08721708325203276,50.0,50.0,0.3
24,17,0.06374070407222059,50.0,50.0,0.3
24,18,0.09568082979307582,50.0,50.0,0.3
24,19,0.07808580059194146,60.0,10.0,0.2
24,20,0.07029238674886579,60.0,10.0,0.2
24,21,0.6751283624547757,5.0,0.0,0.6
24,22,0.6908265031370509,5.0,0.0,0.6
24,23,0.6671546474592099,5.0,0.0,0.6
24,24,0.6668330740205469,5.0,0.0,0.6
24,25,0.6851254002077292,5.0,0.0,0.6
24,26,0.6825344238938038,5.0,0.0,0.6
24,27,0.6798467020699974,5.0,0.0,0.6
24,28,0.6814699236199088,5.0,0.0,0.6
24,29,0.6952759317321388,5.0,0.0,0.6
24,30,0.6633144625582991,5.0,0.0,0.6
24,31,0.6821971261418417,5.0,0.0,0.6
24,32,0.752714703338771,5.0,0.0,0.1
24,33,0.7959790450090808,5.0,0.0,0.1
24,34,0.765660365150412,5.0,0.0,0.1
24,35,0.7507608339471912,5.0,0.0,0.1
24,36,0.7839444039794676,5.0,0.0,0.1
24,37,0.7988728055074302,5.0,0.0,0.1
24,38,0.7543333290199262,5.0,0.0,0.1
24,39,0.751801133893588,5.0,0.0,0.1
24,40,0.7742515584777704,5.0,0.0,0.1
24,41,0.7602500115380064,5.0,0.0,0.1
24,42,0.7793739272338334,5.0,0.0,0.1
24,43,0.7820368326535597,5.0,0.0,0.1
24,44,0.7546109267064541,5.0,0.0,0.1
24,45,0.7534842527201644,5.0,0.0,0.1
24,46,0.783065877354485,5.0,0.0,0.1
24,47,0.7815073833716002,5.0,0.0,0.1
24,48,0.7662969990340076,5.0,0.0,0.1
24,49,0.7607183203073111,5.0,0.0,0.1
25,0,0.66377636292749,5.0,0.0,0.6
25,1,0.689306311481764,5.0,0.0,0.6
25,2,0.6656287834448742,5.0,0.0,0.6
25,3,0.6898661409761018,5.0,0.0,0.6
25,4,0.0,15.0,0.0,0.0
25,5,0.0,15.0,0.0,0.0
25,6,0.05881501327396495,50.0,50.0,0.3
25,7,0.07926603809580222,50.0,50.0,0.3
25,8,0.07965126658088378,50.0,50.0,0.3
25,9,0.06261132736417217,50.0,50.0,0.3
25,10,0.0,10.0,0.0,0.0
25,11,0.05397153512799304,50.0,50.0,0.3
25,12,0.0,10.0,0.0,0.0
25,13,0.07666037117118746,50.0,50.0,0.3
25,14,0.06319218389510103,50.0,50.0,0.3
25,15,0.0,10.0,0.0,0.0
25,16,0.06792758499348356,50.0,50.0,0.3
25,17,0.0614369194065939,50.0,50.0,0.3
25,18,0.08456369809662947,50.0,50.0,0.3
25,19,0.05180617166141848,60.0,10.0,0.2
25,20,0.09334551889682588,60.0,10.0,0.2
25,21,0.6998701968544218,5.0,0.0,0.6
25,22,0.6788960335462526,5.0,0.0,0.6
25,23,0.6872043187226615,5.0,0.0,0.6
25,24,0.6649239627209043,5.0,0.0,0.6
25,25,0.6572502086538389,5.0,0.0,0.6
25,26,0.6515705330072014,5.0,0.0,0.6
25,27,0.6819129616565115,5.0,0.0,0.6
25,28,0.6736761461418547,5.0,0.0,0.6
25,29,0.6795330916255305,5.0,0.0,0.6
25,30,0.6991292112516486,5.0,0.0,0.6
25,31,0.6553364236484589,5.0,0.0,0.6
25,32,0.782341131769043,5.0,0.0,0.1
25,33,0.7529568456746119,5.0,0.0,0.1
25,34,0.7553996549008408,5.0,0.0,0.1
25,35,0.7770288565492338,5.0,0.0,0.1
25,36,0.758114346184988,5.0,0.0,0.1
25,37,0.7883693402418748,5.0,0.0,0.1
25,38,0.7742262718457588,5.0,0.0,0.1
25,39,0.7597604874255245,5.0,0.0,0.1
25,40,0.7867299422525786,5.0,0.0,0.1
25,41,0.7929015258341223,5.0,0.0,0.1
25,42,0.7579044549102096,5.0,0.0,0.1
25,43,0.7659390262475233,5.0,0.0,0.1
25,44,0.7508658656681098,5.0,0.0,0.1
25,45,0.781558466497535,5.0,0.0,0.1
25,46,0.7970154957037898,5.0,0.0,0.1
25,47,0.7953340143551147,5.0,0.0,0.1
25,48,0.7555193394236344,5.0,0.0,0.1
25,49,0.7720673858736449,5.0,0.0,0.1
26,0,0.6735266673467073,5.0,0.0,0.6
26,1,0.6553183344416845,5.0,0.0,0.6
26,2,0.6904930179939185,5.0,0.0,0.6
26,3,0.0,15.0,0.0,0.0
26,4,0.794647889495302,5.0,0.0,0.1
26,5,0.763981985047404,5.0,0.0,0.1
26,6,0.0,15.0,0.0,0.0
26,7,0.09563499381812407,50.0,50.0,0.3
26,8,0.06173012174749898,50.0,50.0,0.3
26,9,0.09370641918793278,50.0,50.0,0.3
26,10,0.0,10.0,0.0,0.0
26,11,0.05017544028560221,50.0,50.0,0.3
26,12,0.07884612733462319,50.0,50.0,0.3
26,13,0.0,10.0,0.0,0.0
26,14,0.08213237436285564,50.0,50.0,0.3
26,15,0.09207000773193073,50.0,50.0,0.3
26,16,0.0,10.0,0.0,0.0
26,17,0.0979963677615462,50.0,50.0,0.3
26,18,0.07376267382844759,50.0,50.0,0.3
26,19,0.07210743546850013,60.0,10.0,0.2
26,20,0.06219980887874371,60.0,10.0,0.2
26,21,0.6738822062372164,5.0,0.0,0.6
26,22,0.6529116043714356,5.0,0.0,0.6
26,23,0.6612763489582433,5.0,0.0,0.6
26,24,0.6632991818991752,5.0,0.0,0.6
26,25,0.6863959041572825,5.0,0.0,0.6
26,26,0.6954569199216382,5.0,0.0,0.6
26,27,0.6992586051308242,5.0,0.0,0.6
26,28,0.6519724142026792,5.0,0.0,0.6
26,29,0.6899466464192483,5.0,0.0,0.6
26,30,0.6782720131213411,5.0,0.0,0.6
26,31,0.7658887961278895,5.0,0.0,0.1
26,32,0.7696212732495377,5.0,0.0,0.1
26,33,0.7916205026897449,5.0,0.0,0.1
26,34,0.764730362775595,5.0,0.0,0.1
26,35,0.7586586104152461,5.0,0.0,0.1
26,36,0.7970078343880929,5.0,0.0,0.1
26,37,0.765368769082717,5.0,0.0,0.1
26,38,0.7644523512940751,5.0,0.0,0.1
26,39,0.7796193897919516,5.0,0.0,0.1
26,40,0.7937626777578773,5.0,0.0,0.1
26,41,0.779199699320748,5.0,0.0,0.1
26,42,0.7653051045260267,5.0,0.0,0.1
26,43,0.7896176726872522,5.0,0.0,0.1
26,44,0.7514404557082512,5.0,0.0,0.1
26,45,0.7520489002307924,5.0,0.0,0.1
26,46,0.7821620910453693,5.0,0.0,0.1
26,47,0.7669172851844153,5.0,0.0,0.1
26,48,0.7636476735834483,5.0,0.0,0.1
26,49,0.7589450491436186,5.0,0.0,0.1
27,0,0.6859895724989067,5.0,0.0,0.6
27,1,0.6786756152382607,5.0,0.0,0.6
27,2,0.0,15.0,0.0,0.0
27,3,0.7583263962567169,5.0,0.0,0.1
27,4,0.7532647233949529,5.0,0.0,0.1
27,5,0.7863433725130884,5.0,0.0,0.1
27,6,0.7817864325484202,5.0,0.0,0.1
27,7,0.0,15.0,0.0,0.0
27,8,0.07936896305898998,50.0,50.0,0.3
27,9,0.08744412917642558,50.0,50.0,0.3
27,10,0.0,10.0,0.0,0.0
27,11,0.05550482121095487,50.0,50.0,0.3
27,12,0.055419191615381426,50.0,50.0,0.3
27,13,0.06528809666182613,50.0,50.0,0.3
27,14,0.0,10.0,0.0,0.0
27,15,0.09624345227143447,50.0,50.0,0.3
27,16,0.05698960875373442,50.0,50.0,0.3
27,17,0.0,10.0,0.0,0.0
27,18,0.06467923084093768,50.0,50.0,0.3
27,19,0.0615191058431564,50.0,50.0,0.3
27,20,0.07307397873424717,50.0,50.0,0.3
27,21,0.6581549552733554,5.0,0.0,0.6
27,22,0.6714006538400471,5.0,0.0,0.6
27,23,0.661095858545367,5.0,0.0,0.6
27,24,0.663413033376013,5.0,0.0,0.6
27,25,0.6986924424530303,5.0,0.0,0.6
27,26,0.6695937611388256,5.0,0.0,0.6
27,27,0.7851182301900451,5.0,0.0,0.1
27,28,0.759779844636973,5.0,0.0,0.1
27,29,0.7748718718639115,5.0,0.0,0.1
27,30,0.7897269799163686,5.0,0.0,0.1
27,31,0.7541180291617173,5.0,0.0,0.1
27,32,0.7992346949433682,5.0,0.0,0.1
27,33,0.7734958088088731,5.0,0.0,0.1
27,34,0.7977756142561794,5.0,0.0,0.1
27,35,0.778005644737882,5.0,0.0,0.1
27,36,0.7777914696482215,5.0,0.0,0.1
27,37,0.7974413159957815,5.0,0.0,0.1
27,38,0.7745082441137414,5.0,0.0,0.1
27,39,0.7881714532124775,5.0,0.0,0.1
27,40,0.7933654041389062,5.0,0.0,0.1
27,41,0.7697134014784687,5.0,0.0,0.1
27,42,0.7605967239726785,5.0,0.0,0.1
27,43,0.7944204764183009,5.0,0.0,0.1
27,44,0.7952146195980115,5.0,0.0,0.1
27,45,0.7935052631750964,5.0,0.0,0.1
27,46,0.7732053108855275,5.0,0.0,0.1
27,47,0.7529765776180813,5.0,0.0,0.1
27,48,0.7542212229751601,5.0,0.0,0.1
27,49,0.7697716883928364,5.0,0.0,0.1
28,0,0.6589677133848554,5.0,0.0,0.6
28,1,0.0,15.0,0.0,0.0
28,2,0.7661487769824727,5.0,0.0,0.1
28,3,0.7620536572842731,5.0,0.0,0.1
28,4,0.7832704639622102,5.0,0.0,0.1
28,5,0.7532929273300532,5.0,0.0,0.1
28,6,0.7944206417057778,5.0,0.0,0.1
28,7,0.0,15.0,0.0,0.0
28,8,0.0995159155432946,50.0,50.0,0.3
28,9,0.09157076020641003,50.0,50.0,0.3
28,10,0.0,10.0,0.0,0.0
28,11,0.09215814723635236,50.0,50.0,0.3
28,12,0.0895037701020232,50.0,50.0,0.3
28,13,0.07439194793496262,50.0,50.0,0.3
28,14,0.0,10.0,0.0,0.0
28,15,0.0,10.0,0.0,0.0
28,16,0.07276083400360069,50.0,50.0,0.3
28,17,0.06873535149737275,50.0,50.0,0.3
28,18,0.0,10.0,0.0,0.0
28,19,0.07595893941101597,50.0,50.0,0.3
28,20,0.08267790628164576,50.0,50.0,0.3
28,21,0.6684537038333273,5.0,0.0,0.6
28,22,0.6620561806219316,5.0,0.0,0.6
28,23,0.6649311703365997,5.0,0.0,0.6
28,24,0.6537590581489217,5.0,0.0,0.6
28,25,0.6540385636616198,5.0,0.0,0.6
28,26,0.6612232999510493,5.0,0.0,0.6
28,27,0.7899753932750015,5.0,0.0,0.1
28,28,0.7732480726734957,5.0,0.0,0.1
28,29,0.7707464738329913,5.0,0.0,0.1
28,30,0.7827318124362629,5.0,0.0,0.1
28,31,0.7611564169995639,5.0,0.0,0.1
28,32,0.7736190319920879,5.0,0.0,0.1
28,33,0.7672574169810056,5.0,0.0,0.1
28,34,0.7660700644763707,5.0,0.0,0.1
28,35,0.7872260483550938,5.0,0.0,0.1
28,36,0.7866539434617764,5.0,0.0,0.1
28,37,0.7815416873260408,5.0,0.0,0.1
28,38,0.7546748299431796,5.0,0.0,0.1
28,39,0.7833110812530057,5.0,0.0,0.1
28,40,0.7543606515507869,5.0,0.0,0.1
28,41,0.7903680148747648,5.0,0.0,0.1
28,42,0.7515587041606162,5.0,0.0,0.1
28,43,0.7661929946775456,5.0,0.0,0.1
28,44,0.7615094863839965,5.0,0.0,0.1
28,45,0.7590538622752846,5.0,0.0,0.1
28,46,0.7509371059891651,5.0,0.0,0.1
28,47,0.7553081157258208,5.0,0.0,0.1
28,48,0.7887206048092026,5.0,0.0,0.1
28,49,0.7782453005082189,5.0,0.0,0.1
29,0,0.0,15.0,0.0,0.0
29,1,0.7700113376657143,5.0,0.0,0.1
29,2,0.7614007535927846,5.0,0.0,0.1
29,3,0.7964354190562777,5.0,0.0,0.1
29,4,0.7927178689327634,5.0,0.0,0.1
29,5,0.7956824657371049,5.0,0.0,0.1
29,6,0.7800746904203982,5.0,0.0,0.1
29,7,0.0,15.0,0.0,0.0
29,8,0.09693819280146959,50.0,50.0,0.3
29,9,0.06927147414802189,50.0,50.0,0.3
29,10,0.09332865881966709,50.0,50.0,0.3
29,11,0.05998732436811799,50.0,50.0,0.3
29,12,0.07897614869911279,50.0,50.0,0.3
29,13,0.0,10.0,0.0,0.0
29,14,0.09537815911211212,50.0,50.0,0.3
29,15,0.07783929653492899,50.0,50.0,0.3
29,16,0.0,10.0,0.0,0.0
29,17,0.07949647280491817,50.0,50.0,0.3
29,18,0.07775040632211036,50.0,50.0,0.3
29,19,0.0,10.0,0.0,0.0
29,20,0.08143695700016913,50.0,50.0,0.3
29,21,0.6999084700174911,5.0,0.0,0.6
29,22,0.6558431630208585,5.0,0.0,0.6
29,23,0.657988519763248,5.0,0.0,0.6
29,24,0.6682957219341786,5.0,0.0,0.6
29,25,0.6647022067050008,5.0,0.0,0.6
29,26,0.6827381010627902,5.0,0.0,0.6
29,27,0.7917460823606994,5.0,0.0,0.1
29,28,0.7552382836400168,5.0,0.0,0.1
29,29,0.7883420164416409,5.0,0.0,0.1
29,30,0.799228205304183,5.0,0.0,0.1
29,31,0.7867826526025958,5.0,0.0,0.1
29,32,0.7660455490804938,5.0,0.0,0.1
29,33,0.7802553735233981,5.0,0.0,0.1
29,34,0.7894185889682185,5.0,0.0,0.1
29,35,0.7755841921805656,5.0,0.0,0.1
29,36,0.7641108345415593,5.0,0.0,0.1
29,37,0.7845679552279093,5.0,0.0,0.1
29,38,0.7664356463651905,5.0,0.0,0.1
29,39,0.7832050675636688,5.0,0.0,0.1
29,40,0.7931259526024609,5.0,0.0,0.1
29,41,0.7735080501345941,5.0,0.0,0.1
29,42,0.7782772817180419,5.0,0.0,0.1
29,43,0.7582833308656192,5.0,0.0,0.1
29,44,0.7888605682942779,5.0,0.0,0.1
29,45,0.7860518706293952,5.0,0.0,0.1
29,46,0.7892400690748526,5.0,0.0,0.1
29,47,0.7858073897413788,5.0,0.0,0.1
29,48,0.7603647035829048,5.0,0.0,0.1
29,49,0.78905148598494,5.0,0.0,0.1
30,0,0.7900918558706217,5.0,0.0,0.1
30,1,0.7778881119182743,5.0,0.0,0.1
30,2,0.7510543393564083,5.0,0.0,0.1
30,3,0.7774873931554711,5.0,0.0,0.1
30,4,0.7655156627368127,5.0,0.0,0.1
30,5,0.7822941752189796,5.0,0.0,0.1
30,6,0.7663631632659429,5.0,0.0,0.1
30,7,0.0,15.0,0.0,0.0
30,8,0.07625467940201056,50.0,50.0,0.3
30,9,0.09802657543730156,50.0,50.0,0.3
30,10,0.06431414608599617,50.0,50.0,0.3
30,11,0.09672257369283256,50.0,50.0,0.3
30,12,0.0,10.0,0.0,0.0
30,13,0.05138230003912331,50.0,50.0,0.3
30,14,0.09037897252136656,50.0,50.0,0.3
30,15,0.08258546786222026,50.0,50.0,0.3
30,16,0.0,10.0,0.0,0.0
30,17,0.0,10.0,0.0,0.0
30,18,0.07033056758064292,50.0,50.0,0.3
30,19,0.07226688702078701,50.0,50.0,0.3
30,20,0.0,10.0,0.0,0.0
30,21,0.6981601386495482,5.0,0.0,0.6
30,22,0.6887028026279943,5.0,0.0,0.6
30,23,0.6736251211093021,5.0,0.0,0.6
30,24,0.6863667126124856,5.0,0.0,0.6
30,25,0.6522426060387683,5.0,0.0,0.6
30,26,0.6761212901513936,5.0,0.0,0.6
30,27,0.7639539671592372,5.0,0.0,0.1
30,28,0.7739941689126746,5.0,0.0,0.1
30,29,0.792821288843558,5.0,0.0,0.1
30,30,0.7934043814276535,5.0,0.0,0.1
30,31,0.7605388392993159,5.0,0.0,0.1
30,32,0.7914817167520267,5.0,0.0,0.1
30,33,0.7928451901436291,5.0,0.0,0.1
30,34,0.7635007702537747,5.0,0.0,0.1
30,35,0.7678631623213974,5.0,0.0,0.1
30,36,0.7607360356435803,5.0,0.0,0.1
30,37,0.7969586369502866,5.0,0.0,0.1
30,38,0.7709453284800466,5.0,0.0,0.1
30,39,0.7893390756697582,5.0,0.0,0.1
30,40,0.7690326133351502,5.0,0.0,0.1
30,41,0.7712645558012048,5.0,0.0,0.1
30,42,0.7731672839185519,5.0,0.0,0.1
30,43,0.7762927709854137,5.0,0.0,0.1
30,44,0.7676763174107241,5.0,0.0,0.1
30,45,0.7910948105541605,5.0,0.0,0.1
30,46,0.7903322566097322,5.0,0.0,0.1
30,47,0.7863142722396538,5.0,0.0,0.1
30,48,0.7524366958146136,5.0,0.0,0.1
30,49,0.7967936500441917,5.0,0.0,0.1
31,0,0.7921481869309794,5.0,0.0,0.1
31,1,0.7597022912162318,5.0,0.0,0.1
31,2,0.7792571458346395,5.0,0.0,0.1
31,3,0.7649167540671248,5.0,0.0,0.1
31,4,0.7876479553124489,5.0,0.0,0.1
31,5,0.7830440868360777,5.0,0.0,0.1
31,6,0.7810181275186779,5.0,0.0,0.1
31,7,0.0,15.0,0.0,0.0
31,8,0.0768052627412793,50.0,50.0,0.3
31,9,0.07375554136760415,50.0,50.0,0.3
31,10,0.06305765707578564,50.0,50.0,0.3
31,11,0.09995486017667113,50.0,50.0,0.3
31,12,0.06822419728106022,50.0,50.0,0.3
31,13,0.0,10.0,0.0,0.0
31,14,0.0538619842888896,50.0,50.0,0.3
31,15,0.0,10.0,0.0,0.0
31,16,0.06907435973057094,50.0,50.0,0.3
31,17,0.09919250375015322,50.0,50.0,0.3
31,18,0.0,10.0,0.0,0.0
31,19,0.08573283672008052,50.0,50.0,0.3
31,20,0.05253201933597523,50.0,50.0,0.3
31,21,0.0,10.0,0.0,0.0
31,22,0.658968521450364,5.0,0.0,0.6
31,23,0.6879577317836149,5.0,0.0,0.6
31,24,0.6909853583024373,5.0,0.0,0.6
31,25,0.672746955749526,5.0,0.0,0.6
31,26,0.6697692321080184,5.0,0.0,0.6
31,27,0.7872926126724792,5.0,0.0,0.1
31,28,0.7871773271657411,5.0,0.0,0.1
31,29,0.7846003040190442,5.0,0.0,0.1
31,30,0.7856046183144129,5.0,0.0,0.1
31,31,0.7721929212258032,5.0,0.0,0.1
31,32,0.7998351367642966,5.0,0.0,0.1
31,33,0.7550241246856707,5.0,0.0,0.1
31,34,0.7821872077366648,5.0,0.0,0.1
31,35,0.7563038567223868,5.0,0.0,0.1
31,36,0.7621761230768355,5.0,0.0,0.1
31,37,0.7819801159097567,5.0,0.0,0.1
31,38,0.7579642144044147,5.0,0.0,0.1
31,39,0.7694405187288453,5.0,0.0,0.1
31,40,0.7636153744454467,5.0,0.0,0.1
31,41,0.7679707482832488,5.0,0.0,0.1
31,42,0.7639063190204645,5.0,0.0,0.1
31,43,0.7658525522012918,5.0,0.0,0.1
31,44,0.7705718378900246,5.0,0.0,0.1
31,45,0.7877610504580058,5.0,0.0,0.1
31,46,0.7624268590648978,5.0,0.0,0.1
31,47,0.7838425418903594,5.0,0.0,0.1
31,48,0.760776931836636,5.0,0.0,0.1
31,49,0.7848947136310261,5.0,0.0,0.1
32,0,0.7570404310459299,5.0,0.0,0.1
32,1,0.7558352236319091,5.0,0.0,0.1
32,2,0.7626718312934534,5.0,0.0,0.1
32,3,0.7950724344074176,5.0,0.0,0.1
32,4,0.7730828353480237,5.0,0.0,0.1
32,5,0.778926760301975,5.0,0.0,0.1
32,6,0.7983923988393458,5.0,0.0,0.1
32,7,0.0,15.0,0.0,0.0
32,8,0.0708521440034811,50.0,50.0,0.3
32,9,0.07206344066612452,50.0,50.0,0.3
32,10,0.07923772239547167,50.0,50.0,0.3
32,11,0.0582055529396792,50.0,50.0,0.3
32,12,0.09324140448886833,50.0,50.0,0.3
32,13,0.09134118698743171,50.0,50.0,0.3
32,14,0.0,10.0,0.0,0.0
32,15,0.08448300305520297,50.0,50.0,0.3
32,16,0.07268768510519809,50.0,50.0,0.3
32,17,0.09386460221924885,50.0,50.0,0.3
32,18,0.09379801883468486,50.0,50.0,0.3
32,19,0.0,10.0,0.0,0.0
32,20,0.0,10.0,0.0,0.0
32,21,0.09817577895269315,50.0,50.0,0.3
32,22,0.0,10.0,0.0,0.0
32,23,0.6834483971215252,5.0,0.0,0.6
32,24,0.6800093838388837,5.0,0.0,0.6
32,25,0.6665178268703584,5.0,0.0,0.6
32,26,0.665601845677992,5.0,0.0,0.6
32,27,0.7639663421909891,5.0,0.0,0.1
32,28,0.7822775031957269,5.0,0.0,0.1
32,29,0.7551019204177162,5.0,0.0,0.1
32,30,0.7859642237065337,5.0,0.0,0.1
32,31,0.7713237776292177,5.0,0.0,0.1
32,32,0.7819552179431843,5.0,0.0,0.1
32,33,0.7565997157886571,5.0,0.0,0.1
32,34,0.7888004650601164,5.0,0.0,0.1
32,35,0.7701066845841769,5.0,0.0,0.1
32,36,0.7570852481203478,5.0,0.0,0.1
32,37,0.7746405297347254,5.0,0.0,0.1
32,38,0.7534851986525528,5.0,0.0,0.1
32,39,0.768802697268111,5.0,0.0,0.1
32,40,0.7572327863896248,5.0,0.0,0.1
32,41,0.7689843162887922,5.0,0.0,0.1
32,42,0.7801466674879826,5.0,0.0,0.1
32,43,0.7500299221318455,5.0,0.0,0.1
32,44,0.7763483402840233,5.0,0.0,0.1
32,45,0.7826385436386082,5.0,0.0,0.1
32,46,0.7880132494097468,5.0,0.0,0.1
32,47,0.7698763560300024,5.0,0.0,0.1
32,48,0.7737097167141191,5.0,0.0,0.1
32,49,0.7827680326164015,5.0,0.0,0.1
33,0,0.7519952706202965,5.0,0.0,0.1
33,1,0.7892357741253442,5.0,0.0,0.1
33,2,0.7588711545870925,5.0,0.0,0.1
33,3,0.7627642787293702,5.0,0.0,0.1
33,4,0.7541456780177572,5.0,0.0,0.1
33,5,0.7754159805726869,5.0,0.0,0.1
33,6,0.7900273000965542,5.0,0.0,0.1
33,7,0.0,15.0,0.0,0.0
33,8,0.09117647082111392,50.0,50.0,0.3
33,9,0.05982502612018941,50.0,50.0,0.3
33,10,0.08921431408918196,50.0,50.0,0.3
33,11,0.07840475664769715,50.0,50.0,0.3
33,12,0.08975506419631663,50.0,50.0,0.3
33,13,0.09119230849124509,50.0,50.0,0.3
33,14,0.07502632091990258,50.0,50.0,0.3
33,15,0.0,10.0,0.0,0.0
33,16,0.06434146991684597,50.0,50.0,0.3
33,17,0.09893918110093297,50.0,50.0,0.3
33,18,0.08182486328711341,50.0,50.0,0.3
33,19,0.0,10.0,0.0,0.0
33,20,0.0,10.0,0.0,0.0
33,21,0.08735890621587608,50.0,50.0,0.3
33,22,0.09907284702444348,50.0,50.0,0.3
33,23,0.0,10.0,0.0,0.0
33,24,0.6685677697130222,5.0,0.0,0.6
33,25,0.6546734330983298,5.0,0.0,0.6
33,26,0.6669471703049059,5.0,0.0,0.6
33,27,0.7756151083424049,5.0,0.0,0.1
33,28,0.7845468843829116,5.0,0.0,0.1
33,29,0.7804186947437887,5.0,0.0,0.1
33,30,0.7948091064954347,5.0,0.0,0.1
33,31,0.7862923603623267,5.0,0.0,0.1
33,32,0.7541033851255718,5.0,0.0,0.1
33,33,0.7524806710438086,5.0,0.0,0.1
33,34,0.7764021983794406,5.0,0.0,0.1
33,35,0.7738647563847831,5.0,0.0,0.1
33,36,0.7934824173468592,5.0,0.0,0.1
33,37,0.7630241357817787,5.0,0.0,0.1
33,38,0.778284939862546,5.0,0.0,0.1
33,39,0.7613223162597307,5.0,0.0,0.1
33,40,0.792796275980256,5.0,0.0,0.1
33,41,0.7906793239022323,5.0,0.0,0.1
33,42,0.7647659407488926,5.0,0.0,0.1
33,43,0.7888796186207304,5.0,0.0,0.1
33,44,0.7667381423900296,5.0,0.0,0.1
33,45,0.790130110014178,5.0,0.0,0.1
33,46,0.788826153981311,5.0,0.0,0.1
33,47,0.7694999059946069,5.0,0.0,0.1
33,48,0.7844415481182841,5.0,0.0,0.1
33,49,0.7671701121243575,5.0,0.0,0.1
34,0,0.7983050958593756,5.0,0.0,0.1
34,1,0.7688168292356706,5.0,0.0,0.1
34,2,0.7639395308228863,5.0,0.0,0.1
34,3,0.7790051578157559,5.0,0.0,0.1
34,4,0.7694095661220993,5.0,0.0,0.1
34,5,0.7997184585087079,5.0,0.0,0.1
34,6,0.7858736078501845,5.0,0.0,0.1
34,7,0.0,15.0,0.0,0.0
34,8,0.0626842587302084,50.0,50.0,0.3
34,9,0.05990929289554709,50.0,50.0,0.3
34,10,0.0554521773715593,50.0,50.0,0.3
34,11,0.09453497095701005,50.0,50.0,0.3
34,12,0.05936769490783231,50.0,50.0,0.3
34,13,0.052086828652865826,50.0,50.0,0.3
34,14,0.05624039247971191,50.0,50.0,0.3
34,15,0.06757051773804831,50.0,50.0,0.3
34,16,0.0,10.0,0.0,0.0
34,17,0.060676832032548526,50.0,50.0,0.3
34,18,0.0,10.0,0.0,0.0
34,19,0.09259507572936557,50.0,50.0,0.3
34,20,0.05126450201043459,50.0,50.0,0.3
34,21,0.0,10.0,0.0,0.0
34,22,0.09566558973977027,50.0,50.0,0.3
34,23,0.09311943193872146,50.0,50.0,0.3
34,24,0.0,10.0,0.0,0.0
34,25,0.6998477321952572,5.0,0.0,0.6
34,26,0.6705218883416453,5.0,0.0,0.6
34,27,0.7665365353169853,5.0,0.0,0.1
34,28,0.7871584949351027,5.0,0.0,0.1
34,29,0.7912542036429585,5.0,0.0,0.1
34,30,0.7817770788111466,5.0,0.0,0.1
34,31,0.7586851020659049,5.0,0.0,0.1
34,32,0.7709275506565919,5.0,0.0,0.1
34,33,0.7829935374423505,5.0,0.0,0.1
34,34,0.7786605613984426,5.0,0.0,0.1
34,35,0.752626085300894,5.0,0.0,0.1
34,36,0.7964308000747288,5.0,0.0,0.1
34,37,0.7954688989534401,5.0,0.0,0.1
34,38,0.7765318561904607,5.0,0.0,0.1
34,39,0.7933997642802952,5.0,0.0,0.1
34,40,0.7534428941561653,5.0,0.0,0.1
34,41,0.7882149346941797,5.0,0.0,0.1
34,42,0.7872925061150202,5.0,0.0,0.1
34,43,0.7626903691353352,5.0,0.0,0.1
34,44,0.7694757925480344,5.0,0.0,0.1
34,45,0.7559808726667392,5.0,0.0,0.1
34,46,0.7851555196744973,5.0,0.0,0.1
34,47,0.769509127204639,5.0,0.0,0.1
34,48,0.7975602005176,5.0,0.0,0.1
34,49,0.7759354988648721,5.0,0.0,0.1
35,0,0.7603975315815688,5.0,0.0,0.1
35,1,0.7740984621063574,5.0,0.0,0.1
35,2,0.7958918571214469,5.0,0.0,0.1
35,3,0.75733309961631,5.0,0.0,0.1
35,4,0.7959659414383506,5.0,0.0,0.1
35,5,0.7825877923744101,5.0,0.0,0.1
35,6,0.7592112623724867,5.0,0.0,0.1
35,7,0.0,15.0,0.0,0.0
35,8,0.08546576639564077,50.0,50.0,0.3
35,9,0.05325525447229187,50.0,50.0,0.3
35,10,0.06336720620137629,50.0,50.0,0.3
35,11,0.0641262679566181,50.0,50.0,0.3
35,12,0.7650900128851791,5.0,0.0,0.1
35,13,0.7562087202114022,5.0,0.0,0.1
35,14,0.09258919119779002,50.0,50.0,0.3
35,15,0.07543715121821203,50.0,50.0,0.3
35,16,0.08499120162999643,50.0,50.0,0.3
35,17,0.0,10.0,0.0,0.0
35,18,0.0670381328770446,50.0,50.0,0.3
35,19,0.0770663093160928,50.0,50.0,0.3
35,20,0.06264283570814526,50.0,50.0,0.3
35,21,0.08684979849147698,50.0,50.0,0.3
35,22,0.0,10.0,0.0,0.0
35,23,0.0,10.0,0.0,0.0
35,24,0.06127111474066681,50.0,50.0,0.3
35,25,0.6961467330855773,5.0,0.0,0.6
35,26,0.689695796219792,5.0,0.0,0.6
35,27,0.7668542719547589,5.0,0.0,0.1
35,28,0.7740470532273087,5.0,0.0,0.1
35,29,0.7560205759682164,5.0,0.0,0.1
35,30,0.7781625138181765,5.0,0.0,0.1
35,31,0.7590868766553138,5.0,0.0,0.1
35,32,0.7685836874614482,5.0,0.0,0.1
35,33,0.7667419930490864,5.0,0.0,0.1
35,34,0.7999979221830299,5.0,0.0,0.1
35,35,0.7872195411929559,5.0,0.0,0.1
35,36,0.7642469354354384,5.0,0.0,0.1
35,37,0.7972996019912985,5.0,0.0,0.1
35,38,0.7512811845423453,5.0,0.0,0.1
35,39,0.7761216723763906,5.0,0.0,0.1
35,40,0.7703497420878914,5.0,0.0,0.1
35,41,0.7999109008363987,5.0,0.0,0.1
35,42,0.7770703684308629,5.0,0.0,0.1
35,43,0.7529427855113873,5.0,0.0,0.1
35,44,0.7943270472667721,5.0,0.0,0.1
35,45,0.7537226279897596,5.0,0.0,0.1
35,46,0.7881930692289902,5.0,0.0,0.1
35,47,0.7994831863657822,5.0,0.0,0.1
35,48,0.7872328491417662,5.0,0.0,0.1
35,49,0.768950074064303,5.0,0.0,0.1
36,0,0.7545012005614496,5.0,0.0,0.1
36,1,0.7712406608025258,5.0,0.0,0.1
36,2,0.7676357221608139,5.0,0.0,0.1
36,3,0.7593470605004204,5.0,0.0,0.1
36,4,0.7824823972167434,5.0,0.0,0.1
36,5,0.7754085914220349,5.0,0.0,0.1
36,6,0.7943938744799954,5.0,0.0,0.1
36,7,0.7725480330166696,5.0,0.0,0.1
36,8,0.0,15.0,0.0,0.0
36,9,0.08574777994809614,50.0,50.0,0.3
36,10,0.059763060659040655,50.0,50.0,0.3
36,11,0.06347630398958684,50.0,50.0,0.3
36,12,0.06950538261216048,50.0,50.0,0.3
36,13,0.07914204225639448,50.0,50.0,0.3
36,14,0.756986031244142,5.0,0.0,0.1
36,15,0.09158655135912887,50.0,50.0,0.3
36,16,0.05649958981401328,50.0,50.0,0.3
36,17,0.06340359294211462,50.0,50.0,0.3
36,18,0.0,10.0,0.0,0.0
36,19,0.07033051970139863,50.0,50.0,0.3
36,20,0.08367461668818729,50.0,50.0,0.3
36,21,0.07713521161954899,50.0,50.0,0.3
36,22,0.0,10.0,0.0,0.0
36,23,0.08196158685197075,50.0,50.0,0.3
36,24,0.08480610256074447,50.0,50.0,0.3
36,25,0.6929120216087093,5.0,0.0,0.6
36,26,0.6519739452359012,5.0,0.0,0.6
36,27,0.6879381410042349,5.0,0.0,0.6
36,28,0.6527201287883285,5.0,0.0,0.6
36,29,0.7907879721805332,5.0,0.0,0.1
36,30,0.7708221954378863,5.0,0.0,0.1
36,31,0.7803326349647078,5.0,0.0,0.1
36,32,0.7742415041478388,5.0,0.0,0.1
36,33,0.7790692378476707,5.0,0.0,0.1
36,34,0.7625659292532945,5.0,0.0,0.1
36,35,0.7858546886037255,5.0,0.0,0.1
36,36,0.7599860484148061,5.0,0.0,0.1
36,37,0.7533652599691276,5.0,0.0,0.1
36,38,0.7995925190455595,5.0,0.0,0.1
36,39,0.7588611931949553,5.0,0.0,0.1
36,40,0.7637872244899904,5.0,0.0,0.1
36,41,0.7545470651967686,5.0,0.0,0.1
36,42,0.7970285040495171,5.0,0.0,0.1
36,43,0.7652433665885089,5.0,0.0,0.1
36,44,0.7948895775783817,5.0,0.0,0.1
36,45,0.7922931103698301,5.0,0.0,0.1
36,46,0.7579640771174512,5.0,0.0,0.1
36,47,0.7539084378636287,5.0,0.0,0.1
36,48,0.771450105032038,5.0,0.0,0.1
36,49,0.7837643673738839,5.0,0.0,0.1
37,0,0.7547630628013107,5.0,0.0,0.1
37,1,0.7553267022358304,5.0,0.0,0.1
37,2,0.7761103162387659,5.0,0.0,0.1
37,3,0.7725440949573392,5.0,0.0,0.1
37,4,0.7807083154658783,5.0,0.0,0.1
37,5,0.7525711033282921,5.0,0.0,0.1
37,6,0.7948101708255327,5.0,0.0,0.1
37,7,0.7898185337496095,5.0,0.0,0.1
37,8,0.7959807859607266,5.0,0.0,0.1
37,9,0.0,15.0,0.0,0.0
37,10,0.07390434952496497,50.0,50.0,0.3
37,11,0.05231790142280041,50.0,50.0,0.3
37,12,0.09855313936998145,50.0,50.0,0.3
37,13,0.054167892500947584,50.0,50.0,0.3
37,14,0.7744578569593655,5.0,0.0,0.1
37,15,0.7814622017993824,5.0,0.0,0.1
37,16,0.7545709220083477,5.0,0.0,0.1
37,17,0.0778796692871348,50.0,50.0,0.3
37,18,0.09954841971831191,50.0,50.0,0.3
37,19,0.0,10.0,0.0,0.0
37,20,0.08572063686587242,50.0,50.0,0.3
37,21,0.0,10.0,0.0,0.0
37,22,0.087116005850922,50.0,50.0,0.3
37,23,0.0799937052459393,50.0,50.0,0.3
37,24,0.0,10.0,0.0,0.0
37,25,0.08994582077856261,50.0,50.0,0.3
37,26,0.052876666912788514,50.0,50.0,0.3
37,27,0.696222100383379,5.0,0.0,0.6
37,28,0.6511309370519285,5.0,0.0,0.6
37,29,0.7598328765437814,5.0,0.0,0.1
37,30,0.7838850232203003,5.0,0.0,0.1
37,31,0.7636888108523148,5.0,0.0,0.1
37,32,0.7994309813927656,5.0,0.0,0.1
37,33,0.7581693836597653,5.0,0.0,0.1
37,34,0.7887655125002488,5.0,0.0,0.1
37,35,0.7656109127843546,5.0,0.0,0.1
37,36,0.7741055497283806,5.0,0.0,0.1
37,37,0.7833576701103119,5.0,0.0,0.1
37,38,0.7960751657457206,5.0,0.0,0.1
37,39,0.7718585864339094,5.0,0.0,0.1
37,40,0.772108124531128,5.0,0.0,0.1
37,41,0.7633210147933598,5.0,0.0,0.1
37,42,0.7922984863584848,5.0,0.0,0.1
37,43,0.7559646048195904,5.0,0.0,0.1
37,44,0.7837335032362247,5.0,0.0,0.1
37,45,0.7580031557213555,5.0,0.0,0.1
37,46,0.76689688967932,5.0,0.0,0.1
37,47,0.7762914682940072,5.0,0.0,0.1
37,48,0.7751458072829648,5.0,0.0,0.1
37,49,0.7710981600396276,5.0,0.0,0.1
38,0,0.7502237801104934,5.0,0.0,0.1
38,1,0.7907587699622591,5.0,0.0,0.1
38,2,0.7763559340957088,5.0,0.0,0.1
38,3,0.795256862393026,5.0,0.0,0.1
38,4,0.7795989643795478,5.0,0.0,0.1
38,5,0.783240298995694,5.0,0.0,0.1
38,6,0.7961823650883795,5.0,0.0,0.1
38,7,0.7856821000504156,5.0,0.0,0.1
38,8,0.7947326786073491,5.0,0.0,0.1
38,9,0.76406031216082,5.0,0.0,0.1
38,10,0.0,15.0,0.0,0.0
38,11,0.0841067803901197,50.0,50.0,0.3
38,12,0.09846696157784493,50.0,50.0,0.3
38,13,0.07914615426083785,50.0,50.0,0.3
38,14,0.06005221073626173,50.0,50.0,0.3
38,15,0.05705722703713285,50.0,50.0,0.3
38,16,0.7541920293954582,5.0,0.0,0.1
38,17,0.07822366297443607,50.0,50.0,0.3
38,18,0.09918656110447466,50.0,50.0,0.3
38,19,0.07061743724319322,50.0,50.0,0.3
38,20,0.0,10.0,0.0,0.0
38,21,0.078016286221913,50.0,50.0,0.3
38,22,0.0,10.0,0.0,0.0
38,23,0.09576829111813215,50.0,50.0,0.3
38,24,0.09987846638726428,50.0,50.0,0.3
38,25,0.0,10.0,0.0,0.0
38,26,0.0813908279073105,50.0,50.0,0.3
38,27,0.07079996733663356,50.0,50.0,0.3
38,28,0.6713053523650772,5.0,0.0,0.6
38,29,0.6599847315984889,5.0,0.0,0.6
38,30,0.7884660044592076,5.0,0.0,0.1
38,31,0.7889766911306537,5.0,0.0,0.1
38,32,0.7586733081110443,5.0,0.0,0.1
38,33,0.7689892584232865,5.0,0.0,0.1
38,34,0.7890012285811502,5.0,0.0,0.1
38,35,0.7675203637203286,5.0,0.0,0.1
38,36,0.7882249849167994,5.0,0.0,0.1
38,37,0.7964512272891242,5.0,0.0,0.1
38,38,0.7827871648241349,5.0,0.0,0.1
38,39,0.762102823780261,5.0,0.0,0.1
38,40,0.7626639048239962,5.0,0.0,0.1
38,41,0.7517693845376193,5.0,0.0,0.1
38,42,0.788675958830966,5.0,0.0,0.1
38,43,0.7553030451127896,5.0,0.0,0.1
38,44,0.7718319247411212,5.0,0.0,0.1
38,45,0.7862392607124429,5.0,0.0,0.1
38,46,0.7727803004433289,5.0,0.0,0.1
38,47,0.7808183931189175,5.0,0.0,0.1
38,48,0.7912341760721295,5.0,0.0,0.1
38,49,0.754189965032118,5.0,0.0,0.1
39,0,0.7952712876066955,5.0,0.0,0.1
39,1,0.7523234668946184,5.0,0.0,0.1
39,2,0.7760293772931686,5.0,0.0,0.1
39,3,0.7564038597961447,5.0,0.0,0.1
39,4,0.7944782600801371,5.0,0.0,0.1
39,5,0.7686168110601612,5.0,0.0,0.1
39,6,0.7679307592163435,5.0,0.0,0.1
39,7,0.7570738726762689,5.0,0.0,0.1
39,8,0.7641789455232922,5.0,0.0,0.1
39,9,0.7565450923408884,5.0,0.0,0.1
39,10,0.7941947018938194,5.0,0.0,0.1
39,11,0.0,15.0,0.0,0.0
39,12,0.06531713703579167,50.0,50.0,0.3
39,13,0.08657330115825401,50.0,50.0,0.3
39,14,0.07408904222501365,50.0,50.0,0.3
39,15,0.09743968970320199,50.0,50.0,0.3
39,16,0.06473067533473666,50.0,50.0,0.3
39,17,0.07644297809807063,50.0,50.0,0.3
39,18,0.09335100408121724,50.0,50.0,0.3
39,19,0.0,10.0,0.0,0.0
39,20,0.0,10.0,0.0,0.0
39,21,0.06556463474880943,50.0,50.0,0.3
39,22,0.0952708544779324,50.0,50.0,0.3
39,23,0.0,10.0,0.0,0.0
39,24,0.08678706661588619,50.0,50.0,0.3
39,25,0.07459491771777461,50.0,50.0,0.3
39,26,0.0,10.0,0.0,0.0
39,27,0.08750739393864163,50.0,50.0,0.3
39,28,0.06216007457494492,50.0,50.0,0.3
39,29,0.6602322520810113,5.0,0.0,0.6
39,30,0.7870221533053909,5.0,0.0,0.1
39,31,0.7907825664455782,5.0,0.0,0.1
39,32,0.7745503539033364,5.0,0.0,0.1
39,33,0.7808991820504066,5.0,0.0,0.1
39,34,0.7848683823480451,5.0,0.0,0.1
39,35,0.7679097661763167,5.0,0.0,0.1
39,36,0.7609016760996451,5.0,0.0,0.1
39,37,0.7754471664480406,5.0,0.0,0.1
39,38,0.7640519511899103,5.0,0.0,0.1
39,39,0.774377334649477,5.0,0.0,0.1
39,40,0.7532440131486497,5.0,0.0,0.1
39,41,0.7735628617016184,5.0,0.0,0.1
39,42,0.7670572968837369,5.0,0.0,0.1
39,43,0.7840122986131114,5.0,0.0,0.1
39,44,0.7653153629791843,5.0,0.0,0.1
39,45,0.7627085171236324,5.0,0.0,0.1
39,46,0.796063811783958,5.0,0.0,0.1
39,47,0.7810349231393365,5.0,0.0,0.1
39,48,0.780403709183445,5.0,0.0,0.1
39,49,0.7917913113119058,5.0,0.0,0.1
40,0,0.7634768886780477,5.0,0.0,0.1
40,1,0.7668589712206912,5.0,0.0,0.1
40,2,0.7901259764236477,5.0,0.0,0.1
40,3,0.7812490184893108,5.0,0.0,0.1
40,4,0.7603312991845785,5.0,0.0,0.1
40,5,0.7893117811425325,5.0,0.0,0.1
40,6,0.7890361815227849,5.0,0.0,0.1
40,7,0.7673176614341852,5.0,0.0,0.1
40,8,0.7831805108465134,5.0,0.0,0.1
40,9,0.7783271227533851,5.0,0.0,0.1
40,10,0.7682834208948808,5.0,0.0,0.1
40,11,0.7946891192491952,5.0,0.0,0.1
40,12,0.0,15.0,0.0,0.0
40,13,0.07510558057607308,50.0,50.0,0.3
40,14,0.07911694222395868,50.0,50.0,0.3
40,15,0.06014159538538567,50.0,50.0,0.3
40,16,0.062412662296498105,50.0,50.0,0.3
40,17,0.05666645095342414,50.0,50.0,0.3
40,18,0.0,10.0,0.0,0.0
40,19,0.08639395002793887,50.0,50.0,0.3
40,20,0.09312684141216776,50.0,50.0,0.3
40,21,0.0,10.0,0.0,0.0
40,22,0.08243888519622675,50.0,50.0,0.3
40,23,0.06728602681081405,50.0,50.0,0.3
40,24,0.0,10.0,0.0,0.0
40,25,0.0,10.0,0.0,0.0
40,26,0.06515539635682505,50.0,50.0,0.3
40,27,0.0,10.0,0.0,0.0
40,28,0.09419924747238347,50.0,50.0,0.3
40,29,0.07752306847190085,50.0,50.0,0.3
40,30,0.6694194456508229,5.0,0.0,0.6
40,31,0.7941387262696769,5.0,0.0,0.1
40,32,0.7662274797884453,5.0,0.0,0.1
40,33,0.7558806281780972,5.0,0.0,0.1
40,34,0.7738224132408028,5.0,0.0,0.1
40,35,0.7970296498091378,5.0,0.0,0.1
40,36,0.7580680835824571,5.0,0.0,0.1
40,37,0.7811479740041871,5.0,0.0,0.1
40,38,0.7524950182934317,5.0,0.0,0.1
40,39,0.7847560308122972,5.0,0.0,0.1
40,40,0.7909680585834133,5.0,0.0,0.1
40,41,0.7655921652711061,5.0,0.0,0.1
40,42,0.7740584293534689,5.0,0.0,0.1
40,43,0.7871664623568071,5.0,0.0,0.1
40,44,0.7941530248188791,5.0,0.0,0.1
40,45,0.7808141259812313,5.0,0.0,0.1
40,46,0.7818445237755183,5.0,0.0,0.1
40,47,0.774258265123261,5.0,0.0,0.1
40,48,0.7609601690359648,5.0,0.0,0.1
40,49,0.792209601373922,5.0,0.0,0.1
41,0,0.7768644261559375,5.0,0.0,0.1
41,1,0.7960819371395907,5.0,0.0,0.1
41,2,0.7790726474509402,5.0,0.0,0.1
41,3,0.7783812002484718,5.0,0.0,0.1
41,4,0.7712575368313698,5.0,0.0,0.1
41,5,0.7625396334740951,5.0,0.0,0.1
41,6,0.7683300718520235,5.0,0.0,0.1
41,7,0.7956846305795365,5.0,0.0,0.1
41,8,0.7975402525831725,5.0,0.0,0.1
41,9,0.771709077187514,5.0,0.0,0.1
41,10,0.7716228998793421,5.0,0.0,0.1
41,11,0.782856517076732,5.0,0.0,0.1
41,12,0.7962727492238013,5.0,0.0,0.1
41,13,0.0,15.0,0.0,0.0
41,14,0.06069095339035599,50.0,50.0,0.3
41,15,0.05119093886021352,50.0,50.0,0.3
41,16,0.08253062699220015,50.0,50.0,0.3
41,17,0.0,10.0,0.0,0.0
41,18,0.06968800974788494,50.0,50.0,0.3
41,19,0.08422815018993601,50.0,50.0,0.3
41,20,0.7788860293743937,5.0,0.0,0.1
41,21,0.7624130785531958,5.0,0.0,0.1
41,22,0.0,10.0,0.0,0.0
41,23,0.09403488955590426,50.0,50.0,0.3
41,24,0.0,10.0,0.0,0.0
41,25,0.0,10.0,0.0,0.0
41,26,0.07510439967838134,50.0,50.0,0.3
41,27,0.07550233848012866,50.0,50.0,0.3
41,28,0.0,10.0,0.0,0.0
41,29,0.056740564464105164,50.0,50.0,0.3
41,30,0.6810170305720104,5.0,0.0,0.6
41,31,0.7997815160781584,5.0,0.0,0.1
41,32,0.779653639628686,5.0,0.0,0.1
41,33,0.785499848287903,5.0,0.0,0.1
41,34,0.7945038766171241,5.0,0.0,0.1
41,35,0.7890246127651668,5.0,0.0,0.1
41,36,0.7802318896985547,5.0,0.0,0.1
41,37,0.7551457713674545,5.0,0.0,0.1
41,38,0.7524326059069161,5.0,0.0,0.1
41,39,0.7775148114711861,5.0,0.0,0.1
41,40,0.7533781386987377,5.0,0.0,0.1
41,41,0.7614559393311077,5.0,0.0,0.1
41,42,0.7936286455418708,5.0,0.0,0.1
41,43,0.7959006701437957,5.0,0.0,0.1
41,44,0.7892629521610272,5.0,0.0,0.1
41,45,0.7635643716455822,5.0,0.0,0.1
41,46,0.7996003221585358,5.0,0.0,0.1
41,47,0.7955960100936804,5.0,0.0,0.1
41,48,0.7674362936087838,5.0,0.0,0.1
41,49,0.7624638614439139,5.0,0.0,0.1
42,0,0.776294689635171,5.0,0.0,0.1
42,1,0.7984494354474654,5.0,0.0,0.1
42,2,0.7836550945963227,5.0,0.0,0.1
42,3,0.7591815835122511,5.0,0.0,0.1
42,4,0.7644918651360018,5.0,0.0,0.1
42,5,0.7618946507129682,5.0,0.0,0.1
42,6,0.7971019156241166,5.0,0.0,0.1
42,7,0.7722966401030509,5.0,0.0,0.1
42,8,0.7669771619174058,5.0,0.0,0.1
42,9,0.7517790740273084,5.0,0.0,0.1
42,10,0.7551804095966624,5.0,0.0,0.1
42,11,0.78690770084744,5.0,0.0,0.1
42,12,0.75187736683125,5.0,0.0,0.1
42,13,0.7695549901895824,5.0,0.0,0.1
42,14,0.0,15.0,0.0,0.0
42,15,0.0,15.0,0.0,0.0
42,16,0.0,10.0,0.0,0.0
42,17,0.05029840071832603,50.0,50.0,0.3
42,18,0.0890350798065411,50.0,50.0,0.3
42,19,0.055511975884155344,50.0,50.0,0.3
42,20,0.09907970412586926,50.0,50.0,0.3
42,21,0.7869276277476536,5.0,0.0,0.1
42,22,0.08863031343866593,50.0,50.0,0.3
42,23,0.0,10.0,0.0,0.0
42,24,0.0776618542950115,50.0,50.0,0.3
42,25,0.08102599544225379,50.0,50.0,0.3
42,26,0.0,10.0,0.0,0.0
42,27,0.07504582127639478,50.0,50.0,0.3
42,28,0.0696265968614816,50.0,50.0,0.3
42,29,0.0,10.0,0.0,0.0
42,30,0.6785308873640568,5.0,0.0,0.6
42,31,0.7671813295453451,5.0,0.0,0.1
42,32,0.7562433852499797,5.0,0.0,0.1
42,33,0.7721328145129857,5.0,0.0,0.1
42,34,0.7881632388846538,5.0,0.0,0.1
42,35,0.7865430493421731,5.0,0.0,0.1
42,36,0.7747174215102642,5.0,0.0,0.1
42,37,0.7920672571672833,5.0,0.0,0.1
42,38,0.7975271135713429,5.0,0.0,0.1
42,39,0.7624773983375942,5.0,0.0,0.1
42,40,0.7574596522468616,5.0,0.0,0.1
42,41,0.7848223391537594,5.0,0.0,0.1
42,42,0.7611523027195055,5.0,0.0,0.1
42,43,0.7589254438529641,5.0,0.0,0.1
42,44,0.7950572821064135,5.0,0.0,0.1
42,45,0.7729031844453704,5.0,0.0,0.1
42,46,0.7869580892396585,5.0,0.0,0.1
42,47,0.7564951052528873,5.0,0.0,0.1
42,48,0.7561584011582727,5.0,0.0,0.1
42,49,0.7652975585118635,5.0,0.0,0.1
43,0,0.7552833364638528,5.0,0.0,0.1
43,1,0.7643597536810843,5.0,0.0,0.1
43,2,0.7774872166015049,5.0,0.0,0.1
43,3,0.7958036837288104,5.0,0.0,0.1
43,4,0.7595223977414032,5.0,0.0,0.1
43,5,0.051445310408215254,50.0,50.0,0.3
43,6,0.08358663271562991,50.0,50.0,0.3
43,7,0.059815204186405256,50.0,50.0,0.3
43,8,0.05379059978647106,50.0,50.0,0.3
43,9,0.07124874037328661,50.0,50.0,0.3
43,10,0.05442057746573109,50.0,50.0,0.3
43,11,0.08692161974484494,50.0,50.0,0.3
43,12,0.07479187943406167,50.0,50.0,0.3
43,13,0.07427575716992448,50.0,50.0,0.3
43,14,0.7783083444599517,5.0,0.0,0.1
43,15,0.0,15.0,0.0,0.0
43,16,0.09322162232409827,50.0,50.0,0.3
43,17,0.08569788189617752,50.0,50.0,0.3
43,18,0.0954314322537625,50.0,50.0,0.3
43,19,0.08411915450399918,50.0,50.0,0.3
43,20,0.058497813892058076,50.0,50.0,0.3
43,21,0.0960176320882636,50.0,50.0,0.3
43,22,0.7753958780715645,5.0,0.0,0.1
43,23,0.08684809954356942,50.0,50.0,0.3
43,24,0.0,10.0,0.0,0.0
43,25,0.08182481802380678,50.0,50.0,0.3
43,26,0.08632342482414367,50.0,50.0,0.3
43,27,0.0,10.0,0.0,0.0
43,28,0.07150110992983848,50.0,50.0,0.3
43,29,0.09993023591927898,50.0,50.0,0.3
43,30,0.6963222528742077,5.0,0.0,0.6
43,31,0.7605259941769574,5.0,0.0,0.1
43,32,0.7842976085998636,5.0,0.0,0.1
43,33,0.7873834330274448,5.0,0.0,0.1
43,34,0.7657639399843962,5.0,0.0,0.1
43,35,0.7711267287168476,5.0,0.0,0.1
43,36,0.7501580086369087,5.0,0.0,0.1
43,37,0.7539056990554157,5.0,0.0,0.1
43,38,0.782132747664523,5.0,0.0,0.1
43,39,0.7812069665644504,5.0,0.0,0.1
43,40,0.7737002096903692,5.0,0.0,0.1
43,41,0.7581400009371155,5.0,0.0,0.1
43,42,0.771554496785392,5.0,0.0,0.1
43,43,0.7618998578968083,5.0,0.0,0.1
43,44,0.7926690409176813,5.0,0.0,0.1
43,45,0.792123893962974,5.0,0.0,0.1
43,46,0.7525430386637049,5.0,0.0,0.1
43,47,0.7910514425512072,5.0,0.0,0.1
43,48,0.7954129603983217,5.0,0.0,0.1
43,49,0.7789529588254842,5.0,0.0,0.1
44,0,0.7808664198315551,5.0,0.0,0.1
44,1,0.766278559130066,5.0,0.0,0.1
44,2,0.7712103738384593,5.0,0.0,0.1
44,3,0.7522555967410431,5.0,0.0,0.1
44,4,0.7804361110120365,5.0,0.0,0.1
44,5,0.09290134798380689,50.0,50.0,0.3
44,6,0.06965565454544914,50.0,50.0,0.3
44,7,0.09875117586330155,50.0,50.0,0.3
44,8,0.07961018571258184,50.0,50.0,0.3
44,9,0.08064732816243453,50.0,50.0,0.3
44,10,0.06358944224457665,50.0,50.0,0.3
44,11,0.055343340527393106,50.0,50.0,0.3
44,12,0.0664021909854706,50.0,50.0,0.3
44,13,0.07182062342309861,50.0,50.0,0.3
44,14,0.7721395839279752,5.0,0.0,0.1
44,15,0.7634776843166725,5.0,0.0,0.1
44,16,0.0,15.0,0.0,0.0
44,17,0.06733386292206922,50.0,50.0,0.3
44,18,0.07975501964998329,50.0,50.0,0.3
44,19,0.08343300454207503,50.0,50.0,0.3
44,20,0.7604326846870356,5.0,0.0,0.1
44,21,0.06157235492451264,50.0,50.0,0.3
44,22,0.06684478915935083,50.0,50.0,0.3
44,23,0.7581879375355379,5.0,0.0,0.1
44,24,0.09522450872433683,50.0,50.0,0.3
44,25,0.0,10.0,0.0,0.0
44,26,0.0937223228615696,50.0,50.0,0.3
44,27,0.09828116815380664,50.0,50.0,0.3
44,28,0.0,10.0,0.0,0.0
44,29,0.07166939513816806,50.0,50.0,0.3
44,30,0.6683049111799699,5.0,0.0,0.6
44,31,0.7676809274485039,5.0,0.0,0.1
44,32,0.7542568758353604,5.0,0.0,0.1
44,33,0.7688813872626261,5.0,0.0,0.1
44,34,0.7935837165281882,5.0,0.0,0.1
44,35,0.7527980280191027,5.0,0.0,0.1
44,36,0.7613889008343836,5.0,0.0,0.1
44,37,0.7658174917048468,5.0,0.0,0.1
44,38,0.7692320589816553,5.0,0.0,0.1
44,39,0.7541403697622209,5.0,0.0,0.1
44,40,0.773902308639985,5.0,0.0,0.1
44,41,0.7605379168290566,5.0,0.0,0.1
44,42,0.7760780601436866,5.0,0.0,0.1
44,43,0.7570757259692593,5.0,0.0,0.1
44,44,0.764242674166292,5.0,0.0,0.1
44,45,0.795069435058793,5.0,0.0,0.1
44,46,0.7814846887310121,5.0,0.0,0.1
44,47,0.7825387215614645,5.0,0.0,0.1
44,48,0.7952559578940879,5.0,0.0,0.1
44,49,0.7725808223274736,5.0,0.0,0.1
45,0,0.7524641457527048,5.0,0.0,0.1
45,1,0.7961703712275716,5.0,0.0,0.1
45,2,0.7538126829473716,5.0,0.0,0.1
45,3,0.7505458056097503,5.0,0.0,0.1
45,4,0.7738070249636608,5.0,0.0,0.1
45,5,0.0870061561575848,50.0,50.0,0.3
45,6,0.09511369496254887,50.0,50.0,0.3
45,7,0.07685009861660545,50.0,50.0,0.3
45,8,0.0999676171770215,50.0,50.0,0.3
45,9,0.07502503808766531,50.0,50.0,0.3
45,10,0.055275032528446365,50.0,50.0,0.3
45,11,0.06767825280729686,50.0,50.0,0.3
45,12,0.07441574096766608,50.0,50.0,0.3
45,13,0.05338150971906183,50.0,50.0,0.3
45,14,0.766122404274636,5.0,0.0,0.1
45,15,0.7966046617687051,5.0,0.0,0.1
45,16,0.7668818118092868,5.0,0.0,0.1
45,17,0.0,15.0,0.0,0.0
45,18,0.06923177174368078,50.0,50.0,0.3
45,19,0.07786373263865973,50.0,50.0,0.3
45,20,0.05083635321578281,50.0,50.0,0.3
45,21,0.7955529639282048,5.0,0.0,0.1
45,22,0.08211219859039616,50.0,50.0,0.3
45,23,0.08312925242088348,50.0,50.0,0.3
45,24,0.051397398407530506,50.0,50.0,0.3
45,25,0.086207790932634,50.0,50.0,0.3
45,26,0.0,10.0,0.0,0.0
45,27,0.05957632402136472,50.0,50.0,0.3
45,28,0.08440297235576989,50.0,50.0,0.3
45,29,0.0,10.0,0.0,0.0
45,30,0.05310223884877227,50.0,50.0,0.3
45,31,0.6813691278290902,5.0,0.0,0.6
45,32,0.7630502738305821,5.0,0.0,0.1
45,33,0.78352511010712,5.0,0.0,0.1
45,34,0.7967228091715716,5.0,0.0,0.1
45,35,0.7969679468411954,5.0,0.0,0.1
45,36,0.7610638154630962,5.0,0.0,0.1
45,37,0.7671066618403656,5.0,0.0,0.1
45,38,0.7888642953013733,5.0,0.0,0.1
45,39,0.777300678561954,5.0,0.0,0.1
45,40,0.7860614915839218,5.0,0.0,0.1
45,41,0.7936666396510182,5.0,0.0,0.1
45,42,0.7733186527772911,5.0,0.0,0.1
45,43,0.783438315650238,5.0,0.0,0.1
45,44,0.7569583027349163,5.0,0.0,0.1
45,45,0.7767180784335437,5.0,0.0,0.1
45,46,0.7832929935954105,5.0,0.0,0.1
45,47,0.7883322092589984,5.0,0.0,0.1
45,48,0.7764265846508014,5.0,0.0,0.1
45,49,0.7989864697842942,5.0,0.0,0.1
46,0,0.7739174862667466,5.0,0.0,0.1
46,1,0.7551557709780577,5.0,0.0,0.1
46,2,0.788396045064265,5.0,0.0,0.1
46,3,0.07047815645458382,50.0,50.0,0.3
46,4,0.08661138444097974,50.0,50.0,0.3
46,5,0.06494497187240893,50.0,50.0,0.3
46,6,0.09256823569029374,50.0,50.0,0.3
46,7,0.0834252104480654,50.0,50.0,0.3
46,8,0.05489188091477561,50.0,50.0,0.3
46,9,0.05023006390221223,50.0,50.0,0.3
46,10,0.09029893188457418,50.0,50.0,0.3
46,11,0.06628509283433918,50.0,50.0,0.3
46,12,0.06512750133904724,50.0,50.0,0.3
46,13,0.0867512565442893,50.0,50.0,0.3
46,14,0.7708967617492853,5.0,0.0,0.1
46,15,0.771324847997021,5.0,0.0,0.1
46,16,0.7635381169447452,5.0,0.0,0.1
46,17,0.7972218041228916,5.0,0.0,0.1
46,18,0.0,15.0,0.0,0.0
46,19,0.05886864970756712,50.0,50.0,0.3
46,20,0.09089000987873107,50.0,50.0,0.3
46,21,0.05721024080787645,50.0,50.0,0.3
46,22,0.7668697110242239,5.0,0.0,0.1
46,23,0.06286256498007281,50.0,50.0,0.3
46,24,0.0684580051678645,50.0,50.0,0.3
46,25,0.058382187043720356,50.0,50.0,0.3
46,26,0.07700881750407189,50.0,50.0,0.3
46,27,0.7825160737299002,5.0,0.0,0.1
46,28,0.7973280209900325,5.0,0.0,0.1
46,29,0.7646906033883117,5.0,0.0,0.1
46,30,0.08590576261925167,50.0,50.0,0.3
46,31,0.0995745637215579,50.0,50.0,0.3
46,32,0.6891900120431089,5.0,0.0,0.6
46,33,0.7655584196654314,5.0,0.0,0.1
46,34,0.760414775608272,5.0,0.0,0.1
46,35,0.7772023182987261,5.0,0.0,0.1
46,36,0.7821496440139543,5.0,0.0,0.1
46,37,0.7903572128899352,5.0,0.0,0.1
46,38,0.7749566103800126,5.0,0.0,0.1
46,39,0.7569764776871045,5.0,0.0,0.1
46,40,0.7609228335594437,5.0,0.0,0.1
46,41,0.7788540065109886,5.0,0.0,0.1
46,42,0.7736941019584321,5.0,0.0,0.1
46,43,0.7504434123861327,5.0,0.0,0.1
46,44,0.7759229096568726,5.0,0.0,0.1
46,45,0.7593777668926319,5.0,0.0,0.1
46,46,0.7937551113271002,5.0,0.0,0.1
46,47,0.7592849874649163,5.0,0.0,0.1
46,48,0.7532973228293678,5.0,0.0,0.1
46,49,0.765332599003301,5.0,0.0,0.1
47,0,0.7882419765135968,5.0,0.0,0.1
47,1,0.7634301388896017,5.0,0.0,0.1
47,2,0.7750110854430033,5.0,0.0,0.1
47,3,0.06428226626168297,50.0,50.0,0.3
47,4,0.06868104450025389,50.0,50.0,0.3
47,5,0.08415070773384332,50.0,50.0,0.3
47,6,0.0958146423882208,50.0,50.0,0.3
47,7,0.08115785353397648,50.0,50.0,0.3
47,8,0.09091290812268327,50.0,50.0,0.3
47,9,0.07677062075316317,50.0,50.0,0.3
47,10,0.09801388776539506,50.0,50.0,0.3
47,11,0.08623702579436832,50.0,50.0,0.3
47,12,0.06971142030013136,50.0,50.0,0.3
47,13,0.09861702394315347,50.0,50.0,0.3
47,14,0.7820120036128054,5.0,0.0,0.1
47,15,0.7890158258168126,5.0,0.0,0.1
47,16,0.7805944005727199,5.0,0.0,0.1
47,17,0.7729440167550067,5.0,0.0,0.1
47,18,0.794210134342958,5.0,0.0,0.1
47,19,0.0,15.0,0.0,0.0
47,20,0.05621587114206151,50.0,50.0,0.3
47,21,0.06556312096864578,50.0,50.0,0.3
47,22,0.06590459832012645,50.0,50.0,0.3
47,23,0.07510163309439083,50.0,50.0,0.3
47,24,0.06507600600661441,50.0,50.0,0.3
47,25,0.08300926123388336,50.0,50.0,0.3
47,26,0.05736870499657031,50.0,50.0,0.3
47,27,0.768114049383255,5.0,0.0,0.1
47,28,0.09372218523321799,50.0,50.0,0.3
47,29,0.08787820965080628,50.0,50.0,0.3
47,30,0.7667802206446871,5.0,0.0,0.1
47,31,0.09236183240128017,50.0,50.0,0.3
47,32,0.08771973766410052,50.0,50.0,0.3
47,33,0.6616542568695962,5.0,0.0,0.6
47,34,0.7971710680343629,5.0,0.0,0.1
47,35,0.7935636177084237,5.0,0.0,0.1
47,36,0.773736931178299,5.0,0.0,0.1
47,37,0.7877125051454535,5.0,0.0,0.1
47,38,0.7739005838779206,5.0,0.0,0.1
47,39,0.7915423473330818,5.0,0.0,0.1
47,40,0.76692669580845,5.0,0.0,0.1
47,41,0.7954213060481244,5.0,0.0,0.1
47,42,0.7782635399455797,5.0,0.0,0.1
47,43,0.7878958454521734,5.0,0.0,0.1
47,44,0.7798022435383954,5.0,0.0,0.1
47,45,0.7783160731475305,5.0,0.0,0.1
47,46,0.7992854953159554,5.0,0.0,0.1
47,47,0.7888460850950555,5.0,0.0,0.1
47,48,0.7698911288364102,5.0,0.0,0.1
47,49,0.7639046744900954,5.0,0.0,0.1
48,0,0.7566438597876716,5.0,0.0,0.1
48,1,0.7583511957689864,5.0,0.0,0.1
48,2,0.7516840932393338,5.0,0.0,0.1
48,3,0.08543423986272716,50.0,50.0,0.3
48,4,0.09201521615825903,50.0,50.0,0.3
48,5,0.062284921039060304,50.0,50.0,0.3
48,6,0.06008848957075297,50.0,50.0,0.3
48,7,0.05368047437036891,50.0,50.0,0.3
48,8,0.09634748326863227,50.0,50.0,0.3
48,9,0.07013198532693624,50.0,50.0,0.3
48,10,0.0774505291456288,50.0,50.0,0.3
48,11,0.062569391031606,50.0,50.0,0.3
48,12,0.08828885772796087,50.0,50.0,0.3
48,13,0.08167423468191898,50.0,50.0,0.3
48,14,0.786369966008775,5.0,0.0,0.1
48,15,0.7568798538513736,5.0,0.0,0.1
48,16,0.7967631198187126,5.0,0.0,0.1
48,17,0.7689517141852673,5.0,0.0,0.1
48,18,0.773317982156398,5.0,0.0,0.1
48,19,0.7592772100694968,5.0,0.0,0.1
48,20,0.0,15.0,0.0,0.0
48,21,0.05752062561184329,50.0,50.0,0.3
48,22,0.08057929622137926,50.0,50.0,0.3
48,23,0.0750815644627011,50.0,50.0,0.3
48,24,0.05617975863499757,50.0,50.0,0.3
48,25,0.08957294978043942,50.0,50.0,0.3
48,26,0.7798113725422043,5.0,0.0,0.1
48,27,0.08789607974112264,50.0,50.0,0.3
48,28,0.0856596146836962,50.0,50.0,0.3
48,29,0.07983075850333533,50.0,50.0,0.3
48,30,0.09971662552661523,50.0,50.0,0.3
48,31,0.0,10.0,0.0,0.0
48,32,0.053720661293114286,50.0,50.0,0.3
48,33,0.05781315619449724,50.0,50.0,0.3
48,34,0.0793956874640724,50.0,50.0,0.3
48,35,0.07946691040253012,50.0,50.0,0.3
48,36,0.07816796161584327,50.0,50.0,0.3
48,37,0.06231055516876862,50.0,50.0,0.3
48,38,0.07929145498179528,50.0,50.0,0.3
48,39,0.06664844010625183,50.0,50.0,0.3
48,40,0.060779114773539415,50.0,50.0,0.3
48,41,0.7889930250365218,5.0,0.0,0.1
48,42,0.767953121310036,5.0,0.0,0.1
48,43,0.766081033439509,5.0,0.0,0.1
48,44,0.7516191762586986,5.0,0.0,0.1
48,45,0.7789380186728486,5.0,0.0,0.1
48,46,0.7914019478815438,5.0,0.0,0.1
48,47,0.7542887947751811,5.0,0.0,0.1
48,48,0.7634225764044809,5.0,0.0,0.1
48,49,0.7829910725980874,5.0,0.0,0.1
49,0,0.7965460514824132,5.0,0.0,0.1
49,1,0.7720224940616622,5.0,0.0,0.1
49,2,0.7756901482288773,5.0,0.0,0.1
49,3,0.05561356900505923,50.0,50.0,0.3
49,4,0.06423709306897499,50.0,50.0,0.3
49,5,0.07145098319705305,50.0,50.0,0.3
49,6,0.06084476465942961,50.0,50.0,0.3
49,7,0.06427476766322851,50.0,50.0,0.3
49,8,0.08665007996685206,50.0,50.0,0.3
49,9,0.05552087674323686,50.0,50.0,0.3
49,10,0.09779764106787173,50.0,50.0,0.3
49,11,0.7693529198049169,5.0,0.0,0.1
49,12,0.7748345108906473,5.0,0.0,0.1
49,13,0.7748728445659236,5.0,0.0,0.1
49,14,0.7925839637559319,5.0,0.0,0.1
49,15,0.7696282883336125,5.0,0.0,0.1
49,16,0.7546144735308346,5.0,0.0,0.1
49,17,0.7833995608869164,5.0,0.0,0.1
49,18,0.7694939199033217,5.0,0.0,0.1
49,19,0.7778882021342625,5.0,0.0,0.1
49,20,0.0,15.0,0.0,0.0
49,21,0.05161935810123051,50.0,50.0,0.3
49,22,0.09955906439251541,50.0,50.0,0.3
49,23,0.06655146584951419,50.0,50.0,0.3
49,24,0.08514058866936622,50.0,50.0,0.3
49,25,0.08099806171975679,50.0,50.0,0.3
49,26,0.7735696458676804,5.0,0.0,0.1
49,27,0.051671991985263246,50.0,50.0,0.3
49,28,0.050958904614140856,50.0,50.0,0.3
49,29,0.0602792084836422,50.0,50.0,0.3
49,30,0.08055154458615199,50.0,50.0,0.3
49,31,0.0,10.0,0.0,0.0
49,32,0.08163501332547195,50.0,50.0,0.3
49,33,0.09016105850157377,50.0,50.0,0.3
49,34,0.08883317896165716,50.0,50.0,0.3
49,35,0.09168008100222634,50.0,50.0,0.3
49,36,0.09461016221977252,50.0,50.0,0.3
49,37,0.07239822736494667,50.0,50.0,0.3
49,38,0.0829490310806367,50.0,50.0,0.3
49,39,0.06027375724913358,50.0,50.0,0.3
49,40,0.08666601171200247,50.0,50.0,0.3
49,41,0.7997439284681261,5.0,0.0,0.1
49,42,0.7780210841233055,5.0,0.0,0.1
49,43,0.7839921602602138,5.0,0.0,0.1
49,44,0.7902068465757468,5.0,0.0,0.1
49,45,0.7953781852076302,5.0,0.0,0.1
49,46,0.7756822399588266,5.0,0.0,0.1
49,47,0.7525890278569166,5.0,0.0,0.1
49,48,0.7737833421589875,5.0,0.0,0.1
49,49,0.7820631118860123,5.0,0.0,0.1
