0,0,0.23110074704890854,50.0,50.0,0.3
0,1,0.0,15.0,0.0,0.0
0,2,0.2581814648243733,50.0,50.0,0.3
0,3,0.6618676843470872,5.0,0.0,0.6
0,4,0.7903737391980719,5.0,0.0,0.1
0,5,0.7947284264042273,5.0,0.0,0.1
0,6,0.7976797508551645,5.0,0.0,0.1
0,7,0.12413466320550673,50.0,50.0,0.3
0,8,0.25314810417852174,50.0,50.0,0.3
0,9,0.2903571854782867,50.0,50.0,0.3
0,10,0.19144404458376346,50.0,50.0,0.3
0,11,0.2729440312014676,50.0,50.0,0.3
0,12,0.2702682656816001,50.0,50.0,0.3
0,13,0.7617186236715782,5.0,0.0,0.1
0,14,0.7692888123696932,5.0,0.0,0.1
0,15,0.7720788891436093,5.0,0.0,0.1
0,16,0.7908507669223477,5.0,0.0,0.1
0,17,0.7662612478139402,5.0,0.0,0.1
0,18,0.7649609625840128,5.0,0.0,0.1
0,19,0.7962391819656418,5.0,0.0,0.1
0,20,0.7576245150919877,5.0,0.0,0.1
0,21,0.7865653221640645,5.0,0.0,0.1
0,22,0.7891506359471568,5.0,0.0,0.1
0,23,0.7744373523371008,5.0,0.0,0.1
0,24,0.7989079795358307,5.0,0.0,0.1
0,25,0.7624578861833062,5.0,0.0,0.1
0,26,0.7615888029237619,5.0,0.0,0.1
0,27,0.799006669676885,5.0,0.0,0.1
0,28,0.7914063956563313,5.0,0.0,0.1
0,29,0.7787985068667208,5.0,0.0,0.1
0,30,0.7821772591949125,5.0,0.0,0.1
0,31,0.7731341991403526,5.0,0.0,0.1
0,32,0.7597473429010573,5.0,0.0,0.1
0,33,0.7898339419295041,5.0,0.0,0.1
0,34,0.775491041818848,5.0,0.0,0.1
0,35,0.7679801397698329,5.0,0.0,0.1
0,36,0.7551427989741684,5.0,0.0,0.1
0,37,0.7952254888459372,5.0,0.0,0.1
0,38,0.7691812608298906,5.0,0.0,0.1
0,39,0.7961689591779536,5.0,0.0,0.1
0,40,0.7978785971459523,5.0,0.0,0.1
0,41,0.7827676949940261,5.0,0.0,0.1
0,42,0.7598242290758795,5.0,0.0,0.1
0,43,0.7754474065981215,5.0,0.0,0.1
0,44,0.7759270866660902,5.0,0.0,0.1
0,45,0.0,15.0,0.0,0.0
0,46,0.11744298201054464,60.0,10.0,0.2
0,47,0.0696241794338245,60.0,10.0,0.2
0,48,0.14375554850731187,60.0,10.0,0.2
0,49,0.05424478750189785,60.0,10.0,0.2
1,0,0.1552141454434285,50.0,50.0,0.3
1,1,0.0,15.0,0.0,0.0
1,2,0.15885522104019723,50.0,50.0,0.3
1,3,0.6748553545423288,5.0,0.0,0.6
1,4,0.7917635982227849,5.0,0.0,0.1
1,5,0.780143717797835,5.0,0.0,0.1
1,6,0.7697948525296765,5.0,0.0,0.1
1,7,0.2722596987532765,50.0,50.0,0.3
1,8,0.2528672948648939,50.0,50.0,0.3
1,9,0.1401891413751314,50.0,50.0,0.3
1,10,0.23961377432894562,50.0,50.0,0.3
1,11,0.10318846578021337,50.0,50.0,0.3
1,12,0.10431869443425774,50.0,50.0,0.3
1,13,0.7683119148986751,5.0,0.0,0.1
1,14,0.7812499408780396,5.0,0.0,0.1
1,15,0.7583782310062676,5.0,0.0,0.1
1,16,0.7626669669990134,5.0,0.0,0.1
1,17,0.7760853495313976,5.0,0.0,0.1
1,18,0.7713570524598463,5.0,0.0,0.1
1,19,0.7871934178531894,5.0,0.0,0.1
1,20,0.7743306158687063,5.0,0.0,0.1
1,21,0.7628254971042393,5.0,0.0,0.1
1,22,0.7797145386345311,5.0,0.0,0.1
1,23,0.7585482714901449,5.0,0.0,0.1
1,24,0.7548889880626185,5.0,0.0,0.1
1,25,0.7863023987348736,5.0,0.0,0.1
1,26,0.7958615587103545,5.0,0.0,0.1
1,27,0.7524617734763942,5.0,0.0,0.1
1,28,0.7624058479820175,5.0,0.0,0.1
1,29,0.7857283931516558,5.0,0.0,0.1
1,30,0.7878616547922982,5.0,0.0,0.1
1,31,0.7645616724121611,5.0,0.0,0.1
1,32,0.7771361638505921,5.0,0.0,0.1
1,33,0.7700973788190448,5.0,0.0,0.1
1,34,0.7916052724866369,5.0,0.0,0.1
1,35,0.7918254656001436,5.0,0.0,0.1
1,36,0.7995462540010007,5.0,0.0,0.1
1,37,0.761033376311405,5.0,0.0,0.1
1,38,0.7883222164745687,5.0,0.0,0.1
1,39,0.769716336089711,5.0,0.0,0.1
1,40,0.7898343413278371,5.0,0.0,0.1
1,41,0.7925893652926792,5.0,0.0,0.1
1,42,0.7775671462330346,5.0,0.0,0.1
1,43,0.7894513521135222,5.0,0.0,0.1
1,44,0.7709280656188383,5.0,0.0,0.1
1,45,0.0,15.0,0.0,0.0
1,46,0.10213265464658064,60.0,10.0,0.2
1,47,0.12356776810553825,60.0,10.0,0.2
1,48,0.09404801195600318,60.0,10.0,0.2
1,49,0.11225181568971229,60.0,10.0,0.2
2,0,0.16906386266773088,50.0,50.0,0.3
2,1,0.0,15.0,0.0,0.0
2,2,0.17871604164877278,50.0,50.0,0.3
2,3,0.6715149991557812,5.0,0.0,0.6
2,4,0.7944960028619257,5.0,0.0,0.1
2,5,0.7520945615633007,5.0,0.0,0.1
2,6,0.7913636935709057,5.0,0.0,0.1
2,7,0.1851165140016576,50.0,50.0,0.3
2,8,0.16199619097280443,50.0,50.0,0.3
2,9,0.16282256668539044,50.0,50.0,0.3
2,10,0.2967280274888048,50.0,50.0,0.3
2,11,0.13905535510598205,50.0,50.0,0.3
2,12,0.1968802123315938,50.0,50.0,0.3
2,13,0.7663897290244281,5.0,0.0,0.1
2,14,0.7641267513775676,5.0,0.0,0.1
2,15,0.7736026892684309,5.0,0.0,0.1
2,16,0.7765416551523987,5.0,0.0,0.1
2,17,0.7809319167145201,5.0,0.0,0.1
2,18,0.7927180242606129,5.0,0.0,0.1
2,19,0.7966356654064374,5.0,0.0,0.1
2,20,0.7787578049762449,5.0,0.0,0.1
2,21,0.7927492356834321,5.0,0.0,0.1
2,22,0.7564977987131449,5.0,0.0,0.1
2,23,0.7964963804542553,5.0,0.0,0.1
2,24,0.7528489399883262,5.0,0.0,0.1
2,25,0.771861581990748,5.0,0.0,0.1
2,26,0.7783987799903671,5.0,0.0,0.1
2,27,0.7970225293245745,5.0,0.0,0.1
2,28,0.7710603836755663,5.0,0.0,0.1
2,29,0.7965718720214952,5.0,0.0,0.1
2,30,0.7547509192710999,5.0,0.0,0.1
2,31,0.7508415809519007,5.0,0.0,0.1
2,32,0.7629762041876748,5.0,0.0,0.1
2,33,0.7609157825507937,5.0,0.0,0.1
2,34,0.7578490482817095,5.0,0.0,0.1
2,35,0.7878361493457964,5.0,0.0,0.1
2,36,0.7635214002788862,5.0,0.0,0.1
2,37,0.7980289457048274,5.0,0.0,0.1
2,38,0.7641133213015492,5.0,0.0,0.1
2,39,0.7669918877322897,5.0,0.0,0.1
2,40,0.7769059462788284,5.0,0.0,0.1
2,41,0.7840708400605354,5.0,0.0,0.1
2,42,0.7517475153468388,5.0,0.0,0.1
2,43,0.7709544054152648,5.0,0.0,0.1
2,44,0.0,15.0,0.0,0.0
2,45,0.09063206776377282,60.0,10.0,0.2
2,46,0.11576813040290125,60.0,10.0,0.2
2,47,0.11824555953255945,60.0,10.0,0.2
2,48,0.09327390268660646,60.0,10.0,0.2
2,49,0.09877819360992804,60.0,10.0,0.2
3,0,0.2611122183984175,50.0,50.0,0.3
3,1,0.0,15.0,0.0,0.0
3,2,0.1175855652816466,50.0,50.0,0.3
3,3,0.6715494990516383,5.0,0.0,0.6
3,4,0.7890235192020087,5.0,0.0,0.1
3,5,0.789407375976259,5.0,0.0,0.1
3,6,0.769505308382175,5.0,0.0,0.1
3,7,0.10255871091761325,50.0,50.0,0.3
3,8,0.11803708237262499,50.0,50.0,0.3
3,9,0.23839790578827377,50.0,50.0,0.3
3,10,0.25739778821271175,50.0,50.0,0.3
3,11,0.29991523876430276,50.0,50.0,0.3
3,12,0.18016730091565264,50.0,50.0,0.3
3,13,0.7985311704873262,5.0,0.0,0.1
3,14,0.7964345044865186,5.0,0.0,0.1
3,15,0.7883927286548409,5.0,0.0,0.1
3,16,0.787639600510434,5.0,0.0,0.1
3,17,0.7516997079183695,5.0,0.0,0.1
3,18,0.7782288955391673,5.0,0.0,0.1
3,19,0.7665785989408105,5.0,0.0,0.1
3,20,0.7810769043388198,5.0,0.0,0.1
3,21,0.7539072992731188,5.0,0.0,0.1
3,22,0.7673929918398735,5.0,0.0,0.1
3,23,0.7765856019077813,5.0,0.0,0.1
3,24,0.7605145905831817,5.0,0.0,0.1
3,25,0.7664266445975848,5.0,0.0,0.1
3,26,0.7977791248875603,5.0,0.0,0.1
3,27,0.7717622630090591,5.0,0.0,0.1
3,28,0.7844184431689457,5.0,0.0,0.1
3,29,0.7657242433433441,5.0,0.0,0.1
3,30,0.7657233996449638,5.0,0.0,0.1
3,31,0.7521210631551325,5.0,0.0,0.1
3,32,0.7609843953511048,5.0,0.0,0.1
3,33,0.7615875317322176,5.0,0.0,0.1
3,34,0.7808860059301073,5.0,0.0,0.1
3,35,0.7515681663113204,5.0,0.0,0.1
3,36,0.7740395776987141,5.0,0.0,0.1
3,37,0.7826882887135064,5.0,0.0,0.1
3,38,0.7832366032269049,5.0,0.0,0.1
3,39,0.7660341312633758,5.0,0.0,0.1
3,40,0.7670024394558373,5.0,0.0,0.1
3,41,0.7584772704200947,5.0,0.0,0.1
3,42,0.7912593062817492,5.0,0.0,0.1
3,43,0.7549301125196097,5.0,0.0,0.1
3,44,0.0,15.0,0.0,0.0
3,45,0.050214282990298814,60.0,10.0,0.2
3,46,0.1261743724972855,60.0,10.0,0.2
3,47,0.13830795526461326,60.0,10.0,0.2
3,48,0.13131722065459145,60.0,10.0,0.2
3,49,0.05407507182819901,60.0,10.0,0.2
4,0,0.16253739975104464,50.0,50.0,0.3
4,1,0.0,15.0,0.0,0.0
4,2,0.14912284859522634,50.0,50.0,0.3
4,3,0.6687912962300493,5.0,0.0,0.6
4,4,0.7890051711031567,5.0,0.0,0.1
4,5,0.7740794199551261,5.0,0.0,0.1
4,6,0.7806025985224785,5.0,0.0,0.1
4,7,0.12767509110479167,50.0,50.0,0.3
4,8,0.29228861354621827,50.0,50.0,0.3
4,9,0.13583570928864336,50.0,50.0,0.3
4,10,0.19251760201779355,50.0,50.0,0.3
4,11,0.21732133267039594,50.0,50.0,0.3
4,12,0.10559356590205005,50.0,50.0,0.3
4,13,0.7965972708129097,5.0,0.0,0.1
4,14,0.7956111285432222,5.0,0.0,0.1
4,15,0.7742708018708658,5.0,0.0,0.1
4,16,0.7551183552422897,5.0,0.0,0.1
4,17,0.7596951449104001,5.0,0.0,0.1
4,18,0.7629431260222376,5.0,0.0,0.1
4,19,0.76848776722994,5.0,0.0,0.1
4,20,0.7812035203088044,5.0,0.0,0.1
4,21,0.7523245476849731,5.0,0.0,0.1
4,22,0.7596450708055853,5.0,0.0,0.1
4,23,0.7519029725921127,5.0,0.0,0.1
4,24,0.7635981482158768,5.0,0.0,0.1
4,25,0.7750056296252187,5.0,0.0,0.1
4,26,0.7657150260301676,5.0,0.0,0.1
4,27,0.7693589212839534,5.0,0.0,0.1
4,28,0.7565559558091469,5.0,0.0,0.1
4,29,0.7520578014939274,5.0,0.0,0.1
4,30,0.7513818916379099,5.0,0.0,0.1
4,31,0.7592734552346576,5.0,0.0,0.1
4,32,0.7687191880124791,5.0,0.0,0.1
4,33,0.7915651707363746,5.0,0.0,0.1
4,34,0.7505055362330461,5.0,0.0,0.1
4,35,0.7505539642630141,5.0,0.0,0.1
4,36,0.7688757937982611,5.0,0.0,0.1
4,37,0.7509460415439912,5.0,0.0,0.1
4,38,0.7711996256871982,5.0,0.0,0.1
4,39,0.7613827266320565,5.0,0.0,0.1
4,40,0.7862333433291085,5.0,0.0,0.1
4,41,0.7993140960886191,5.0,0.0,0.1
4,42,0.7632858730198174,5.0,0.0,0.1
4,43,0.0,15.0,0.0,0.0
4,44,0.7712468675038778,5.0,0.0,0.1
4,45,0.1381079362518708,60.0,10.0,0.2
4,46,0.07766074423881814,60.0,10.0,0.2
4,47,0.06087432531859144,60.0,10.0,0.2
4,48,0.09350096415794357,60.0,10.0,0.2
4,49,0.10340379204601086,60.0,10.0,0.2
5,0,0.15564080159610064,50.0,50.0,0.3
5,1,0.20325704147894902,50.0,50.0,0.3
5,2,0.0,15.0,0.0,0.0
5,3,0.66591769295626,5.0,0.0,0.6
5,4,0.7931085836693559,5.0,0.0,0.1
5,5,0.7745281223315451,5.0,0.0,0.1
5,6,0.7935051636810896,5.0,0.0,0.1
5,7,0.10924378490601626,50.0,50.0,0.3
5,8,0.29381399623120097,50.0,50.0,0.3
5,9,0.22763094218462968,50.0,50.0,0.3
5,10,0.27544901984985604,50.0,50.0,0.3
5,11,0.29522934308543447,50.0,50.0,0.3
5,12,0.23285564230181793,50.0,50.0,0.3
5,13,0.7949993458746945,5.0,0.0,0.1
5,14,0.7712236343634842,5.0,0.0,0.1
5,15,0.7679829413276011,5.0,0.0,0.1
5,16,0.7500315757564497,5.0,0.0,0.1
5,17,0.7637613092920384,5.0,0.0,0.1
5,18,0.7990333852319504,5.0,0.0,0.1
5,19,0.7812566678209739,5.0,0.0,0.1
5,20,0.7999565037888854,5.0,0.0,0.1
5,21,0.7857055503327587,5.0,0.0,0.1
5,22,0.7889536492029039,5.0,0.0,0.1
5,23,0.7937667413246802,5.0,0.0,0.1
5,24,0.7711646009504906,5.0,0.0,0.1
5,25,0.7689652238058432,5.0,0.0,0.1
5,26,0.7666914558421102,5.0,0.0,0.1
5,27,0.776331778217926,5.0,0.0,0.1
5,28,0.7812155395890441,5.0,0.0,0.1
5,29,0.7999852452085967,5.0,0.0,0.1
5,30,0.7781767096468254,5.0,0.0,0.1
5,31,0.7902738567040891,5.0,0.0,0.1
5,32,0.7702498396376011,5.0,0.0,0.1
5,33,0.7645756878077171,5.0,0.0,0.1
5,34,0.7927608120376196,5.0,0.0,0.1
5,35,0.7605401530136542,5.0,0.0,0.1
5,36,0.777071722165523,5.0,0.0,0.1
5,37,0.7738418678392109,5.0,0.0,0.1
5,38,0.7995560571372234,5.0,0.0,0.1
5,39,0.761746657077529,5.0,0.0,0.1
5,40,0.7633809710238217,5.0,0.0,0.1
5,41,0.783478695761662,5.0,0.0,0.1
5,42,0.0,15.0,0.0,0.0
5,43,0.7980084915014202,5.0,0.0,0.1
5,44,0.7673149129764751,5.0,0.0,0.1
5,45,0.05433289645260162,60.0,10.0,0.2
5,46,0.0992110400265323,60.0,10.0,0.2
5,47,0.0915820513567697,60.0,10.0,0.2
5,48,0.09661968508361939,60.0,10.0,0.2
5,49,0.06817157432759692,60.0,10.0,0.2
6,0,0.1197427087866469,50.0,50.0,0.3
6,1,0.26996122783117793,50.0,50.0,0.3
6,2,0.0,15.0,0.0,0.0
6,3,0.65958017267797,5.0,0.0,0.6
6,4,0.7757011918743757,5.0,0.0,0.1
6,5,0.7770769764251931,5.0,0.0,0.1
6,6,0.7957442473515522,5.0,0.0,0.1
6,7,0.2307477234910489,50.0,50.0,0.3
6,8,0.11207728837552469,50.0,50.0,0.3
6,9,0.2965687167503773,50.0,50.0,0.3
6,10,0.16106026688263264,50.0,50.0,0.3
6,11,0.19845256312085457,50.0,50.0,0.3
6,12,0.1959231952294494,50.0,50.0,0.3
6,13,0.7814808296598541,5.0,0.0,0.1
6,14,0.787040080761281,5.0,0.0,0.1
6,15,0.7801766886502242,5.0,0.0,0.1
6,16,0.7808791627556342,5.0,0.0,0.1
6,17,0.7871373351631796,5.0,0.0,0.1
6,18,0.7612871556166627,5.0,0.0,0.1
6,19,0.763452246795945,5.0,0.0,0.1
6,20,0.754114840807043,5.0,0.0,0.1
6,21,0.7554067760769239,5.0,0.0,0.1
6,22,0.7699867738670269,5.0,0.0,0.1
6,23,0.7785061274428752,5.0,0.0,0.1
6,24,0.7922177788169336,5.0,0.0,0.1
6,25,0.7774233942401682,5.0,0.0,0.1
6,26,0.7850339945601291,5.0,0.0,0.1
6,27,0.7956073409965642,5.0,0.0,0.1
6,28,0.7847922714615331,5.0,0.0,0.1
6,29,0.7692161777194797,5.0,0.0,0.1
6,30,0.7588175213604891,5.0,0.0,0.1
6,31,0.7742382787650559,5.0,0.0,0.1
6,32,0.7635219479506469,5.0,0.0,0.1
6,33,0.7814248773796303,5.0,0.0,0.1
6,34,0.7681194357988325,5.0,0.0,0.1
6,35,0.7536504756056063,5.0,0.0,0.1
6,36,0.7813191059284132,5.0,0.0,0.1
6,37,0.7692350898750288,5.0,0.0,0.1
6,38,0.7601620769914795,5.0,0.0,0.1
6,39,0.7802189155027002,5.0,0.0,0.1
6,40,0.7639990521057527,5.0,0.0,0.1
6,41,0.0,15.0,0.0,0.0
6,42,0.793643305835871,5.0,0.0,0.1
6,43,0.7775975002893721,5.0,0.0,0.1
6,44,0.7626013385472088,5.0,0.0,0.1
6,45,0.11883986736655003,60.0,10.0,0.2
6,46,0.14911176158261003,60.0,10.0,0.2
6,47,0.05903962534389595,60.0,10.0,0.2
6,48,0.10981591629275594,60.0,10.0,0.2
6,49,0.08558655114967464,60.0,10.0,0.2
7,0,0.27608252896324637,50.0,50.0,0.3
7,1,0.18936767256316406,50.0,50.0,0.3
7,2,0.0,15.0,0.0,0.0
7,3,0.6706034736078428,5.0,0.0,0.6
7,4,0.7523311689658042,5.0,0.0,0.1
7,5,0.7583496168552086,5.0,0.0,0.1
7,6,0.7913716650008786,5.0,0.0,0.1
7,7,0.2036810683290548,50.0,50.0,0.3
7,8,0.18651837064491944,50.0,50.0,0.3
7,9,0.23026670240833544,50.0,50.0,0.3
7,10,0.2780757569763561,50.0,50.0,0.3
7,11,0.26097319533324936,50.0,50.0,0.3
7,12,0.11975032506244054,50.0,50.0,0.3
7,13,0.7985187195048163,5.0,0.0,0.1
7,14,0.7885012511972619,5.0,0.0,0.1
7,15,0.7759961901008079,5.0,0.0,0.1
7,16,0.796566666024083,5.0,0.0,0.1
7,17,0.7748766672939609,5.0,0.0,0.1
7,18,0.7844504936496465,5.0,0.0,0.1
7,19,0.787586275566478,5.0,0.0,0.1
7,20,0.7929543577801512,5.0,0.0,0.1
7,21,0.754424080316686,5.0,0.0,0.1
7,22,0.7879580843797478,5.0,0.0,0.1
7,23,0.7531564866811242,5.0,0.0,0.1
7,24,0.751956546736261,5.0,0.0,0.1
7,25,0.7678285528521049,5.0,0.0,0.1
7,26,0.759493828307445,5.0,0.0,0.1
7,27,0.7929059227523871,5.0,0.0,0.1
7,28,0.7821587615785651,5.0,0.0,0.1
7,29,0.7517712600810197,5.0,0.0,0.1
7,30,0.7779410283779598,5.0,0.0,0.1
7,31,0.7786821705691686,5.0,0.0,0.1
7,32,0.7590826963208289,5.0,0.0,0.1
7,33,0.7653541813414442,5.0,0.0,0.1
7,34,0.76619129098615,5.0,0.0,0.1
7,35,0.7704479557797184,5.0,0.0,0.1
7,36,0.7993062817419776,5.0,0.0,0.1
7,37,0.7550899693944718,5.0,0.0,0.1
7,38,0.7839782446205875,5.0,0.0,0.1
7,39,0.7559403303931455,5.0,0.0,0.1
7,40,0.0,15.0,0.0,0.0
7,41,0.788462155266598,5.0,0.0,0.1
7,42,0.7816693017900357,5.0,0.0,0.1
7,43,0.796585202074296,5.0,0.0,0.1
7,44,0.7736067435827085,5.0,0.0,0.1
7,45,0.11392176619936105,60.0,10.0,0.2
7,46,0.08339784431504305,60.0,10.0,0.2
7,47,0.07683458366766191,60.0,10.0,0.2
7,48,0.06803475420053647,60.0,10.0,0.2
7,49,0.12279128030324081,60.0,10.0,0.2
8,0,0.21635093107453404,50.0,50.0,0.3
8,1,0.10260485991188038,50.0,50.0,0.3
8,2,0.769663081869395,5.0,0.0,0.1
8,3,0.0,15.0,0.0,0.0
8,4,0.690566483527113,5.0,0.0,0.6
8,5,0.6844640308451697,5.0,0.0,0.6
8,6,0.7731113574724594,5.0,0.0,0.1
8,7,0.0,10.0,0.0,0.0
8,8,0.0,10.0,0.0,0.0
8,9,0.24913635343099588,50.0,50.0,0.3
8,10,0.2643443990159843,50.0,50.0,0.3
8,11,0.15739866047955495,50.0,50.0,0.3
8,12,0.15771736162467637,50.0,50.0,0.3
8,13,0.7870738497030493,5.0,0.0,0.1
8,14,0.7847972935983033,5.0,0.0,0.1
8,15,0.7686140205833744,5.0,0.0,0.1
8,16,0.7885618319434278,5.0,0.0,0.1
8,17,0.7583038523286282,5.0,0.0,0.1
8,18,0.7738103107442647,5.0,0.0,0.1
8,19,0.779913691688106,5.0,0.0,0.1
8,20,0.7805482494544266,5.0,0.0,0.1
8,21,0.752275399458438,5.0,0.0,0.1
8,22,0.7981970007656017,5.0,0.0,0.1
8,23,0.7591008517406724,5.0,0.0,0.1
8,24,0.7702385029883101,5.0,0.0,0.1
8,25,0.7829318601180222,5.0,0.0,0.1
8,26,0.7873337415498056,5.0,0.0,0.1
8,27,0.7567348566901775,5.0,0.0,0.1
8,28,0.7688783285067716,5.0,0.0,0.1
8,29,0.7989245642689999,5.0,0.0,0.1
8,30,0.7630709791431249,5.0,0.0,0.1
8,31,0.797914637839194,5.0,0.0,0.1
8,32,0.7743617939498711,5.0,0.0,0.1
8,33,0.7685979851453655,5.0,0.0,0.1
8,34,0.753409987800382,5.0,0.0,0.1
8,35,0.7511563560232859,5.0,0.0,0.1
8,36,0.7631534471694029,5.0,0.0,0.1
8,37,0.791921474113032,5.0,0.0,0.1
8,38,0.7547224717308255,5.0,0.0,0.1
8,39,0.0,15.0,0.0,0.0
8,40,0.775096476438795,5.0,0.0,0.1
8,41,0.7895561052594033,5.0,0.0,0.1
8,42,0.06583542526950262,60.0,10.0,0.2
8,43,0.07047244576331892,60.0,10.0,0.2
8,44,0.13007606251727422,60.0,10.0,0.2
8,45,0.07902988574291041,60.0,10.0,0.2
8,46,0.1438186450226197,60.0,10.0,0.2
8,47,0.09178584108323976,60.0,10.0,0.2
8,48,0.14987814297971752,60.0,10.0,0.2
8,49,0.14377493591930002,60.0,10.0,0.2
9,0,0.2979186149471498,50.0,50.0,0.3
9,1,0.26229104107120593,50.0,50.0,0.3
9,2,0.7961912570986529,5.0,0.0,0.1
9,3,0.7799555841915466,5.0,0.0,0.1
9,4,0.0,15.0,0.0,0.0
9,5,0.6930637186536753,5.0,0.0,0.6
9,6,0.7825943557048632,5.0,0.0,0.1
9,7,0.10618763897426992,50.0,50.0,0.3
9,8,0.1372571578082793,50.0,50.0,0.3
9,9,0.0,10.0,0.0,0.0
9,10,0.0,10.0,0.0,0.0
9,11,0.1765376647292686,50.0,50.0,0.3
9,12,0.28871315239363804,50.0,50.0,0.3
9,13,0.18185582156985286,50.0,50.0,0.3
9,14,0.10790097918132156,50.0,50.0,0.3
9,15,0.2729146148507863,50.0,50.0,0.3
9,16,0.241887651138382,50.0,50.0,0.3
9,17,0.7843058309050193,5.0,0.0,0.1
9,18,0.23936388401641354,50.0,50.0,0.3
9,19,0.20773433798896324,50.0,50.0,0.3
9,20,0.2695100513623623,50.0,50.0,0.3
9,21,0.2359105492504047,50.0,50.0,0.3
9,22,0.20671184621631822,50.0,50.0,0.3
9,23,0.7567085050824731,5.0,0.0,0.1
9,24,0.7761147173699166,5.0,0.0,0.1
9,25,0.7960792286858427,5.0,0.0,0.1
9,26,0.7875911928246145,5.0,0.0,0.1
9,27,0.7924232141366216,5.0,0.0,0.1
9,28,0.7524691639440568,5.0,0.0,0.1
9,29,0.7907614117681252,5.0,0.0,0.1
9,30,0.7925229046081945,5.0,0.0,0.1
9,31,0.785908028957199,5.0,0.0,0.1
9,32,0.7684013276847111,5.0,0.0,0.1
9,33,0.7714592280210608,5.0,0.0,0.1
9,34,0.7527227322831297,5.0,0.0,0.1
9,35,0.7859625761656894,5.0,0.0,0.1
9,36,0.7781755429447677,5.0,0.0,0.1
9,37,0.0,15.0,0.0,0.0
9,38,0.0,15.0,0.0,0.0
9,39,0.7570982316298832,5.0,0.0,0.1
9,40,0.7792248229000809,5.0,0.0,0.1
9,41,0.06947697133700896,60.0,10.0,0.2
9,42,0.11381571319453465,60.0,10.0,0.2
9,43,0.07764986454067058,60.0,10.0,0.2
9,44,0.0772130741824871,60.0,10.0,0.2
9,45,0.07818705006763013,60.0,10.0,0.2
9,46,0.7531959085118111,5.0,0.0,0.1
9,47,0.7563736248019144,5.0,0.0,0.1
9,48,0.7900328987146299,5.0,0.0,0.1
9,49,0.7836011153999507,5.0,0.0,0.1
10,0,0.13329675595560503,50.0,50.0,0.3
10,1,0.25258499442199744,50.0,50.0,0.3
10,2,0.766560249820942,5.0,0.0,0.1
10,3,0.7746798710982844,5.0,0.0,0.1
10,4,0.0,15.0,0.0,0.0
10,5,0.6959206856749074,5.0,0.0,0.6
10,6,0.7895192511324671,5.0,0.0,0.1
10,7,0.1450201607277945,50.0,50.0,0.3
10,8,0.21407970000636956,50.0,50.0,0.3
10,9,0.20317530194364727,50.0,50.0,0.3
10,10,0.20506081413663488,50.0,50.0,0.3
10,11,0.0,10.0,0.0,0.0
10,12,0.16670835098008546,50.0,50.0,0.3
10,13,0.25048323939638406,50.0,50.0,0.3
10,14,0.1421501237733745,50.0,50.0,0.3
10,15,0.15999848010114198,50.0,50.0,0.3
10,16,0.20241048871494877,50.0,50.0,0.3
10,17,0.24757773135538816,50.0,50.0,0.3
10,18,0.18232569887028852,50.0,50.0,0.3
10,19,0.2527155553964715,50.0,50.0,0.3
10,20,0.18332887263629455,50.0,50.0,0.3
10,21,0.12820451513668957,50.0,50.0,0.3
10,22,0.18291902483478084,50.0,50.0,0.3
10,23,0.7982129131026722,5.0,0.0,0.1
10,24,0.7938212793740296,5.0,0.0,0.1
10,25,0.7775886358499886,5.0,0.0,0.1
10,26,0.7542309043025607,5.0,0.0,0.1
10,27,0.7738571029449726,5.0,0.0,0.1
10,28,0.7908639279879364,5.0,0.0,0.1
10,29,0.7926056172554831,5.0,0.0,0.1
10,30,0.0,15.0,0.0,0.0
10,31,0.0,15.0,0.0,0.0
10,32,0.0,15.0,0.0,0.0
10,33,0.0,15.0,0.0,0.0
10,34,0.0,15.0,0.0,0.0
10,35,0.0,15.0,0.0,0.0
10,36,0.0,15.0,0.0,0.0
10,37,0.7533626395928332,5.0,0.0,0.1
10,38,0.7949079004929774,5.0,0.0,0.1
10,39,0.7542596085395392,5.0,0.0,0.1
10,40,0.1496917739732393,60.0,10.0,0.2
10,41,0.13212632369224142,60.0,10.0,0.2
10,42,0.10001039861429584,60.0,10.0,0.2
10,43,0.10197767587764367,60.0,10.0,0.2
10,44,0.13416060212780534,60.0,10.0,0.2
10,45,0.07223821736201605,60.0,10.0,0.2
10,46,0.08424347960181236,60.0,10.0,0.2
10,47,0.7646753240040138,5.0,0.0,0.1
10,48,0.7749073426459908,5.0,0.0,0.1
10,49,0.7928798484871565,5.0,0.0,0.1
11,0,0.29425481895509453,50.0,50.0,0.3
11,1,0.23702800966012263,50.0,50.0,0.3
11,2,0.7863352385609642,5.0,0.0,0.1
11,3,0.7525420974514454,5.0,0.0,0.1
11,4,0.7809588220898297,5.0,0.0,0.1
11,5,0.0,15.0,0.0,0.0
11,6,0.7502634451772653,5.0,0.0,0.1
11,7,0.29862065395547976,50.0,50.0,0.3
11,8,0.1177468090865689,50.0,50.0,0.3
11,9,0.22006963632055637,50.0,50.0,0.3
11,10,0.12749530540572518,50.0,50.0,0.3
11,11,0.1529749662265863,50.0,50.0,0.3
11,12,0.0,10.0,0.0,0.0
11,13,0.1807544144585468,50.0,50.0,0.3
11,14,0.24611298513245553,50.0,50.0,0.3
11,15,0.21433855499527454,50.0,50.0,0.3
11,16,0.28659978410654485,50.0,50.0,0.3
11,17,0.17244903704228381,50.0,50.0,0.3
11,18,0.287392288770832,50.0,50.0,0.3
11,19,0.19808260089984675,50.0,50.0,0.3
11,20,0.2316006665186471,50.0,50.0,0.3
11,21,0.2641079406289162,50.0,50.0,0.3
11,22,0.23427365030868216,50.0,50.0,0.3
11,23,0.7829633572968642,5.0,0.0,0.1
11,24,0.7762168929732518,5.0,0.0,0.1
11,25,0.7937234502200208,5.0,0.0,0.1
11,26,0.7945674908972787,5.0,0.0,0.1
11,27,0.7724767361015978,5.0,0.0,0.1
11,28,0.7503346586918068,5.0,0.0,0.1
11,29,0.0,15.0,0.0,0.0
11,30,0.7680827636324757,5.0,0.0,0.1
11,31,0.7627283951026104,5.0,0.0,0.1
11,32,0.7722440434340699,5.0,0.0,0.1
11,33,0.762225481191356,5.0,0.0,0.1
11,34,0.7735300967327202,5.0,0.0,0.1
11,35,0.7544442174091229,5.0,0.0,0.1
11,36,0.7705890931707841,5.0,0.0,0.1
11,37,0.7787384430371178,5.0,0.0,0.1
11,38,0.06935171321962785,60.0,10.0,0.2
11,39,0.10037472732670327,60.0,10.0,0.2
11,40,0.09995900726582028,60.0,10.0,0.2
11,41,0.05199666520146489,60.0,10.0,0.2
11,42,0.0796744292969956,60.0,10.0,0.2
11,43,0.10109807572600465,60.0,10.0,0.2
11,44,0.06983808430046767,60.0,10.0,0.2
11,45,0.051207994539773316,60.0,10.0,0.2
11,46,0.0800024987714576,60.0,10.0,0.2
11,47,0.7787833915063321,5.0,0.0,0.1
11,48,0.7735914987143675,5.0,0.0,0.1
11,49,0.7663429321079205,5.0,0.0,0.1
12,0,0.1949395617721913,50.0,50.0,0.3
12,1,0.22532847728325195,50.0,50.0,0.3
12,2,0.15845493393259708,50.0,50.0,0.3
12,3,0.23670858035904155,50.0,50.0,0.3
12,4,0.1865335983104071,50.0,50.0,0.3
12,5,0.7871232279221675,5.0,0.0,0.1
12,6,0.0,15.0,0.0,0.0
12,7,0.16657586459111764,50.0,50.0,0.3
12,8,0.24415239617879086,50.0,50.0,0.3
12,9,0.21368859679259375,50.0,50.0,0.3
12,10,0.1539024524755564,50.0,50.0,0.3
12,11,0.1449717866473184,50.0,50.0,0.3
12,12,0.21448462655137251,50.0,50.0,0.3
12,13,0.0,10.0,0.0,0.0
12,14,0.15880563164190126,50.0,50.0,0.3
12,15,0.20939532661936866,50.0,50.0,0.3
12,16,0.16597725543720895,50.0,50.0,0.3
12,17,0.10410256489417898,50.0,50.0,0.3
12,18,0.15414184071983092,50.0,50.0,0.3
12,19,0.7772891463678646,5.0,0.0,0.1
12,20,0.1729696857285135,50.0,50.0,0.3
12,21,0.22175937250019961,50.0,50.0,0.3
12,22,0.19342522228973075,50.0,50.0,0.3
12,23,0.7503797168271097,5.0,0.0,0.1
12,24,0.7750883204973376,5.0,0.0,0.1
12,25,0.761951772367869,5.0,0.0,0.1
12,26,0.0,15.0,0.0,0.0
12,27,0.0,15.0,0.0,0.0
12,28,0.0,15.0,0.0,0.0
12,29,0.7774622978034136,5.0,0.0,0.1
12,30,0.7778974911682633,5.0,0.0,0.1
12,31,0.7778189604059782,5.0,0.0,0.1
12,32,0.7509637909098154,5.0,0.0,0.1
12,33,0.7902707521448058,5.0,0.0,0.1
12,34,0.7607980347161667,5.0,0.0,0.1
12,35,0.7691491808893425,5.0,0.0,0.1
12,36,0.7505499343157809,5.0,0.0,0.1
12,37,0.7691885571025211,5.0,0.0,0.1
12,38,0.7990262271496468,5.0,0.0,0.1
12,39,0.7517813268321436,5.0,0.0,0.1
12,40,0.7619887493910609,5.0,0.0,0.1
12,41,0.767900885934682,5.0,0.0,0.1
12,42,0.7560714549789408,5.0,0.0,0.1
12,43,0.7659598987255888,5.0,0.0,0.1
12,44,0.7892624288012616,5.0,0.0,0.1
12,45,0.7690048189854349,5.0,0.0,0.1
12,46,0.7800174206171475,5.0,0.0,0.1
12,47,0.776750348010084,5.0,0.0,0.1
12,48,0.7520392796692819,5.0,0.0,0.1
12,49,0.7568350395603113,5.0,0.0,0.1
13,0,0.24078483358912892,50.0,50.0,0.3
13,1,0.26562759590997065,50.0,50.0,0.3
13,2,0.1742627453082688,50.0,50.0,0.3
13,3,0.16082504103451736,50.0,50.0,0.3
13,4,0.11873527698254566,50.0,50.0,0.3
13,5,0.7886579204668098,5.0,0.0,0.1
13,6,0.0,15.0,0.0,0.0
13,7,0.12989863053289286,50.0,50.0,0.3
13,8,0.2622705542366345,50.0,50.0,0.3
13,9,0.2759031621634286,50.0,50.0,0.3
13,10,0.16242562438448413,50.0,50.0,0.3
13,11,0.15978493279465947,50.0,50.0,0.3
13,12,0.12668311908191798,50.0,50.0,0.3
13,13,0.15462889665344465,50.0,50.0,0.3
13,14,0.0,10.0,0.0,0.0
13,15,0.14575353485018766,50.0,50.0,0.3
13,16,0.13913858508941984,50.0,50.0,0.3
13,17,0.15876718320391664,50.0,50.0,0.3
13,18,0.28791877895699913,50.0,50.0,0.3
13,19,0.23958120942052,50.0,50.0,0.3
13,20,0.7827770051385302,5.0,0.0,0.1
13,21,0.17488580103733253,50.0,50.0,0.3
13,22,0.0,15.0,0.0,0.0
13,23,0.0,15.0,0.0,0.0
13,24,0.0,15.0,0.0,0.0
13,25,0.0,15.0,0.0,0.0
13,26,0.7573783322856016,5.0,0.0,0.1
13,27,0.7829177979385987,5.0,0.0,0.1
13,28,0.7798077606164704,5.0,0.0,0.1
13,29,0.7782923001370048,5.0,0.0,0.1
13,30,0.758461060129019,5.0,0.0,0.1
13,31,0.7829789864256449,5.0,0.0,0.1
13,32,0.7912766517326759,5.0,0.0,0.1
13,33,0.7773913000813109,5.0,0.0,0.1
13,34,0.7742251573188901,5.0,0.0,0.1
13,35,0.7886453107457647,5.0,0.0,0.1
13,36,0.0,10.0,0.0,0.0
13,37,0.0,10.0,0.0,0.0
13,38,0.0,10.0,0.0,0.0
13,39,0.0,10.0,0.0,0.0
13,40,0.0,10.0,0.0,0.0
13,41,0.0,10.0,0.0,0.0
13,42,0.784600547102648,5.0,0.0,0.1
13,43,0.7997146647089088,5.0,0.0,0.1
13,44,0.757726917746654,5.0,0.0,0.1
13,45,0.7695952721982149,5.0,0.0,0.1
13,46,0.779898709150287,5.0,0.0,0.1
13,47,0.7905565181385534,5.0,0.0,0.1
13,48,0.7963720068528977,5.0,0.0,0.1
13,49,0.7568502739755293,5.0,0.0,0.1
14,0,0.2787399424112329,50.0,50.0,0.3
14,1,0.10652285123762982,50.0,50.0,0.3
14,2,0.19673657830334146,50.0,50.0,0.3
14,3,0.17601601438119774,50.0,50.0,0.3
14,4,0.10589535838402338,50.0,50.0,0.3
14,5,0.7960899773113403,5.0,0.0,0.1
14,6,0.0,15.0,0.0,0.0
14,7,0.0,10.0,0.0,0.0
14,8,0.28980996218426647,50.0,50.0,0.3
14,9,0.11137622379293939,50.0,50.0,0.3
14,10,0.2697438217672443,50.0,50.0,0.3
14,11,0.11801382921538894,50.0,50.0,0.3
14,12,0.1220848342399211,50.0,50.0,0.3
14,13,0.18582826947770187,50.0,50.0,0.3
14,14,0.21797094363696612,50.0,50.0,0.3
14,15,0.0,10.0,0.0,0.0
14,16,0.2868352268958483,50.0,50.0,0.3
14,17,0.2714893868770124,50.0,50.0,0.3
14,18,0.13768660348480494,50.0,50.0,0.3
14,19,0.1734481251614407,50.0,50.0,0.3
14,20,0.7535397272999454,5.0,0.0,0.1
14,21,0.0,15.0,0.0,0.0
14,22,0.7858343061027122,5.0,0.0,0.1
14,23,0.7766641115494607,5.0,0.0,0.1
14,24,0.7622520106889094,5.0,0.0,0.1
14,25,0.7654696293504286,5.0,0.0,0.1
14,26,0.791547331004807,5.0,0.0,0.1
14,27,0.7558171463203311,5.0,0.0,0.1
14,28,0.7949160460334282,5.0,0.0,0.1
14,29,0.7950925735228848,5.0,0.0,0.1
14,30,0.7906144718623778,5.0,0.0,0.1
14,31,0.7661876951564575,5.0,0.0,0.1
14,32,0.795150252139396,5.0,0.0,0.1
14,33,0.7910469691847883,5.0,0.0,0.1
14,34,0.0,10.0,0.0,0.0
14,35,0.680894422046189,5.0,0.0,0.6
14,36,0.6755795410310258,5.0,0.0,0.6
14,37,0.6950139644913166,5.0,0.0,0.6
14,38,0.6550454000131574,5.0,0.0,0.6
14,39,0.6640486693900993,5.0,0.0,0.6
14,40,0.6861278864927973,5.0,0.0,0.6
14,41,0.6518113383970123,5.0,0.0,0.6
14,42,0.0,10.0,0.0,0.0
14,43,0.7730202674589243,5.0,0.0,0.1
14,44,0.772468427487446,5.0,0.0,0.1
14,45,0.793380285951102,5.0,0.0,0.1
14,46,0.757836590682621,5.0,0.0,0.1
14,47,0.7915806304347618,5.0,0.0,0.1
14,48,0.7960205405780498,5.0,0.0,0.1
14,49,0.7702721840315818,5.0,0.0,0.1
15,0,0.2457248123581706,50.0,50.0,0.3
15,1,0.2474681043610413,50.0,50.0,0.3
15,2,0.12913479371221212,50.0,50.0,0.3
15,3,0.1600143410814755,50.0,50.0,0.3
15,4,0.1242308733774405,50.0,50.0,0.3
15,5,0.7729875696611154,5.0,0.0,0.1
15,6,0.0,15.0,0.0,0.0
15,7,0.29524644996982086,50.0,50.0,0.3
15,8,0.0,10.0,0.0,0.0
15,9,0.22258663464806333,50.0,50.0,0.3
15,10,0.22812945081389735,50.0,50.0,0.3
15,11,0.2562602254709987,50.0,50.0,0.3
15,12,0.10952152459832508,50.0,50.0,0.3
15,13,0.1202416569227982,50.0,50.0,0.3
15,14,0.11206287940991665,50.0,50.0,0.3
15,15,0.23796415632061169,50.0,50.0,0.3
15,16,0.0,10.0,0.0,0.0
15,17,0.2181842788614012,50.0,50.0,0.3
15,18,0.12290537327213365,50.0,50.0,0.3
15,19,0.0,15.0,0.0,0.0
15,20,0.0,15.0,0.0,0.0
15,21,0.7853259828386351,5.0,0.0,0.1
15,22,0.7891168835763579,5.0,0.0,0.1
15,23,0.7653602891849693,5.0,0.0,0.1
15,24,0.7992232179043568,5.0,0.0,0.1
15,25,0.7984911074121923,5.0,0.0,0.1
15,26,0.7782899529617928,5.0,0.0,0.1
15,27,0.7985727162404268,5.0,0.0,0.1
15,28,0.7913795159000112,5.0,0.0,0.1
15,29,0.7542270416643552,5.0,0.0,0.1
15,30,0.7618745008436494,5.0,0.0,0.1
15,31,0.7798288880928788,5.0,0.0,0.1
15,32,0.7549449038904036,5.0,0.0,0.1
15,33,0.0,10.0,0.0,0.0
15,34,0.6622090400287363,5.0,0.0,0.6
15,35,0.6934411758613696,5.0,0.0,0.6
15,36,0.6957677669453773,5.0,0.0,0.6
15,37,0.669560714184439,5.0,0.0,0.6
15,38,0.6885512696734862,5.0,0.0,0.6
15,39,0.6979636631094505,5.0,0.0,0.6
15,40,0.656227325931447,5.0,0.0,0.6
15,41,0.6697774721814816,5.0,0.0,0.6
15,42,0.7784772954186133,5.0,0.0,0.1
15,43,0.0,10.0,0.0,0.0
15,44,0.0,10.0,0.0,0.0
15,45,0.0,10.0,0.0,0.0
15,46,0.0,10.0,0.0,0.0
15,47,0.0,10.0,0.0,0.0
15,48,0.7626375703064315,5.0,0.0,0.1
15,49,0.7696359025545465,5.0,0.0,0.1
16,0,0.2665088675330065,50.0,50.0,0.3
16,1,0.24664039982107372,50.0,50.0,0.3
16,2,0.19957455144898095,50.0,50.0,0.3
16,3,0.14520412429662388,50.0,50.0,0.3
16,4,0.18627883565894474,50.0,50.0,0.3
16,5,0.7991960469415998,5.0,0.0,0.1
16,6,0.0,15.0,0.0,0.0
16,7,0.2948855755428367,50.0,50.0,0.3
16,8,0.16086625011399924,50.0,50.0,0.3
16,9,0.0,10.0,0.0,0.0
16,10,0.22510298644643692,50.0,50.0,0.3
16,11,0.2687247563964478,50.0,50.0,0.3
16,12,0.19674250349240635,50.0,50.0,0.3
16,13,0.2332754854868825,50.0,50.0,0.3
16,14,0.285228851202888,50.0,50.0,0.3
16,15,0.283116904020971,50.0,50.0,0.3
16,16,0.19576287750640647,50.0,50.0,0.3
16,17,0.0,10.0,0.0,0.0
16,18,0.0,15.0,0.0,0.0
16,19,0.7577623940763386,5.0,0.0,0.1
16,20,0.7774164782447281,5.0,0.0,0.1
16,21,0.7936751037037617,5.0,0.0,0.1
16,22,0.7913356491879011,5.0,0.0,0.1
16,23,0.7784591412611737,5.0,0.0,0.1
16,24,0.7864654877520693,5.0,0.0,0.1
16,25,0.7738125141994378,5.0,0.0,0.1
16,26,0.760731450125288,5.0,0.0,0.1
16,27,0.7874392524238506,5.0,0.0,0.1
16,28,0.7679336022880678,5.0,0.0,0.1
16,29,0.7560172244132916,5.0,0.0,0.1
16,30,0.7847690783375585,5.0,0.0,0.1
16,31,0.0,10.0,0.0,0.0
16,32,0.0,10.0,0.0,0.0
16,33,0.6647510277320803,5.0,0.0,0.6
16,34,0.6680159107899488,5.0,0.0,0.6
16,35,0.6519237568133518,5.0,0.0,0.6
16,36,0.6740011894379501,5.0,0.0,0.6
16,37,0.6514364433013511,5.0,0.0,0.6
16,38,0.6709726682214532,5.0,0.0,0.6
16,39,0.663422899177116,5.0,0.0,0.6
16,40,0.6659166391941649,5.0,0.0,0.6
16,41,0.6999011343504795,5.0,0.0,0.6
16,42,0.7892524243080821,5.0,0.0,0.1
16,43,0.7755355428200849,5.0,0.0,0.1
16,44,0.7837156930613834,5.0,0.0,0.1
16,45,0.7947935900296312,5.0,0.0,0.1
16,46,0.7599971288572058,5.0,0.0,0.1
16,47,0.754978222602102,5.0,0.0,0.1
16,48,0.0,10.0,0.0,0.0
16,49,0.7615854896113794,5.0,0.0,0.1
17,0,0.14942736915394297,50.0,50.0,0.3
17,1,0.10365658939076072,50.0,50.0,0.3
17,2,0.10557633713229649,50.0,50.0,0.3
17,3,0.22674396636743357,50.0,50.0,0.3
17,4,0.24906808893859797,50.0,50.0,0.3
17,5,0.7977734241096126,5.0,0.0,0.1
17,6,0.0,15.0,0.0,0.0
17,7,0.2590824540141503,50.0,50.0,0.3
17,8,0.1571266471080753,50.0,50.0,0.3
17,9,0.18561344059357773,50.0,50.0,0.3
17,10,0.0,10.0,0.0,0.0
17,11,0.1923577085840692,50.0,50.0,0.3
17,12,0.2723197281034158,50.0,50.0,0.3
17,13,0.26080030839232715,50.0,50.0,0.3
17,14,0.19978824462274097,50.0,50.0,0.3
17,15,0.2973087818639438,50.0,50.0,0.3
17,16,0.0,15.0,0.0,0.0
17,17,0.0,15.0,0.0,0.0
17,18,0.7675308054962445,5.0,0.0,0.1
17,19,0.7987362956128451,5.0,0.0,0.1
17,20,0.7526874608808618,5.0,0.0,0.1
17,21,0.7602333431868338,5.0,0.0,0.1
17,22,0.7571793557277118,5.0,0.0,0.1
17,23,0.7941759931921581,5.0,0.0,0.1
17,24,0.7769862342993246,5.0,0.0,0.1
17,25,0.7673632510028432,5.0,0.0,0.1
17,26,0.7622990710680224,5.0,0.0,0.1
17,27,0.7901776429498292,5.0,0.0,0.1
17,28,0.0,10.0,0.0,0.0
17,29,0.0,10.0,0.0,0.0
17,30,0.0,10.0,0.0,0.0
17,31,0.6647222428532703,5.0,0.0,0.6
17,32,0.6992056725204836,5.0,0.0,0.6
17,33,0.6606432071911637,5.0,0.0,0.6
17,34,0.6605578045253505,5.0,0.0,0.6
17,35,0.6853763767025693,5.0,0.0,0.6
17,36,0.6945921595994842,5.0,0.0,0.6
17,37,0.6556058703241155,5.0,0.0,0.6
17,38,0.6666088754779796,5.0,0.0,0.6
17,39,0.6768307877240842,5.0,0.0,0.6
17,40,0.6925234861010187,5.0,0.0,0.6
17,41,0.6833479040136898,5.0,0.0,0.6
17,42,0.7612063078779563,5.0,0.0,0.1
17,43,0.7623311793109313,5.0,0.0,0.1
17,44,0.7511505365993779,5.0,0.0,0.1
17,45,0.7521036524306687,5.0,0.0,0.1
17,46,0.7556213692693006,5.0,0.0,0.1
17,47,0.767470614780756,5.0,0.0,0.1
17,48,0.7902994444986006,5.0,0.0,0.1
17,49,0.0,10.0,0.0,0.0
18,0,0.272706812739972,50.0,50.0,0.3
18,1,0.1418972188307245,50.0,50.0,0.3
18,2,0.22942326092114704,50.0,50.0,0.3
18,3,0.2574689919808434,50.0,50.0,0.3
18,4,0.2017350322145075,50.0,50.0,0.3
18,5,0.7758051713096381,5.0,0.0,0.1
18,6,0.0,15.0,0.0,0.0
18,7,0.27065538759138885,50.0,50.0,0.3
18,8,0.2849521497071643,50.0,50.0,0.3
18,9,0.148424805406891,50.0,50.0,0.3
18,10,0.12350200515178947,50.0,50.0,0.3
18,11,0.0,10.0,0.0,0.0
18,12,0.132039800171884,50.0,50.0,0.3
18,13,0.2690662792735944,50.0,50.0,0.3
18,14,0.1854552198367641,50.0,50.0,0.3
18,15,0.0,15.0,0.0,0.0
18,16,0.1779107843753893,50.0,50.0,0.3
18,17,0.1376303666178929,50.0,50.0,0.3
18,18,0.24348755083044346,50.0,50.0,0.3
18,19,0.08277745610524508,60.0,10.0,0.2
18,20,0.07597339039355164,60.0,10.0,0.2
18,21,0.7850200834167375,5.0,0.0,0.1
18,22,0.787749125843391,5.0,0.0,0.1
18,23,0.7750219013683897,5.0,0.0,0.1
18,24,0.7990741573098759,5.0,0.0,0.1
18,25,0.7955094856716224,5.0,0.0,0.1
18,26,0.7774475857291759,5.0,0.0,0.1
18,27,0.0,10.0,0.0,0.0
18,28,0.6790581447719413,5.0,0.0,0.6
18,29,0.669136562578373,5.0,0.0,0.6
18,30,0.6788663958100474,5.0,0.0,0.6
18,31,0.670981017050532,5.0,0.0,0.6
18,32,0.654540185320421,5.0,0.0,0.6
18,33,0.6826693963444819,5.0,0.0,0.6
18,34,0.6831381400962194,5.0,0.0,0.6
18,35,0.6667257014902519,5.0,0.0,0.6
18,36,0.6644206632894287,5.0,0.0,0.6
18,37,0.6855820903550941,5.0,0.0,0.6
18,38,0.6830251848072377,5.0,0.0,0.6
18,39,0.6555176768418671,5.0,0.0,0.6
18,40,0.6699346373017712,5.0,0.0,0.6
18,41,0.651425848249518,5.0,0.0,0.6
18,42,0.7626910465638534,5.0,0.0,0.1
18,43,0.7663148593336655,5.0,0.0,0.1
18,44,0.7755350773912886,5.0,0.0,0.1
18,45,0.7506470553512761,5.0,0.0,0.1
18,46,0.7504089308499698,5.0,0.0,0.1
18,47,0.7744672766406336,5.0,0.0,0.1
18,48,0.7896380390064971,5.0,0.0,0.1
18,49,0.7504966163221264,5.0,0.0,0.1
19,0,0.6862929078061557,5.0,0.0,0.6
19,1,0.6548548968866638,5.0,0.0,0.6
19,2,0.13690043030112348,50.0,50.0,0.3
19,3,0.19589886481416457,50.0,50.0,0.3
19,4,0.13873225228041902,50.0,50.0,0.3
19,5,0.7721953676851826,5.0,0.0,0.1
19,6,0.0,15.0,0.0,0.0
19,7,0.1340093877854127,50.0,50.0,0.3
19,8,0.2630489017210227,50.0,50.0,0.3
19,9,0.26191792876065667,50.0,50.0,0.3
19,10,0.12646981872965105,50.0,50.0,0.3
19,11,0.11911752795901223,50.0,50.0,0.3
19,12,0.0,10.0,0.0,0.0
19,13,0.0,15.0,0.0,0.0
19,14,0.0,15.0,0.0,0.0
19,15,0.28949507014239384,50.0,50.0,0.3
19,16,0.0,10.0,0.0,0.0
19,17,0.0,10.0,0.0,0.0
19,18,0.061852390561054196,60.0,10.0,0.2
19,19,0.08421560268147361,60.0,10.0,0.2
19,20,0.7564130239101122,5.0,0.0,0.1
19,21,0.7969945884073734,5.0,0.0,0.1
19,22,0.07237318448679458,60.0,10.0,0.2
19,23,0.7782227297651414,5.0,0.0,0.1
19,24,0.787126617124346,5.0,0.0,0.1
19,25,0.7874282610142276,5.0,0.0,0.1
19,26,0.0,10.0,0.0,0.0
19,27,0.6571110618739943,5.0,0.0,0.6
19,28,0.6593676878356202,5.0,0.0,0.6
19,29,0.6523471211880115,5.0,0.0,0.6
19,30,0.6580983984489681,5.0,0.0,0.6
19,31,0.6774578852122455,5.0,0.0,0.6
19,32,0.6663247528826084,5.0,0.0,0.6
19,33,0.676417430190237,5.0,0.0,0.6
19,34,0.6728609779931163,5.0,0.0,0.6
19,35,0.6551863592301115,5.0,0.0,0.6
19,36,0.6748812069824239,5.0,0.0,0.6
19,37,0.6893599055664219,5.0,0.0,0.6
19,38,0.757928465485508,5.0,0.0,0.1
19,39,0.7556516245185629,5.0,0.0,0.1
19,40,0.7627930557665485,5.0,0.0,0.1
19,41,0.7556901503314571,5.0,0.0,0.1
19,42,0.7877382875594712,5.0,0.0,0.1
19,43,0.7737630704705759,5.0,0.0,0.1
19,44,0.7888712670678658,5.0,0.0,0.1
19,45,0.7586241478305216,5.0,0.0,0.1
19,46,0.7666405648187701,5.0,0.0,0.1
19,47,0.7615058910165469,5.0,0.0,0.1
19,48,0.7769095686330881,5.0,0.0,0.1
19,49,0.7696552483945456,5.0,0.0,0.1
20,0,0.6718006250379894,5.0,0.0,0.6
20,1,0.6730070814249872,5.0,0.0,0.6
20,2,0.21038113301820877,50.0,50.0,0.3
20,3,0.13877086563147042,50.0,50.0,0.3
20,4,0.12259720503773947,50.0,50.0,0.3
20,5,0.7898440276931525,5.0,0.0,0.1
20,6,0.0,15.0,0.0,0.0
20,7,0.1949198593577644,50.0,50.0,0.3
20,8,0.2299989110173723,50.0,50.0,0.3
20,9,0.22245019510412511,50.0,50.0,0.3
20,10,0.2559916099601764,50.0,50.0,0.3
20,11,0.0,15.0,0.0,0.0
20,12,0.0,15.0,0.0,0.0
20,13,0.0,10.0,0.0,0.0
20,14,0.1298794437976666,50.0,50.0,0.3
20,15,0.0,10.0,0.0,0.0
20,16,0.21990844539256466,50.0,50.0,0.3
20,17,0.06568015707890273,60.0,10.0,0.2
20,18,0.14707063648217167,60.0,10.0,0.2
20,19,0.7944399405286788,5.0,0.0,0.1
20,20,0.797546459942857,5.0,0.0,0.1
20,21,0.06419428758190579,60.0,10.0,0.2
20,22,0.06166370778339824,60.0,10.0,0.2
20,23,0.7897614704014524,5.0,0.0,0.1
20,24,0.7651001889678013,5.0,0.0,0.1
20,25,0.0,10.0,0.0,0.0
20,26,0.6547350428066904,5.0,0.0,0.6
20,27,0.6939303410383962,5.0,0.0,0.6
20,28,0.6634046716725052,5.0,0.0,0.6
20,29,0.6548188145635687,5.0,0.0,0.6
20,30,0.6856350315236772,5.0,0.0,0.6
20,31,0.6506371447495173,5.0,0.0,0.6
20,32,0.6922019423951227,5.0,0.0,0.6
20,33,0.6670588552002836,5.0,0.0,0.6
20,34,0.6669031418046303,5.0,0.0,0.6
20,35,0.6768825799640416,5.0,0.0,0.6
20,36,0.6522314019561236,5.0,0.0,0.6
20,37,0.6788699972179274,5.0,0.0,0.6
20,38,0.7533600541553096,5.0,0.0,0.1
20,39,0.7808717547735001,5.0,0.0,0.1
20,40,0.7773846428839901,5.0,0.0,0.1
20,41,0.7978810257039664,5.0,0.0,0.1
20,42,0.7646506301856989,5.0,0.0,0.1
20,43,0.7797534411677532,5.0,0.0,0.1
20,44,0.7614355571974305,5.0,0.0,0.1
20,45,0.7962927790806092,5.0,0.0,0.1
20,46,0.7985144341906837,5.0,0.0,0.1
20,47,0.7966200916303332,5.0,0.0,0.1
20,48,0.7902698380277485,5.0,0.0,0.1
20,49,0.7536388356719467,5.0,0.0,0.1
21,0,0.670778003044618,5.0,0.0,0.6
21,1,0.6505044814061858,5.0,0.0,0.6
21,2,0.13086229950512512,50.0,50.0,0.3
21,3,0.10261674540083542,50.0,50.0,0.3
21,4,0.23805157540046412,50.0,50.0,0.3
21,5,0.0,15.0,0.0,0.0
21,6,0.18660066766717293,50.0,50.0,0.3
21,7,0.10482131273425808,50.0,50.0,0.3
21,8,0.25807115116070334,50.0,50.0,0.3
21,9,0.1827220878145373,50.0,50.0,0.3
21,10,0.0,15.0,0.0,0.0
21,11,0.27785863717574677,50.0,50.0,0.3
21,12,0.27322946599549525,50.0,50.0,0.3
21,13,0.0,10.0,0.0,0.0
21,14,0.0,10.0,0.0,0.0
21,15,0.20895213312217592,50.0,50.0,0.3
21,16,0.12161171210672189,60.0,10.0,0.2
21,17,0.13544509740281724,60.0,10.0,0.2
21,18,0.7681051440834633,5.0,0.0,0.1
21,19,0.7793018215653,5.0,0.0,0.1
21,20,0.08809926156110681,60.0,10.0,0.2
21,21,0.07209617682452245,60.0,10.0,0.2
21,22,0.08151911772596408,60.0,10.0,0.2
21,23,0.0,10.0,0.0,0.0
21,24,0.0,10.0,0.0,0.0
21,25,0.6867768397609236,5.0,0.0,0.6
21,26,0.6963730057940704,5.0,0.0,0.6
21,27,0.6510633715886113,5.0,0.0,0.6
21,28,0.6970365596768365,5.0,0.0,0.6
21,29,0.66466597470801,5.0,0.0,0.6
21,30,0.6799243422941545,5.0,0.0,0.6
21,31,0.6955936959089843,5.0,0.0,0.6
21,32,0.6946860486302999,5.0,0.0,0.6
21,33,0.6599082071593446,5.0,0.0,0.6
21,34,0.6888770259443456,5.0,0.0,0.6
21,35,0.6687946517407559,5.0,0.0,0.6
21,36,0.6963473595415456,5.0,0.0,0.6
21,37,0.6828121991658842,5.0,0.0,0.6
21,38,0.7855562616417606,5.0,0.0,0.1
21,39,0.7833235098408128,5.0,0.0,0.1
21,40,0.7604911339996296,5.0,0.0,0.1
21,41,0.7702735729260106,5.0,0.0,0.1
21,42,0.7697753637974102,5.0,0.0,0.1
21,43,0.7586986157937599,5.0,0.0,0.1
21,44,0.7877215209061348,5.0,0.0,0.1
21,45,0.7708006495383,5.0,0.0,0.1
21,46,0.7913812730295905,5.0,0.0,0.1
21,47,0.7720655053628594,5.0,0.0,0.1
21,48,0.7859713351055485,5.0,0.0,0.1
21,49,0.7849697574283895,5.0,0.0,0.1
22,0,0.6577505148041295,5.0,0.0,0.6
22,1,0.6604360811007304,5.0,0.0,0.6
22,2,0.2657228368990342,50.0,50.0,0.3
22,3,0.25805324452046674,50.0,50.0,0.3
22,4,0.17358121257878448,50.0,50.0,0.3
22,5,0.0,15.0,0.0,0.0
22,6,0.14118068151418955,50.0,50.0,0.3
22,7,0.16643386849418887,50.0,50.0,0.3
22,8,0.0,15.0,0.0,0.0
22,9,0.0,15.0,0.0,0.0
22,10,0.0,10.0,0.0,0.0
22,11,0.22921054655057216,50.0,50.0,0.3
22,12,0.0,10.0,0.0,0.0
22,13,0.2658562637855987,50.0,50.0,0.3
22,14,0.0,10.0,0.0,0.0
22,15,0.1131626786670877,50.0,50.0,0.3
22,16,0.10018811343863619,50.0,50.0,0.3
22,17,0.18348434317175974,50.0,50.0,0.3
22,18,0.2756480033827151,50.0,50.0,0.3
22,19,0.08987562051638169,60.0,10.0,0.2
22,20,0.08916870499892979,60.0,10.0,0.2
22,21,0.14961041532754196,60.0,10.0,0.2
22,22,0.12183156252887763,60.0,10.0,0.2
22,23,0.6791428510210067,5.0,0.0,0.6
22,24,0.6571282978968385,5.0,0.0,0.6
22,25,0.6820314833991207,5.0,0.0,0.6
22,26,0.69675584830211,5.0,0.0,0.6
22,27,0.6667552136811548,5.0,0.0,0.6
22,28,0.678721119815881,5.0,0.0,0.6
22,29,0.6991508258805419,5.0,0.0,0.6
22,30,0.6695194529535688,5.0,0.0,0.6
22,31,0.6509809482186748,5.0,0.0,0.6
22,32,0.6631783643100818,5.0,0.0,0.6
22,33,0.7723038103798835,5.0,0.0,0.1
22,34,0.7790003471620774,5.0,0.0,0.1
22,35,0.7797875015997568,5.0,0.0,0.1
22,36,0.7600782047758902,5.0,0.0,0.1
22,37,0.7766441884400419,5.0,0.0,0.1
22,38,0.7925539716233582,5.0,0.0,0.1
22,39,0.7804985229292599,5.0,0.0,0.1
22,40,0.7944316723460831,5.0,0.0,0.1
22,41,0.7984465132814713,5.0,0.0,0.1
22,42,0.765551851674345,5.0,0.0,0.1
22,43,0.7864272095587197,5.0,0.0,0.1
22,44,0.7898959007512486,5.0,0.0,0.1
22,45,0.7781907289025357,5.0,0.0,0.1
22,46,0.7949127542801506,5.0,0.0,0.1
22,47,0.7953925363185055,5.0,0.0,0.1
22,48,0.7908592371811679,5.0,0.0,0.1
22,49,0.7593519267983154,5.0,0.0,0.1
23,0,0.6823327805878592,5.0,0.0,0.6
23,1,0.6683647483279949,5.0,0.0,0.6
23,2,0.11471754981927273,50.0,50.0,0.3
23,3,0.294476370046659,50.0,50.0,0.3
23,4,0.23958599226765803,50.0,50.0,0.3
23,5,0.0,15.0,0.0,0.0
23,6,0.25209612890061706,50.0,50.0,0.3
23,7,0.0,15.0,0.0,0.0
23,8,0.28978452043325936,50.0,50.0,0.3
23,9,0.2661533669848464,50.0,50.0,0.3
23,10,0.13359030387267587,50.0,50.0,0.3
23,11,0.0,10.0,0.0,0.0
23,12,0.20772713423181074,50.0,50.0,0.3
23,13,0.20886810418821086,50.0,50.0,0.3
23,14,0.0,10.0,0.0,0.0
23,15,0.15355004781377507,50.0,50.0,0.3
23,16,0.2166495473856857,50.0,50.0,0.3
23,17,0.1661382341510548,50.0,50.0,0.3
23,18,0.1477879303139022,50.0,50.0,0.3
23,19,0.1066351141142527,60.0,10.0,0.2
23,20,0.10025501478582685,60.0,10.0,0.2
23,21,0.05225082482715642,60.0,10.0,0.2
23,22,0.1291433570854693,60.0,10.0,0.2
23,23,0.6989578366732029,5.0,0.0,0.6
23,24,0.676191096079793,5.0,0.0,0.6
23,25,0.6926212806682855,5.0,0.0,0.6
23,26,0.6937516284077184,5.0,0.0,0.6
23,27,0.6737709035551234,5.0,0.0,0.6
23,28,0.6977793926835834,5.0,0.0,0.6
23,29,0.6712269892058907,5.0,0.0,0.6
23,30,0.6687619492986097,5.0,0.0,0.6
23,31,0.6523360756778016,5.0,0.0,0.6
23,32,0.6817191071734557,5.0,0.0,0.6
23,33,0.7916169709420598,5.0,0.0,0.1
23,34,0.7944896501346995,5.0,0.0,0.1
23,35,0.7894269599915764,5.0,0.0,0.1
23,36,0.7987629108647605,5.0,0.0,0.1
23,37,0.7657064618163417,5.0,0.0,0.1
23,38,0.78177529338954,5.0,0.0,0.1
23,39,0.7975106611545053,5.0,0.0,0.1
23,40,0.78703101975569,5.0,0.0,0.1
23,41,0.763436283885555,5.0,0.0,0.1
23,42,0.7616035785893274,5.0,0.0,0.1
23,43,0.774770241892319,5.0,0.0,0.1
23,44,0.7682213729885623,5.0,0.0,0.1
23,45,0.7630346404335229,5.0,0.0,0.1
23,46,0.7769847154825925,5.0,0.0,0.1
23,47,0.7619624832337387,5.0,0.0,0.1
23,48,0.753725246435564,5.0,0.0,0.1
23,49,0.7579332750169385,5.0,0.0,0.1
24,0,0.6987493887958481,5.0,0.0,0.6
24,1,0.6901936453458345,5.0,0.0,0.6
24,2,0.658199422772421,5.0,0.0,0.6
24,3,0.6595680306898813,5.0,0.0,0.6
24,4,0.6647274671509638,5.0,0.0,0.6
24,5,0.0,15.0,0.0,0.0
24,6,0.0,15.0,0.0,0.0
24,7,0.10072630402922439,50.0,50.0,0.3
24,8,0.16127199234316197,50.0,50.0,0.3
24,9,0.10276662306273021,50.0,50.0,0.3
24,10,0.20429299505085208,50.0,50.0,0.3
24,11,0.0,10.0,0.0,0.0
24,12,0.11262888475539373,50.0,50.0,0.3
24,13,0.228788260265076,50.0,50.0,0.3
24,14,0.0,10.0,0.0,0.0
24,15,0.22116030207294032,50.0,50.0,0.3
24,16,0.1858568708217373,50.0,50.0,0.3
24,17,0.26918467892065734,50.0,50.0,0.3
24,18,0.11101673054347133,50.0,50.0,0.3
24,19,0.056148591779897186,60.0,10.0,0.2
24,20,0.060062935771835184,60.0,10.0,0.2
24,21,0.6588414667510047,5.0,0.0,0.6
24,22,0.6573019809685104,5.0,0.0,0.6
24,23,0.6549649467771093,5.0,0.0,0.6
24,24,0.6997711508055933,5.0,0.0,0.6
24,25,0.6603077292222636,5.0,0.0,0.6
24,26,0.6888326266755749,5.0,0.0,0.6
24,27,0.6931515254109566,5.0,0.0,0.6
24,28,0.6783557070176617,5.0,0.0,0.6
24,29,0.6592865148161986,5.0,0.0,0.6
24,30,0.6854756860209497,5.0,0.0,0.6
24,31,0.6983960293040516,5.0,0.0,0.6
24,32,0.7749139269186165,5.0,0.0,0.1
24,33,0.7732376334266581,5.0,0.0,0.1
24,34,0.7557810996343183,5.0,0.0,0.1
24,35,0.791053126833794,5.0,0.0,0.1
24,36,0.7660087304958385,5.0,0.0,0.1
24,37,0.7826860263033418,5.0,0.0,0.1
24,38,0.7856150492073253,5.0,0.0,0.1
24,39,0.7547094436702392,5.0,0.0,0.1
24,40,0.7642052813479057,5.0,0.0,0.1
24,41,0.7523468147341895,5.0,0.0,0.1
24,42,0.7556150521913476,5.0,0.0,0.1
24,43,0.781702195559865,5.0,0.0,0.1
24,44,0.7921285141550674,5.0,0.0,0.1
24,45,0.7651894015438097,5.0,0.0,0.1
24,46,0.7729277297450646,5.0,0.0,0.1
24,47,0.7882610655325409,5.0,0.0,0.1
24,48,0.7750694273651396,5.0,0.0,0.1
24,49,0.7872182646110744,5.0,0.0,0.1
25,0,0.6536179945570312,5.0,0.0,0.6
25,1,0.6779790602306206,5.0,0.0,0.6
25,2,0.6948218843052778,5.0,0.0,0.6
25,3,0.6617815364775533,5.0,0.0,0.6
25,4,0.0,15.0,0.0,0.0
25,5,0.0,15.0,0.0,0.0
25,6,0.16069408310134606,50.0,50.0,0.3
25,7,0.2648320638999534,50.0,50.0,0.3
25,8,0.135116376303136,50.0,50.0,0.3
25,9,0.2427041722008864,50.0,50.0,0.3
25,10,0.0,10.0,0.0,0.0
25,11,0.23256743830921098,50.0,50.0,0.3
25,12,0.0,10.0,0.0,0.0
25,13,0.22118984763589683,50.0,50.0,0.3
25,14,0.2911907310011195,50.0,50.0,0.3
25,15,0.0,10.0,0.0,0.0
25,16,0.13637929719954264,50.0,50.0,0.3
25,17,0.21895090351774332,50.0,50.0,0.3
25,18,0.16262021861058515,50.0,50.0,0.3
25,19,0.0912154087388058,60.0,10.0,0.2
25,20,0.13111402544892348,60.0,10.0,0.2
25,21,0.6937985420961026,5.0,0.0,0.6
25,22,0.6597012987190484,5.0,0.0,0.6
25,23,0.6777288625761664,5.0,0.0,0.6
25,24,0.6957374516439079,5.0,0.0,0.6
25,25,0.661985180342438,5.0,0.0,0.6
25,26,0.6769340739019458,5.0,0.0,0.6
25,27,0.6575013236979167,5.0,0.0,0.6
25,28,0.6588212542576979,5.0,0.0,0.6
25,29,0.6508268714890146,5.0,0.0,0.6
25,30,0.6651996733258833,5.0,0.0,0.6
25,31,0.6617174812537161,5.0,0.0,0.6
25,32,0.761389108874482,5.0,0.0,0.1
25,33,0.761893653675342,5.0,0.0,0.1
25,34,0.7811382924781969,5.0,0.0,0.1
25,35,0.763948859500549,5.0,0.0,0.1
25,36,0.7984534110581972,5.0,0.0,0.1
25,37,0.7820823439792136,5.0,0.0,0.1
25,38,0.7879193540742316,5.0,0.0,0.1
25,39,0.7852280726324343,5.0,0.0,0.1
25,40,0.7658182332823646,5.0,0.0,0.1
25,41,0.78805676612425,5.0,0.0,0.1
25,42,0.7878596963503058,5.0,0.0,0.1
25,43,0.76911801880216,5.0,0.0,0.1
25,44,0.7856925728963391,5.0,0.0,0.1
25,45,0.7871804983364945,5.0,0.0,0.1
25,46,0.7718719132250275,5.0,0.0,0.1
25,47,0.7935768499975068,5.0,0.0,0.1
25,48,0.7651343834777874,5.0,0.0,0.1
25,49,0.7910437861488582,5.0,0.0,0.1
26,0,0.6745738518127005,5.0,0.0,0.6
26,1,0.6591193289623286,5.0,0.0,0.6
26,2,0.6746486144444482,5.0,0.0,0.6
26,3,0.0,15.0,0.0,0.0
26,4,0.7508278356219309,5.0,0.0,0.1
26,5,0.7782356710226663,5.0,0.0,0.1
26,6,0.0,15.0,0.0,0.0
26,7,0.14364649417922856,50.0,50.0,0.3
26,8,0.12035709425244867,50.0,50.0,0.3
26,9,0.17339377876411743,50.0,50.0,0.3
26,10,0.0,10.0,0.0,0.0
26,11,0.27641804190634706,50.0,50.0,0.3
26,12,0.18481600821418998,50.0,50.0,0.3
26,13,0.0,10.0,0.0,0.0
26,14,0.217342300879372,50.0,50.0,0.3
26,15,0.14007381614347206,50.0,50.0,0.3
26,16,0.0,10.0,0.0,0.0
26,17,0.2785053948023979,50.0,50.0,0.3
26,18,0.19712860065745358,50.0,50.0,0.3
26,19,0.0693926238382795,60.0,10.0,0.2
26,20,0.14917664728199392,60.0,10.0,0.2
26,21,0.699525310729177,5.0,0.0,0.6
26,22,0.6631999455573724,5.0,0.0,0.6
26,23,0.6621121603849011,5.0,0.0,0.6
26,24,0.6652108632667746,5.0,0.0,0.6
26,25,0.6577346627556927,5.0,0.0,0.6
26,26,0.6755186567892193,5.0,0.0,0.6
26,27,0.6665923967785834,5.0,0.0,0.6
26,28,0.6633200696840417,5.0,0.0,0.6
26,29,0.6821045019409465,5.0,0.0,0.6
26,30,0.6563062349100406,5.0,0.0,0.6
26,31,0.7644171040889515,5.0,0.0,0.1
26,32,0.7801181311211832,5.0,0.0,0.1
26,33,0.787623514604085,5.0,0.0,0.1
26,34,0.7846613754050539,5.0,0.0,0.1
26,35,0.7923494322289569,5.0,0.0,0.1
26,36,0.7949592366935548,5.0,0.0,0.1
26,37,0.7551113011585405,5.0,0.0,0.1
26,38,0.7955383649127087,5.0,0.0,0.1
26,39,0.7705427200888877,5.0,0.0,0.1
26,40,0.7505863263042194,5.0,0.0,0.1
26,41,0.7948442015169184,5.0,0.0,0.1
26,42,0.7782396882465469,5.0,0.0,0.1
26,43,0.7812681911546163,5.0,0.0,0.1
26,44,0.7726738129823664,5.0,0.0,0.1
26,45,0.7692907741992917,5.0,0.0,0.1
26,46,0.7779250169476752,5.0,0.0,0.1
26,47,0.7983554666143636,5.0,0.0,0.1
26,48,0.7923046720986949,5.0,0.0,0.1
26,49,0.7559011209067478,5.0,0.0,0.1
27,0,0.6873748152215511,5.0,0.0,0.6
27,1,0.6664935736906289,5.0,0.0,0.6
27,2,0.0,15.0,0.0,0.0
27,3,0.7545573582541806,5.0,0.0,0.1
27,4,0.7872270018326799,5.0,0.0,0.1
27,5,0.7570630836927114,5.0,0.0,0.1
27,6,0.7576833755152529,5.0,0.0,0.1
27,7,0.0,15.0,0.0,0.0
27,8,0.19688991772845965,50.0,50.0,0.3
27,9,0.16818375705070393,50.0,50.0,0.3
27,10,0.0,10.0,0.0,0.0
27,11,0.2794082270928234,50.0,50.0,0.3
27,12,0.22061348229227123,50.0,50.0,0.3
27,13,0.2846734230465069,50.0,50.0,0.3
27,14,0.0,10.0,0.0,0.0
27,15,0.11532415156302137,50.0,50.0,0.3
27,16,0.2898734300556014,50.0,50.0,0.3
27,17,0.0,10.0,0.0,0.0
27,18,0.17282821938472973,50.0,50.0,0.3
27,19,0.19607839292345852,50.0,50.0,0.3
27,20,0.2854141631177458,50.0,50.0,0.3
27,21,0.6639595291237124,5.0,0.0,0.6
27,22,0.6907802836588776,5.0,0.0,0.6
27,23,0.6759458671475322,5.0,0.0,0.6
27,24,0.6771989485115049,5.0,0.0,0.6
27,25,0.6790014788341634,5.0,0.0,0.6
27,26,0.6665020466719767,5.0,0.0,0.6
27,27,0.7528894875271812,5.0,0.0,0.1
27,28,0.7816689893256203,5.0,0.0,0.1
27,29,0.7707094948439034,5.0,0.0,0.1
27,30,0.7661954779921515,5.0,0.0,0.1
27,31,0.7790593793164478,5.0,0.0,0.1
27,32,0.7916562771344764,5.0,0.0,0.1
27,33,0.7822610936841233,5.0,0.0,0.1
27,34,0.79580208806137,5.0,0.0,0.1
27,35,0.7526790288084065,5.0,0.0,0.1
27,36,0.7921633737395362,5.0,0.0,0.1
27,37,0.7746478817529657,5.0,0.0,0.1
27,38,0.7923415632225251,5.0,0.0,0.1
27,39,0.764014901635358,5.0,0.0,0.1
27,40,0.7693422458942645,5.0,0.0,0.1
27,41,0.7530048475791031,5.0,0.0,0.1
27,42,0.7924413475279586,5.0,0.0,0.1
27,43,0.7760044834461246,5.0,0.0,0.1
27,44,0.7867084944391844,5.0,0.0,0.1
27,45,0.7890319485736667,5.0,0.0,0.1
27,46,0.7501220435191788,5.0,0.0,0.1
27,47,0.788511389668513,5.0,0.0,0.1
27,48,0.7887884373337458,5.0,0.0,0.1
27,49,0.7986249957070037,5.0,0.0,0.1
28,0,0.6859943320379337,5.0,0.0,0.6
28,1,0.0,15.0,0.0,0.0
28,2,0.7572617949096191,5.0,0.0,0.1
28,3,0.7877759613990007,5.0,0.0,0.1
28,4,0.7982173631611339,5.0,0.0,0.1
28,5,0.7924959711878613,5.0,0.0,0.1
28,6,0.7599066415563915,5.0,0.0,0.1
28,7,0.0,15.0,0.0,0.0
28,8,0.21442465259255128,50.0,50.0,0.3
28,9,0.29572382768025596,50.0,50.0,0.3
28,10,0.0,10.0,0.0,0.0
28,11,0.12001913722689382,50.0,50.0,0.3
28,12,0.28679166367658854,50.0,50.0,0.3
28,13,0.2954125090612898,50.0,50.0,0.3
28,14,0.0,10.0,0.0,0.0
28,15,0.0,10.0,0.0,0.0
28,16,0.28628780255459174,50.0,50.0,0.3
28,17,0.1271273376987452,50.0,50.0,0.3
28,18,0.0,10.0,0.0,0.0
28,19,0.159574352942998,50.0,50.0,0.3
28,20,0.15909519312729406,50.0,50.0,0.3
28,21,0.6888424256399596,5.0,0.0,0.6
28,22,0.6659030083391952,5.0,0.0,0.6
28,23,0.684297637758558,5.0,0.0,0.6
28,24,0.6589939463767918,5.0,0.0,0.6
28,25,0.6785821774430346,5.0,0.0,0.6
28,26,0.6963042969543111,5.0,0.0,0.6
28,27,0.7571642266226493,5.0,0.0,0.1
28,28,0.7686285856087096,5.0,0.0,0.1
28,29,0.7756616649333287,5.0,0.0,0.1
28,30,0.7936222618342552,5.0,0.0,0.1
28,31,0.7571801037046503,5.0,0.0,0.1
28,32,0.7817223384013812,5.0,0.0,0.1
28,33,0.7649019791773696,5.0,0.0,0.1
28,34,0.7896179808435304,5.0,0.0,0.1
28,35,0.7816284846705086,5.0,0.0,0.1
28,36,0.7555101103113062,5.0,0.0,0.1
28,37,0.7684828312572589,5.0,0.0,0.1
28,38,0.769785755390377,5.0,0.0,0.1
28,39,0.7908246263478916,5.0,0.0,0.1
28,40,0.7691557535000441,5.0,0.0,0.1
28,41,0.7679464532156315,5.0,0.0,0.1
28,42,0.771772376122418,5.0,0.0,0.1
28,43,0.7893552352890482,5.0,0.0,0.1
28,44,0.7989033563577891,5.0,0.0,0.1
28,45,0.7865052132370028,5.0,0.0,0.1
28,46,0.7667654143242929,5.0,0.0,0.1
28,47,0.7911017126391642,5.0,0.0,0.1
28,48,0.7691257152024535,5.0,0.0,0.1
28,49,0.7732180957456589,5.0,0.0,0.1
29,0,0.0,15.0,0.0,0.0
29,1,0.7994563153771667,5.0,0.0,0.1
29,2,0.7755312687391328,5.0,0.0,0.1
29,3,0.7925674725837263,5.0,0.0,0.1
29,4,0.7926976459252935,5.0,0.0,0.1
29,5,0.7948840261854082,5.0,0.0,0.1
29,6,0.7939483060250556,5.0,0.0,0.1
29,7,0.0,15.0,0.0,0.0
29,8,0.24357114720917974,50.0,50.0,0.3
29,9,0.1302288397266674,50.0,50.0,0.3
29,10,0.2528592232470529,50.0,50.0,0.3
29,11,0.1042545868008626,50.0,50.0,0.3
29,12,0.22607330402932788,50.0,50.0,0.3
29,13,0.0,10.0,0.0,0.0
29,14,0.28258493423938036,50.0,50.0,0.3
29,15,0.226211037682114,50.0,50.0,0.3
29,16,0.0,10.0,0.0,0.0
29,17,0.14276411941324102,50.0,50.0,0.3
29,18,0.2694555448840891,50.0,50.0,0.3
29,19,0.0,10.0,0.0,0.0
29,20,0.21612293351507317,50.0,50.0,0.3
29,21,0.6801936053626862,5.0,0.0,0.6
29,22,0.6784682349150565,5.0,0.0,0.6
29,23,0.6817049213049438,5.0,0.0,0.6
29,24,0.6906430291383662,5.0,0.0,0.6
29,25,0.6812628751656167,5.0,0.0,0.6
29,26,0.6936593741658762,5.0,0.0,0.6
29,27,0.7728619014594796,5.0,0.0,0.1
29,28,0.7622139874182062,5.0,0.0,0.1
29,29,0.7757054897436638,5.0,0.0,0.1
29,30,0.7808602229850066,5.0,0.0,0.1
29,31,0.7751362491141056,5.0,0.0,0.1
29,32,0.7935181908792612,5.0,0.0,0.1
29,33,0.7758315755586909,5.0,0.0,0.1
29,34,0.7783391500711093,5.0,0.0,0.1
29,35,0.7605156340575558,5.0,0.0,0.1
29,36,0.7659799783580546,5.0,0.0,0.1
29,37,0.7916628391733153,5.0,0.0,0.1
29,38,0.7996596851014272,5.0,0.0,0.1
29,39,0.7757803638479942,5.0,0.0,0.1
29,40,0.7835184229269415,5.0,0.0,0.1
29,41,0.789164636181212,5.0,0.0,0.1
29,42,0.7603204014232592,5.0,0.0,0.1
29,43,0.7986598495219692,5.0,0.0,0.1
29,44,0.7901723971526182,5.0,0.0,0.1
29,45,0.787135403561211,5.0,0.0,0.1
29,46,0.7931459371235081,5.0,0.0,0.1
29,47,0.7639001656538721,5.0,0.0,0.1
29,48,0.7538215369385505,5.0,0.0,0.1
29,49,0.7626067140576851,5.0,0.0,0.1
30,0,0.7736593195272646,5.0,0.0,0.1
30,1,0.7778679595070157,5.0,0.0,0.1
30,2,0.789590833327878,5.0,0.0,0.1
30,3,0.794324638867454,5.0,0.0,0.1
30,4,0.7606725914760948,5.0,0.0,0.1
30,5,0.7659483988768194,5.0,0.0,0.1
30,6,0.7586754645973435,5.0,0.0,0.1
30,7,0.0,15.0,0.0,0.0
30,8,0.29089433216682614,50.0,50.0,0.3
30,9,0.29315037085910733,50.0,50.0,0.3
30,10,0.1498115745210807,50.0,50.0,0.3
30,11,0.16378344676545156,50.0,50.0,0.3
30,12,0.0,10.0,0.0,0.0
30,13,0.12836199705575385,50.0,50.0,0.3
30,14,0.204284876458531,50.0,50.0,0.3
30,15,0.2324976229755821,50.0,50.0,0.3
30,16,0.0,10.0,0.0,0.0
30,17,0.0,10.0,0.0,0.0
30,18,0.23721097779001668,50.0,50.0,0.3
30,19,0.1844399888542991,50.0,50.0,0.3
30,20,0.0,10.0,0.0,0.0
30,21,0.6942110942650618,5.0,0.0,0.6
30,22,0.6893159894210134,5.0,0.0,0.6
30,23,0.6905813949651739,5.0,0.0,0.6
30,24,0.6714412933097735,5.0,0.0,0.6
30,25,0.6816765944729257,5.0,0.0,0.6
30,26,0.6858376201957125,5.0,0.0,0.6
30,27,0.787530543485349,5.0,0.0,0.1
30,28,0.7766627973174848,5.0,0.0,0.1
30,29,0.7537921089584939,5.0,0.0,0.1
30,30,0.7964531957647004,5.0,0.0,0.1
30,31,0.7531967741287385,5.0,0.0,0.1
30,32,0.7943666702904996,5.0,0.0,0.1
30,33,0.7747064901286717,5.0,0.0,0.1
30,34,0.7931146922957332,5.0,0.0,0.1
30,35,0.7964886751260615,5.0,0.0,0.1
30,36,0.7540110191724476,5.0,0.0,0.1
30,37,0.7826297688917174,5.0,0.0,0.1
30,38,0.7991000257021103,5.0,0.0,0.1
30,39,0.792285118641517,5.0,0.0,0.1
30,40,0.7859767866347728,5.0,0.0,0.1
30,41,0.7916881437236674,5.0,0.0,0.1
30,42,0.7607131933971453,5.0,0.0,0.1
30,43,0.7934660241221811,5.0,0.0,0.1
30,44,0.7957398798950555,5.0,0.0,0.1
30,45,0.7926739240919581,5.0,0.0,0.1
30,46,0.7569025856119718,5.0,0.0,0.1
30,47,0.7753603983001249,5.0,0.0,0.1
30,48,0.7568811961945231,5.0,0.0,0.1
30,49,0.7707034752375839,5.0,0.0,0.1
31,0,0.7955511176233248,5.0,0.0,0.1
31,1,0.7688304540818379,5.0,0.0,0.1
31,2,0.7862910452973129,5.0,0.0,0.1
31,3,0.7871667706823381,5.0,0.0,0.1
31,4,0.7833510628188275,5.0,0.0,0.1
31,5,0.7560946637459192,5.0,0.0,0.1
31,6,0.7728704624863284,5.0,0.0,0.1
31,7,0.0,15.0,0.0,0.0
31,8,0.17884555813939457,50.0,50.0,0.3
31,9,0.2546295871603966,50.0,50.0,0.3
31,10,0.25426593074993625,50.0,50.0,0.3
31,11,0.20595782696455756,50.0,50.0,0.3
31,12,0.10670073525325584,50.0,50.0,0.3
31,13,0.0,10.0,0.0,0.0
31,14,0.11805300101314498,50.0,50.0,0.3
31,15,0.0,10.0,0.0,0.0
31,16,0.11873232794406847,50.0,50.0,0.3
31,17,0.11982897170655456,50.0,50.0,0.3
31,18,0.0,10.0,0.0,0.0
31,19,0.24984526184030073,50.0,50.0,0.3
31,20,0.14296195287192398,50.0,50.0,0.3
31,21,0.0,10.0,0.0,0.0
31,22,0.6967615510676699,5.0,0.0,0.6
31,23,0.6976575402806329,5.0,0.0,0.6
31,24,0.6710847740361252,5.0,0.0,0.6
31,25,0.6599088378428166,5.0,0.0,0.6
31,26,0.6661427160239023,5.0,0.0,0.6
31,27,0.7896335581872821,5.0,0.0,0.1
31,28,0.7786088567136004,5.0,0.0,0.1
31,29,0.7510918206050722,5.0,0.0,0.1
31,30,0.7892259790518497,5.0,0.0,0.1
31,31,0.7988731824746069,5.0,0.0,0.1
31,32,0.7831824840280232,5.0,0.0,0.1
31,33,0.7587742282473853,5.0,0.0,0.1
31,34,0.7626830973703888,5.0,0.0,0.1
31,35,0.7920185248963255,5.0,0.0,0.1
31,36,0.7922529296968899,5.0,0.0,0.1
31,37,0.7902887558665201,5.0,0.0,0.1
31,38,0.7633761470913392,5.0,0.0,0.1
31,39,0.7918090330560448,5.0,0.0,0.1
31,40,0.760043759826363,5.0,0.0,0.1
31,41,0.7500172927361899,5.0,0.0,0.1
31,42,0.7766410755248465,5.0,0.0,0.1
31,43,0.7998730910289737,5.0,0.0,0.1
31,44,0.776143199159766,5.0,0.0,0.1
31,45,0.7828680799647434,5.0,0.0,0.1
31,46,0.7670542477111038,5.0,0.0,0.1
31,47,0.7568237211748119,5.0,0.0,0.1
31,48,0.7520136761086528,5.0,0.0,0.1
31,49,0.7580696210027097,5.0,0.0,0.1
32,0,0.7629088958798962,5.0,0.0,0.1
32,1,0.7682779299723697,5.0,0.0,0.1
32,2,0.7686267839190226,5.0,0.0,0.1
32,3,0.7777698039085428,5.0,0.0,0.1
32,4,0.7715553400223036,5.0,0.0,0.1
32,5,0.7945520966988066,5.0,0.0,0.1
32,6,0.7902611424559608,5.0,0.0,0.1
32,7,0.0,15.0,0.0,0.0
32,8,0.29862263725016036,50.0,50.0,0.3
32,9,0.10343459609566502,50.0,50.0,0.3
32,10,0.21142018146982164,50.0,50.0,0.3
32,11,0.1817756931688333,50.0,50.0,0.3
32,12,0.20102984216471903,50.0,50.0,0.3
32,13,0.1397135353105237,50.0,50.0,0.3
32,14,0.0,10.0,0.0,0.0
32,15,0.1569550781027667,50.0,50.0,0.3
32,16,0.21387001923336707,50.0,50.0,0.3
32,17,0.28916411674615694,50.0,50.0,0.3
32,18,0.2483896457423053,50.0,50.0,0.3
32,19,0.0,10.0,0.0,0.0
32,20,0.0,10.0,0.0,0.0
32,21,0.19273510833619822,50.0,50.0,0.3
32,22,0.0,10.0,0.0,0.0
32,23,0.65143061565272,5.0,0.0,0.6
32,24,0.678365255228086,5.0,0.0,0.6
32,25,0.6724368190225958,5.0,0.0,0.6
32,26,0.6927483773308986,5.0,0.0,0.6
32,27,0.787194451743676,5.0,0.0,0.1
32,28,0.7878537049286685,5.0,0.0,0.1
32,29,0.771055212769597,5.0,0.0,0.1
32,30,0.7538862961933328,5.0,0.0,0.1
32,31,0.7554025282840936,5.0,0.0,0.1
32,32,0.7646022638543499,5.0,0.0,0.1
32,33,0.7862503300759007,5.0,0.0,0.1
32,34,0.7999788147741987,5.0,0.0,0.1
32,35,0.764031138738034,5.0,0.0,0.1
32,36,0.7529778586066944,5.0,0.0,0.1
32,37,0.7986040142739329,5.0,0.0,0.1
32,38,0.7744087728171971,5.0,0.0,0.1
32,39,0.7897101787128927,5.0,0.0,0.1
32,40,0.7607694409160781,5.0,0.0,0.1
32,41,0.767410747497122,5.0,0.0,0.1
32,42,0.7827725854927404,5.0,0.0,0.1
32,43,0.7691966708287443,5.0,0.0,0.1
32,44,0.7554600716877896,5.0,0.0,0.1
32,45,0.7530346696255582,5.0,0.0,0.1
32,46,0.7761546922142991,5.0,0.0,0.1
32,47,0.7539694195602151,5.0,0.0,0.1
32,48,0.7915757302263708,5.0,0.0,0.1
32,49,0.7571352893635211,5.0,0.0,0.1
33,0,0.795662641309232,5.0,0.0,0.1
33,1,0.7698273541639962,5.0,0.0,0.1
33,2,0.7512163620636977,5.0,0.0,0.1
33,3,0.7792052968116553,5.0,0.0,0.1
33,4,0.7576225906523817,5.0,0.0,0.1
33,5,0.7806319783305096,5.0,0.0,0.1
33,6,0.792429926011798,5.0,0.0,0.1
33,7,0.0,15.0,0.0,0.0
33,8,0.23346330349070674,50.0,50.0,0.3
33,9,0.1887945444228174,50.0,50.0,0.3
33,10,0.11885570446290715,50.0,50.0,0.3
33,11,0.20656939726475793,50.0,50.0,0.3
33,12,0.22305940403273583,50.0,50.0,0.3
33,13,0.1497291088252842,50.0,50.0,0.3
33,14,0.26847110113435235,50.0,50.0,0.3
33,15,0.0,10.0,0.0,0.0
33,16,0.26867239611278565,50.0,50.0,0.3
33,17,0.23259215428635518,50.0,50.0,0.3
33,18,0.27511782024703535,50.0,50.0,0.3
33,19,0.0,10.0,0.0,0.0
33,20,0.0,10.0,0.0,0.0
33,21,0.11397147754863766,50.0,50.0,0.3
33,22,0.13889765423047135,50.0,50.0,0.3
33,23,0.0,10.0,0.0,0.0
33,24,0.6775805457216669,5.0,0.0,0.6
33,25,0.6860912313038843,5.0,0.0,0.6
33,26,0.6902379013179847,5.0,0.0,0.6
33,27,0.7807469753337559,5.0,0.0,0.1
33,28,0.7634143672215945,5.0,0.0,0.1
33,29,0.763940088050708,5.0,0.0,0.1
33,30,0.7573224444495358,5.0,0.0,0.1
33,31,0.7904055237163499,5.0,0.0,0.1
33,32,0.7689772514705016,5.0,0.0,0.1
33,33,0.7718900073837844,5.0,0.0,0.1
33,34,0.7897913992243871,5.0,0.0,0.1
33,35,0.7882753265647828,5.0,0.0,0.1
33,36,0.7937164571268606,5.0,0.0,0.1
33,37,0.7786054628631205,5.0,0.0,0.1
33,38,0.764846822346577,5.0,0.0,0.1
33,39,0.7875942068176627,5.0,0.0,0.1
33,40,0.7649994969747294,5.0,0.0,0.1
33,41,0.7672077479501909,5.0,0.0,0.1
33,42,0.7744594897294672,5.0,0.0,0.1
33,43,0.78902952562579,5.0,0.0,0.1
33,44,0.7582872733972847,5.0,0.0,0.1
33,45,0.772092421441336,5.0,0.0,0.1
33,46,0.765543068558298,5.0,0.0,0.1
33,47,0.7931682383928862,5.0,0.0,0.1
33,48,0.758320864634054,5.0,0.0,0.1
33,49,0.7876930056617423,5.0,0.0,0.1
34,0,0.7955278457048436,5.0,0.0,0.1
34,1,0.7968281578729819,5.0,0.0,0.1
34,2,0.7584741944307356,5.0,0.0,0.1
34,3,0.7844629902955957,5.0,0.0,0.1
34,4,0.7731748331854164,5.0,0.0,0.1
34,5,0.7663756511254263,5.0,0.0,0.1
34,6,0.7598920392287439,5.0,0.0,0.1
34,7,0.0,15.0,0.0,0.0
34,8,0.2855595604828921,50.0,50.0,0.3
34,9,0.24780165180307856,50.0,50.0,0.3
34,10,0.2533227626931983,50.0,50.0,0.3
34,11,0.11304654982371709,50.0,50.0,0.3
34,12,0.11081814818733848,50.0,50.0,0.3
34,13,0.214892805373559,50.0,50.0,0.3
34,14,0.2278791063892757,50.0,50.0,0.3
34,15,0.2966425744379818,50.0,50.0,0.3
34,16,0.0,10.0,0.0,0.0
34,17,0.14571453418547028,50.0,50.0,0.3
34,18,0.0,10.0,0.0,0.0
34,19,0.19821040540938928,50.0,50.0,0.3
34,20,0.225609713352238,50.0,50.0,0.3
34,21,0.0,10.0,0.0,0.0
34,22,0.140662200655957,50.0,50.0,0.3
34,23,0.15458422486147141,50.0,50.0,0.3
34,24,0.0,10.0,0.0,0.0
34,25,0.6513394869086375,5.0,0.0,0.6
34,26,0.6527915611273734,5.0,0.0,0.6
34,27,0.7865051082834105,5.0,0.0,0.1
34,28,0.7516405830871482,5.0,0.0,0.1
34,29,0.7736049001371225,5.0,0.0,0.1
34,30,0.7714679688555653,5.0,0.0,0.1
34,31,0.7587484718678033,5.0,0.0,0.1
34,32,0.791224684018333,5.0,0.0,0.1
34,33,0.7500955106292517,5.0,0.0,0.1
34,34,0.7593401996220603,5.0,0.0,0.1
34,35,0.7870451504192442,5.0,0.0,0.1
34,36,0.7879122186992907,5.0,0.0,0.1
34,37,0.7570311287011522,5.0,0.0,0.1
34,38,0.7788683685327215,5.0,0.0,0.1
34,39,0.7752786235568673,5.0,0.0,0.1
34,40,0.7589995713869461,5.0,0.0,0.1
34,41,0.7604742163994801,5.0,0.0,0.1
34,42,0.758539369281075,5.0,0.0,0.1
34,43,0.7818037458864401,5.0,0.0,0.1
34,44,0.7736713274608358,5.0,0.0,0.1
34,45,0.7698713906957775,5.0,0.0,0.1
34,46,0.7580299608159826,5.0,0.0,0.1
34,47,0.7532128925452541,5.0,0.0,0.1
34,48,0.7557517927117996,5.0,0.0,0.1
34,49,0.7733880854947783,5.0,0.0,0.1
35,0,0.7722294545797045,5.0,0.0,0.1
35,1,0.7715981623222488,5.0,0.0,0.1
35,2,0.7932842570838247,5.0,0.0,0.1
35,3,0.7985265658509392,5.0,0.0,0.1
35,4,0.7673499737936804,5.0,0.0,0.1
35,5,0.7600340251727935,5.0,0.0,0.1
35,6,0.7897527545368043,5.0,0.0,0.1
35,7,0.0,15.0,0.0,0.0
35,8,0.1089599476803638,50.0,50.0,0.3
35,9,0.2675400536394251,50.0,50.0,0.3
35,10,0.1613721654698907,50.0,50.0,0.3
35,11,0.29898122340720085,50.0,50.0,0.3
35,12,0.7610530175892154,5.0,0.0,0.1
35,13,0.7517038469453097,5.0,0.0,0.1
35,14,0.2343164561743483,50.0,50.0,0.3
35,15,0.21370711743531884,50.0,50.0,0.3
35,16,0.22971308896016734,50.0,50.0,0.3
35,17,0.0,10.0,0.0,0.0
35,18,0.25570490585388567,50.0,50.0,0.3
35,19,0.16429036570592798,50.0,50.0,0.3
35,20,0.14003364645276722,50.0,50.0,0.3
35,21,0.2621846092110527,50.0,50.0,0.3
35,22,0.0,10.0,0.0,0.0
35,23,0.0,10.0,0.0,0.0
35,24,0.29037898183828237,50.0,50.0,0.3
35,25,0.6799545382701003,5.0,0.0,0.6
35,26,0.6903009939566902,5.0,0.0,0.6
35,27,0.7652817556689436,5.0,0.0,0.1
35,28,0.7831301306652718,5.0,0.0,0.1
35,29,0.7744310012616965,5.0,0.0,0.1
35,30,0.7564102111907578,5.0,0.0,0.1
35,31,0.7518597660533467,5.0,0.0,0.1
35,32,0.7729519848935231,5.0,0.0,0.1
35,33,0.7770068714156263,5.0,0.0,0.1
35,34,0.7523782225842283,5.0,0.0,0.1
35,35,0.7805759778394069,5.0,0.0,0.1
35,36,0.7572016705370963,5.0,0.0,0.1
35,37,0.7563476205122466,5.0,0.0,0.1
35,38,0.7707784784297904,5.0,0.0,0.1
35,39,0.7999483981698121,5.0,0.0,0.1
35,40,0.7816804226997333,5.0,0.0,0.1
35,41,0.7763069549998315,5.0,0.0,0.1
35,42,0.7908939904003012,5.0,0.0,0.1
35,43,0.7603072029716724,5.0,0.0,0.1
35,44,0.7646333514072371,5.0,0.0,0.1
35,45,0.7507426877469163,5.0,0.0,0.1
35,46,0.7740384513447142,5.0,0.0,0.1
35,47,0.771599014647103,5.0,0.0,0.1
35,48,0.7953372160474198,5.0,0.0,0.1
35,49,0.798480293436079,5.0,0.0,0.1
36,0,0.7777665678867918,5.0,0.0,0.1
36,1,0.7583736220151335,5.0,0.0,0.1
36,2,0.7774882715161633,5.0,0.0,0.1
36,3,0.7778241714461764,5.0,0.0,0.1
36,4,0.7931290660924921,5.0,0.0,0.1
36,5,0.7729770168943744,5.0,0.0,0.1
36,6,0.7585789056210267,5.0,0.0,0.1
36,7,0.797860381063015,5.0,0.0,0.1
36,8,0.0,15.0,0.0,0.0
36,9,0.2969918290298679,50.0,50.0,0.3
36,10,0.13552398237414026,50.0,50.0,0.3
36,11,0.21128494391087826,50.0,50.0,0.3
36,12,0.15066603290442315,50.0,50.0,0.3
36,13,0.12256882429011982,50.0,50.0,0.3
36,14,0.7547239798641696,5.0,0.0,0.1
36,15,0.11066246795951223,50.0,50.0,0.3
36,16,0.29121267798454314,50.0,50.0,0.3
36,17,0.28069893776721966,50.0,50.0,0.3
36,18,0.0,10.0,0.0,0.0
36,19,0.11255555859065472,50.0,50.0,0.3
36,20,0.2599901506720105,50.0,50.0,0.3
36,21,0.23644327538380988,50.0,50.0,0.3
36,22,0.0,10.0,0.0,0.0
36,23,0.2570078022036633,50.0,50.0,0.3
36,24,0.11756180714378912,50.0,50.0,0.3
36,25,0.6648044176981079,5.0,0.0,0.6
36,26,0.6991244596313254,5.0,0.0,0.6
36,27,0.6662086912283599,5.0,0.0,0.6
36,28,0.6964602945467449,5.0,0.0,0.6
36,29,0.7568089872746165,5.0,0.0,0.1
36,30,0.7972161689798505,5.0,0.0,0.1
36,31,0.7987800192674837,5.0,0.0,0.1
36,32,0.7508347879754773,5.0,0.0,0.1
36,33,0.7925259017735072,5.0,0.0,0.1
36,34,0.7853620668365721,5.0,0.0,0.1
36,35,0.7787237323086355,5.0,0.0,0.1
36,36,0.7520496998288395,5.0,0.0,0.1
36,37,0.7812315047847604,5.0,0.0,0.1
36,38,0.7771981211538816,5.0,0.0,0.1
36,39,0.7526959007067847,5.0,0.0,0.1
36,40,0.794983934192077,5.0,0.0,0.1
36,41,0.7767205008926469,5.0,0.0,0.1
36,42,0.7941558307941042,5.0,0.0,0.1
36,43,0.7756889749427069,5.0,0.0,0.1
36,44,0.7659902782343848,5.0,0.0,0.1
36,45,0.7820604785292982,5.0,0.0,0.1
36,46,0.7696372952784337,5.0,0.0,0.1
36,47,0.7833877579905197,5.0,0.0,0.1
36,48,0.7514025460385169,5.0,0.0,0.1
36,49,0.7849732549953767,5.0,0.0,0.1
37,0,0.7897143154886556,5.0,0.0,0.1
37,1,0.7549453930122362,5.0,0.0,0.1
37,2,0.7707374664018967,5.0,0.0,0.1
37,3,0.7708780471419067,5.0,0.0,0.1
37,4,0.7772266480561142,5.0,0.0,0.1
37,5,0.7948422009591803,5.0,0.0,0.1
37,6,0.7770156224312083,5.0,0.0,0.1
37,7,0.7591550602349535,5.0,0.0,0.1
37,8,0.771340584324924,5.0,0.0,0.1
37,9,0.0,15.0,0.0,0.0
37,10,0.28692903093644273,50.0,50.0,0.3
37,11,0.20357627360846928,50.0,50.0,0.3
37,12,0.2836537250154423,50.0,50.0,0.3
37,13,0.21069337371231678,50.0,50.0,0.3
37,14,0.7783342123194649,5.0,0.0,0.1
37,15,0.7758786331815305,5.0,0.0,0.1
37,16,0.785756074673327,5.0,0.0,0.1
37,17,0.27471815685426604,50.0,50.0,0.3
37,18,0.1003038411917743,50.0,50.0,0.3
37,19,0.0,10.0,0.0,0.0
37,20,0.206673367597761,50.0,50.0,0.3
37,21,0.0,10.0,0.0,0.0
37,22,0.1887570008377138,50.0,50.0,0.3
37,23,0.24813472035006467,50.0,50.0,0.3
37,24,0.0,10.0,0.0,0.0
37,25,0.17666719717965632,50.0,50.0,0.3
37,26,0.1821236156524788,50.0,50.0,0.3
37,27,0.6993798767788358,5.0,0.0,0.6
37,28,0.6527616503810963,5.0,0.0,0.6
37,29,0.7670457702068618,5.0,0.0,0.1
37,30,0.7685082824913844,5.0,0.0,0.1
37,31,0.7760716022223304,5.0,0.0,0.1
37,32,0.7717032816951415,5.0,0.0,0.1
37,33,0.7849590968570463,5.0,0.0,0.1
37,34,0.7953578398545845,5.0,0.0,0.1
37,35,0.7894474308159063,5.0,0.0,0.1
37,36,0.752055182948132,5.0,0.0,0.1
37,37,0.7941225737990061,5.0,0.0,0.1
37,38,0.7571773375548598,5.0,0.0,0.1
37,39,0.7651821018735291,5.0,0.0,0.1
37,40,0.7680097416279743,5.0,0.0,0.1
37,41,0.7522805436118642,5.0,0.0,0.1
37,42,0.7894322129739959,5.0,0.0,0.1
37,43,0.753012437949055,5.0,0.0,0.1
37,44,0.7991678660336619,5.0,0.0,0.1
37,45,0.7921328508369995,5.0,0.0,0.1
37,46,0.7581307589983111,5.0,0.0,0.1
37,47,0.7639927977251763,5.0,0.0,0.1
37,48,0.7708597639235555,5.0,0.0,0.1
37,49,0.7683130331771716,5.0,0.0,0.1
38,0,0.7545848245614114,5.0,0.0,0.1
38,1,0.7587428790350653,5.0,0.0,0.1
38,2,0.7631706896173057,5.0,0.0,0.1
38,3,0.7852617445214506,5.0,0.0,0.1
38,4,0.796213864411016,5.0,0.0,0.1
38,5,0.786589992503505,5.0,0.0,0.1
38,6,0.7778655191522238,5.0,0.0,0.1
38,7,0.7922091657250203,5.0,0.0,0.1
38,8,0.7777893805012682,5.0,0.0,0.1
38,9,0.7956268563499892,5.0,0.0,0.1
38,10,0.0,15.0,0.0,0.0
38,11,0.18279504345646952,50.0,50.0,0.3
38,12,0.1756204620570536,50.0,50.0,0.3
38,13,0.2652823115141837,50.0,50.0,0.3
38,14,0.2595497896804436,50.0,50.0,0.3
38,15,0.23585288762045464,50.0,50.0,0.3
38,16,0.7509011015714804,5.0,0.0,0.1
38,17,0.21364278558538707,50.0,50.0,0.3
38,18,0.268412871364771,50.0,50.0,0.3
38,19,0.19859174017887848,50.0,50.0,0.3
38,20,0.0,10.0,0.0,0.0
38,21,0.12393009385408081,50.0,50.0,0.3
38,22,0.0,10.0,0.0,0.0
38,23,0.24551385843457796,50.0,50.0,0.3
38,24,0.10689550983125262,50.0,50.0,0.3
38,25,0.0,10.0,0.0,0.0
38,26,0.20169198177988706,50.0,50.0,0.3
38,27,0.19182037603790558,50.0,50.0,0.3
38,28,0.6726928728226804,5.0,0.0,0.6
38,29,0.6977590302920307,5.0,0.0,0.6
38,30,0.7554737060967824,5.0,0.0,0.1
38,31,0.7526118942686431,5.0,0.0,0.1
38,32,0.7873991251891941,5.0,0.0,0.1
38,33,0.7589233928761661,5.0,0.0,0.1
38,34,0.7765263048270089,5.0,0.0,0.1
38,35,0.7829319686883771,5.0,0.0,0.1
38,36,0.7676561306409697,5.0,0.0,0.1
38,37,0.7717348157650668,5.0,0.0,0.1
38,38,0.7946419216270266,5.0,0.0,0.1
38,39,0.7992421931321053,5.0,0.0,0.1
38,40,0.7901395634848345,5.0,0.0,0.1
38,41,0.7652732350214322,5.0,0.0,0.1
38,42,0.7860746413668664,5.0,0.0,0.1
38,43,0.7526062498786952,5.0,0.0,0.1
38,44,0.7548378760659639,5.0,0.0,0.1
38,45,0.7773275484259968,5.0,0.0,0.1
38,46,0.7620091395866185,5.0,0.0,0.1
38,47,0.7898217807182965,5.0,0.0,0.1
38,48,0.7794414760201898,5.0,0.0,0.1
38,49,0.7818436889461298,5.0,0.0,0.1
39,0,0.7785733260569139,5.0,0.0,0.1
39,1,0.7744314774327632,5.0,0.0,0.1
39,2,0.760253304296401,5.0,0.0,0.1
39,3,0.7974498305145308,5.0,0.0,0.1
39,4,0.7768383603296289,5.0,0.0,0.1
39,5,0.7858664317965863,5.0,0.0,0.1
39,6,0.7855172273243873,5.0,0.0,0.1
39,7,0.7543876422517504,5.0,0.0,0.1
39,8,0.7707594363538416,5.0,0.0,0.1
39,9,0.7851112841755253,5.0,0.0,0.1
39,10,0.7551185769359265,5.0,0.0,0.1
39,11,0.0,15.0,0.0,0.0
39,12,0.18715737332873025,50.0,50.0,0.3
39,13,0.19489740838084874,50.0,50.0,0.3
39,14,0.1785283728612563,50.0,50.0,0.3
39,15,0.13514813518950922,50.0,50.0,0.3
39,16,0.1825338837987414,50.0,50.0,0.3
39,17,0.21544339410860322,50.0,50.0,0.3
39,18,0.13000940973183556,50.0,50.0,0.3
39,19,0.0,10.0,0.0,0.0
39,20,0.0,10.0,0.0,0.0
39,21,0.19466786388240093,50.0,50.0,0.3
39,22,0.2905256801481847,50.0,50.0,0.3
39,23,0.0,10.0,0.0,0.0
39,24,0.193575860876395,50.0,50.0,0.3
39,25,0.1054621648019447,50.0,50.0,0.3
39,26,0.0,10.0,0.0,0.0
39,27,0.19495476616871885,50.0,50.0,0.3
39,28,0.21988962218727182,50.0,50.0,0.3
39,29,0.695135335617062,5.0,0.0,0.6
39,30,0.7895021423089816,5.0,0.0,0.1
39,31,0.755434543225271,5.0,0.0,0.1
39,32,0.7595088749261426,5.0,0.0,0.1
39,33,0.7646418253691581,5.0,0.0,0.1
39,34,0.7728809620365992,5.0,0.0,0.1
39,35,0.7748823999975147,5.0,0.0,0.1
39,36,0.7801938742425347,5.0,0.0,0.1
39,37,0.7956191496122551,5.0,0.0,0.1
39,38,0.760607058128362,5.0,0.0,0.1
39,39,0.76211273509745,5.0,0.0,0.1
39,40,0.7692883453878068,5.0,0.0,0.1
39,41,0.7977217576324576,5.0,0.0,0.1
39,42,0.7596086869873607,5.0,0.0,0.1
39,43,0.7727657933950333,5.0,0.0,0.1
39,44,0.7652974166623354,5.0,0.0,0.1
39,45,0.7780748346806032,5.0,0.0,0.1
39,46,0.75618177693631,5.0,0.0,0.1
39,47,0.7558789602697772,5.0,0.0,0.1
39,48,0.7931988797300534,5.0,0.0,0.1
39,49,0.7909280597953909,5.0,0.0,0.1
40,0,0.769916543853607,5.0,0.0,0.1
40,1,0.7649754307614403,5.0,0.0,0.1
40,2,0.7965081307445825,5.0,0.0,0.1
40,3,0.7651755223393459,5.0,0.0,0.1
40,4,0.7923123327099869,5.0,0.0,0.1
40,5,0.7901561201533163,5.0,0.0,0.1
40,6,0.7910801014616515,5.0,0.0,0.1
40,7,0.7590419620726818,5.0,0.0,0.1
40,8,0.7521911024598928,5.0,0.0,0.1
40,9,0.7698383062023096,5.0,0.0,0.1
40,10,0.7679760889196389,5.0,0.0,0.1
40,11,0.7938306784613158,5.0,0.0,0.1
40,12,0.0,15.0,0.0,0.0
40,13,0.25778081063847313,50.0,50.0,0.3
40,14,0.17266874893721396,50.0,50.0,0.3
40,15,0.1571763608172445,50.0,50.0,0.3
40,16,0.2791991161840247,50.0,50.0,0.3
40,17,0.17114498139342055,50.0,50.0,0.3
40,18,0.0,10.0,0.0,0.0
40,19,0.2832680944835951,50.0,50.0,0.3
40,20,0.19475539346399806,50.0,50.0,0.3
40,21,0.0,10.0,0.0,0.0
40,22,0.11830213477739977,50.0,50.0,0.3
40,23,0.24135913107480295,50.0,50.0,0.3
40,24,0.0,10.0,0.0,0.0
40,25,0.0,10.0,0.0,0.0
40,26,0.1278081658955981,50.0,50.0,0.3
40,27,0.0,10.0,0.0,0.0
40,28,0.1046751566135724,50.0,50.0,0.3
40,29,0.12836570008147127,50.0,50.0,0.3
40,30,0.6852000887884594,5.0,0.0,0.6
40,31,0.7938633287427646,5.0,0.0,0.1
40,32,0.7834790760857513,5.0,0.0,0.1
40,33,0.7840498974305069,5.0,0.0,0.1
40,34,0.7882632085147143,5.0,0.0,0.1
40,35,0.7946392890059664,5.0,0.0,0.1
40,36,0.7567093465538878,5.0,0.0,0.1
40,37,0.7949572621150733,5.0,0.0,0.1
40,38,0.7971261828095713,5.0,0.0,0.1
40,39,0.7858295490281919,5.0,0.0,0.1
40,40,0.7555092238377905,5.0,0.0,0.1
40,41,0.7651580636151194,5.0,0.0,0.1
40,42,0.7564014777310643,5.0,0.0,0.1
40,43,0.7752796355135222,5.0,0.0,0.1
40,44,0.7901681823128481,5.0,0.0,0.1
40,45,0.788325812784513,5.0,0.0,0.1
40,46,0.7998150248867524,5.0,0.0,0.1
40,47,0.7586533046493366,5.0,0.0,0.1
40,48,0.7669100863151951,5.0,0.0,0.1
40,49,0.7764323213742683,5.0,0.0,0.1
41,0,0.7691139667575642,5.0,0.0,0.1
41,1,0.7887791788951009,5.0,0.0,0.1
41,2,0.7859368310241407,5.0,0.0,0.1
41,3,0.7926892438306969,5.0,0.0,0.1
41,4,0.7779054533212614,5.0,0.0,0.1
41,5,0.7780462974814608,5.0,0.0,0.1
41,6,0.7614239760965871,5.0,0.0,0.1
41,7,0.7712944771916128,5.0,0.0,0.1
41,8,0.7725927699627831,5.0,0.0,0.1
41,9,0.7814308873306024,5.0,0.0,0.1
41,10,0.7753383579745367,5.0,0.0,0.1
41,11,0.7514083763915765,5.0,0.0,0.1
41,12,0.7978755601069409,5.0,0.0,0.1
41,13,0.0,15.0,0.0,0.0
41,14,0.2803819230841649,50.0,50.0,0.3
41,15,0.2077363350013873,50.0,50.0,0.3
41,16,0.25424732679875794,50.0,50.0,0.3
41,17,0.0,10.0,0.0,0.0
41,18,0.2337904452553798,50.0,50.0,0.3
41,19,0.14887162598260853,50.0,50.0,0.3
41,20,0.7884347572337209,5.0,0.0,0.1
41,21,0.7802854450800012,5.0,0.0,0.1
41,22,0.0,10.0,0.0,0.0
41,23,0.29926072044970775,50.0,50.0,0.3
41,24,0.0,10.0,0.0,0.0
41,25,0.0,10.0,0.0,0.0
41,26,0.2572275384667662,50.0,50.0,0.3
41,27,0.267391611620694,50.0,50.0,0.3
41,28,0.0,10.0,0.0,0.0
41,29,0.20514022451538255,50.0,50.0,0.3
41,30,0.6803959837010907,5.0,0.0,0.6
41,31,0.7989008310353007,5.0,0.0,0.1
41,32,0.7910114830392464,5.0,0.0,0.1
41,33,0.7819540946088093,5.0,0.0,0.1
41,34,0.7921003171515164,5.0,0.0,0.1
41,35,0.794308654938252,5.0,0.0,0.1
41,36,0.7622053803137313,5.0,0.0,0.1
41,37,0.7739550287140369,5.0,0.0,0.1
41,38,0.7623742237097508,5.0,0.0,0.1
41,39,0.7899276338094869,5.0,0.0,0.1
41,40,0.7654917005259553,5.0,0.0,0.1
41,41,0.7730993358109901,5.0,0.0,0.1
41,42,0.7623216205542432,5.0,0.0,0.1
41,43,0.7648292733884718,5.0,0.0,0.1
41,44,0.7631384615653682,5.0,0.0,0.1
41,45,0.7989429716740291,5.0,0.0,0.1
41,46,0.799508165827755,5.0,0.0,0.1
41,47,0.7727850589524812,5.0,0.0,0.1
41,48,0.7813709227324757,5.0,0.0,0.1
41,49,0.7824275412937666,5.0,0.0,0.1
42,0,0.7858375571631946,5.0,0.0,0.1
42,1,0.7933828776892901,5.0,0.0,0.1
42,2,0.7833499796607593,5.0,0.0,0.1
42,3,0.7833611960292033,5.0,0.0,0.1
42,4,0.7774446011292179,5.0,0.0,0.1
42,5,0.7884671387808696,5.0,0.0,0.1
42,6,0.7675373165862173,5.0,0.0,0.1
42,7,0.7881300234990566,5.0,0.0,0.1
42,8,0.7736604204641471,5.0,0.0,0.1
42,9,0.7906880551340216,5.0,0.0,0.1
42,10,0.7863328658145039,5.0,0.0,0.1
42,11,0.7960680466494645,5.0,0.0,0.1
42,12,0.7527734607205008,5.0,0.0,0.1
42,13,0.7556107763511277,5.0,0.0,0.1
42,14,0.0,15.0,0.0,0.0
42,15,0.0,15.0,0.0,0.0
42,16,0.0,10.0,0.0,0.0
42,17,0.2629320718665929,50.0,50.0,0.3
42,18,0.17152839124399058,50.0,50.0,0.3
42,19,0.2872587123390592,50.0,50.0,0.3
42,20,0.20414809570756376,50.0,50.0,0.3
42,21,0.7582283164781278,5.0,0.0,0.1
42,22,0.2457638175384497,50.0,50.0,0.3
42,23,0.0,10.0,0.0,0.0
42,24,0.2781696629301744,50.0,50.0,0.3
42,25,0.12384108116573095,50.0,50.0,0.3
42,26,0.0,10.0,0.0,0.0
42,27,0.1530437212487305,50.0,50.0,0.3
42,28,0.2830262861018987,50.0,50.0,0.3
42,29,0.0,10.0,0.0,0.0
42,30,0.6702642144582318,5.0,0.0,0.6
42,31,0.7679061200000282,5.0,0.0,0.1
42,32,0.78076425434542,5.0,0.0,0.1
42,33,0.7847307826323213,5.0,0.0,0.1
42,34,0.7780858864950569,5.0,0.0,0.1
42,35,0.793995068164794,5.0,0.0,0.1
42,36,0.7745170508900564,5.0,0.0,0.1
42,37,0.7816316569843477,5.0,0.0,0.1
42,38,0.7665826269400478,5.0,0.0,0.1
42,39,0.7931684970412414,5.0,0.0,0.1
42,40,0.7786201403977485,5.0,0.0,0.1
42,41,0.7843600176128339,5.0,0.0,0.1
42,42,0.7803993758318812,5.0,0.0,0.1
42,43,0.7637555315059227,5.0,0.0,0.1
42,44,0.7725700396273355,5.0,0.0,0.1
42,45,0.7625278223285471,5.0,0.0,0.1
42,46,0.7947099283451795,5.0,0.0,0.1
42,47,0.7591437706658535,5.0,0.0,0.1
42,48,0.772792958697522,5.0,0.0,0.1
42,49,0.7684120686768289,5.0,0.0,0.1
43,0,0.7813926795258057,5.0,0.0,0.1
43,1,0.7935395869573522,5.0,0.0,0.1
43,2,0.7575271883440166,5.0,0.0,0.1
43,3,0.7572344841314956,5.0,0.0,0.1
43,4,0.775957634437266,5.0,0.0,0.1
43,5,0.20773555749320635,50.0,50.0,0.3
43,6,0.12176925839927898,50.0,50.0,0.3
43,7,0.2957942783369787,50.0,50.0,0.3
43,8,0.16545304679082531,50.0,50.0,0.3
43,9,0.290774329546029,50.0,50.0,0.3
43,10,0.15803141985540103,50.0,50.0,0.3
43,11,0.24434922429190123,50.0,50.0,0.3
43,12,0.20426562732340503,50.0,50.0,0.3
43,13,0.22343822759408724,50.0,50.0,0.3
43,14,0.7980147947932127,5.0,0.0,0.1
43,15,0.0,15.0,0.0,0.0
43,16,0.10404245866969467,50.0,50.0,0.3
43,17,0.225318133542706,50.0,50.0,0.3
43,18,0.1567337812509685,50.0,50.0,0.3
43,19,0.2505508681996419,50.0,50.0,0.3
43,20,0.19002288645127696,50.0,50.0,0.3
43,21,0.16639238501767725,50.0,50.0,0.3
43,22,0.7811425061069861,5.0,0.0,0.1
43,23,0.10616864033720184,50.0,50.0,0.3
43,24,0.0,10.0,0.0,0.0
43,25,0.12916306094853508,50.0,50.0,0.3
43,26,0.21660647028736402,50.0,50.0,0.3
43,27,0.0,10.0,0.0,0.0
43,28,0.2939218581690485,50.0,50.0,0.3
43,29,0.2074469975896369,50.0,50.0,0.3
43,30,0.6724905272507723,5.0,0.0,0.6
43,31,0.7767988059679979,5.0,0.0,0.1
43,32,0.7903377164880545,5.0,0.0,0.1
43,33,0.7556742168687948,5.0,0.0,0.1
43,34,0.7701545551476049,5.0,0.0,0.1
43,35,0.7875002273965228,5.0,0.0,0.1
43,36,0.7744021161008361,5.0,0.0,0.1
43,37,0.7681422180157315,5.0,0.0,0.1
43,38,0.7976363314805188,5.0,0.0,0.1
43,39,0.7529743828915797,5.0,0.0,0.1
43,40,0.7925334074724987,5.0,0.0,0.1
43,41,0.7557493028419312,5.0,0.0,0.1
43,42,0.7821006639909003,5.0,0.0,0.1
43,43,0.7642050994990566,5.0,0.0,0.1
43,44,0.7900072066858339,5.0,0.0,0.1
43,45,0.7515527091319784,5.0,0.0,0.1
43,46,0.7559412549210942,5.0,0.0,0.1
43,47,0.7886089932649016,5.0,0.0,0.1
43,48,0.7639432326494822,5.0,0.0,0.1
43,49,0.7932073605933417,5.0,0.0,0.1
44,0,0.7986704106404319,5.0,0.0,0.1
44,1,0.7550557372259079,5.0,0.0,0.1
44,2,0.7597108102750657,5.0,0.0,0.1
44,3,0.773831236385,5.0,0.0,0.1
44,4,0.7597817219490646,5.0,0.0,0.1
44,5,0.26498885650987114,50.0,50.0,0.3
44,6,0.2765408927711615,50.0,50.0,0.3
44,7,0.2468754807852784,50.0,50.0,0.3
44,8,0.23291919711152584,50.0,50.0,0.3
44,9,0.2781309950842803,50.0,50.0,0.3
44,10,0.18368983733125704,50.0,50.0,0.3
44,11,0.13263863839358955,50.0,50.0,0.3
44,12,0.2955025447174312,50.0,50.0,0.3
44,13,0.2895985530649402,50.0,50.0,0.3
44,14,0.7549501124061742,5.0,0.0,0.1
44,15,0.7699971272683985,5.0,0.0,0.1
44,16,0.0,15.0,0.0,0.0
44,17,0.16214347906805363,50.0,50.0,0.3
44,18,0.12642547774060936,50.0,50.0,0.3
44,19,0.11976761456355223,50.0,50.0,0.3
44,20,0.7599333961187061,5.0,0.0,0.1
44,21,0.26207597223034196,50.0,50.0,0.3
44,22,0.10680190544979332,50.0,50.0,0.3
44,23,0.775131337066262,5.0,0.0,0.1
44,24,0.16177385365379296,50.0,50.0,0.3
44,25,0.0,10.0,0.0,0.0
44,26,0.2626426064015345,50.0,50.0,0.3
44,27,0.15861896199157727,50.0,50.0,0.3
44,28,0.0,10.0,0.0,0.0
44,29,0.21520485068536233,50.0,50.0,0.3
44,30,0.6646984413779967,5.0,0.0,0.6
44,31,0.7713083401175835,5.0,0.0,0.1
44,32,0.7795942082820554,5.0,0.0,0.1
44,33,0.779121622130651,5.0,0.0,0.1
44,34,0.7982926512076165,5.0,0.0,0.1
44,35,0.7918677977263887,5.0,0.0,0.1
44,36,0.7781548531807377,5.0,0.0,0.1
44,37,0.7866455874284627,5.0,0.0,0.1
44,38,0.7564588769696812,5.0,0.0,0.1
44,39,0.7928244504125368,5.0,0.0,0.1
44,40,0.777535120935372,5.0,0.0,0.1
44,41,0.7896324712845088,5.0,0.0,0.1
44,42,0.7855408120737083,5.0,0.0,0.1
44,43,0.7733405621181088,5.0,0.0,0.1
44,44,0.7587647199655894,5.0,0.0,0.1
44,45,0.7897938425776373,5.0,0.0,0.1
44,46,0.7777488975604663,5.0,0.0,0.1
44,47,0.780135119929996,5.0,0.0,0.1
44,48,0.750322004739424,5.0,0.0,0.1
44,49,0.7932972271171247,5.0,0.0,0.1
45,0,0.7659750797200312,5.0,0.0,0.1
45,1,0.7913256071008916,5.0,0.0,0.1
45,2,0.7751801665013375,5.0,0.0,0.1
45,3,0.7600556695972293,5.0,0.0,0.1
45,4,0.7605463292734015,5.0,0.0,0.1
45,5,0.19222823001297618,50.0,50.0,0.3
45,6,0.2457319848907293,50.0,50.0,0.3
45,7,0.286110490967321,50.0,50.0,0.3
45,8,0.2715847539636702,50.0,50.0,0.3
45,9,0.2703095924338281,50.0,50.0,0.3
45,10,0.10940827107374514,50.0,50.0,0.3
45,11,0.2783767196425737,50.0,50.0,0.3
45,12,0.2065154085187345,50.0,50.0,0.3
45,13,0.11375854885751194,50.0,50.0,0.3
45,14,0.7560028002262978,5.0,0.0,0.1
45,15,0.7739394948344097,5.0,0.0,0.1
45,16,0.7766634391057023,5.0,0.0,0.1
45,17,0.0,15.0,0.0,0.0
45,18,0.20640218104411034,50.0,50.0,0.3
45,19,0.24180507016512137,50.0,50.0,0.3
45,20,0.21366428074132832,50.0,50.0,0.3
45,21,0.7869358368076093,5.0,0.0,0.1
45,22,0.26601174170159697,50.0,50.0,0.3
45,23,0.16517042288887757,50.0,50.0,0.3
45,24,0.21734077711037303,50.0,50.0,0.3
45,25,0.2192987777855288,50.0,50.0,0.3
45,26,0.0,10.0,0.0,0.0
45,27,0.11032332717667821,50.0,50.0,0.3
45,28,0.1823614119482542,50.0,50.0,0.3
45,29,0.0,10.0,0.0,0.0
45,30,0.29937617390670634,50.0,50.0,0.3
45,31,0.6903498847852386,5.0,0.0,0.6
45,32,0.7922852969487365,5.0,0.0,0.1
45,33,0.7802158694334079,5.0,0.0,0.1
45,34,0.7912686801073933,5.0,0.0,0.1
45,35,0.774705850796764,5.0,0.0,0.1
45,36,0.7755646726176878,5.0,0.0,0.1
45,37,0.766576143688032,5.0,0.0,0.1
45,38,0.768858192203282,5.0,0.0,0.1
45,39,0.7513570656031598,5.0,0.0,0.1
45,40,0.7819543399494994,5.0,0.0,0.1
45,41,0.7725430779249682,5.0,0.0,0.1
45,42,0.7808085171617865,5.0,0.0,0.1
45,43,0.7541237641144363,5.0,0.0,0.1
45,44,0.7606172488689709,5.0,0.0,0.1
45,45,0.7825937110973027,5.0,0.0,0.1
45,46,0.7786068312456882,5.0,0.0,0.1
45,47,0.7846438291583632,5.0,0.0,0.1
45,48,0.797138194966125,5.0,0.0,0.1
45,49,0.7793722975735615,5.0,0.0,0.1
46,0,0.7673512909351844,5.0,0.0,0.1
46,1,0.7817600221209581,5.0,0.0,0.1
46,2,0.7528240458064301,5.0,0.0,0.1
46,3,0.11691021313756572,50.0,50.0,0.3
46,4,0.13976371369216828,50.0,50.0,0.3
46,5,0.1361854615885881,50.0,50.0,0.3
46,6,0.22223429335066108,50.0,50.0,0.3
46,7,0.27876886007437396,50.0,50.0,0.3
46,8,0.278709678324081,50.0,50.0,0.3
46,9,0.1304930701122438,50.0,50.0,0.3
46,10,0.24464884441763915,50.0,50.0,0.3
46,11,0.2042396787666716,50.0,50.0,0.3
46,12,0.230816977313481,50.0,50.0,0.3
46,13,0.2727044589419564,50.0,50.0,0.3
46,14,0.7886352144111138,5.0,0.0,0.1
46,15,0.7730380724748247,5.0,0.0,0.1
46,16,0.7738514789184078,5.0,0.0,0.1
46,17,0.7731701699114335,5.0,0.0,0.1
46,18,0.0,15.0,0.0,0.0
46,19,0.12901756963391883,50.0,50.0,0.3
46,20,0.2513229093599634,50.0,50.0,0.3
46,21,0.25405663362359593,50.0,50.0,0.3
46,22,0.7715651178417995,5.0,0.0,0.1
46,23,0.2361157764539235,50.0,50.0,0.3
46,24,0.12866951755001962,50.0,50.0,0.3
46,25,0.24149745356790145,50.0,50.0,0.3
46,26,0.14476859548833754,50.0,50.0,0.3
46,27,0.7820645486564209,5.0,0.0,0.1
46,28,0.7711488434284559,5.0,0.0,0.1
46,29,0.7633352972550705,5.0,0.0,0.1
46,30,0.1343286187445087,50.0,50.0,0.3
46,31,0.292085679817274,50.0,50.0,0.3
46,32,0.6909724600833737,5.0,0.0,0.6
46,33,0.780248053680559,5.0,0.0,0.1
46,34,0.7714729191014612,5.0,0.0,0.1
46,35,0.7513598473120379,5.0,0.0,0.1
46,36,0.7712453323219626,5.0,0.0,0.1
46,37,0.7539391702743483,5.0,0.0,0.1
46,38,0.7579402542785012,5.0,0.0,0.1
46,39,0.7780092641327812,5.0,0.0,0.1
46,40,0.7954992974543826,5.0,0.0,0.1
46,41,0.7974302558545256,5.0,0.0,0.1
46,42,0.7603304081306586,5.0,0.0,0.1
46,43,0.7833908278274848,5.0,0.0,0.1
46,44,0.7891034583745375,5.0,0.0,0.1
46,45,0.7647061754881302,5.0,0.0,0.1
46,46,0.7547511569740728,5.0,0.0,0.1
46,47,0.7958870561992845,5.0,0.0,0.1
46,48,0.7882802059131162,5.0,0.0,0.1
46,49,0.794583924657609,5.0,0.0,0.1
47,0,0.7672874377728486,5.0,0.0,0.1
47,1,0.7608161497667632,5.0,0.0,0.1
47,2,0.7822475641391158,5.0,0.0,0.1
47,3,0.2196490859418429,50.0,50.0,0.3
47,4,0.25640585415656203,50.0,50.0,0.3
47,5,0.16467242940395804,50.0,50.0,0.3
47,6,0.20948012152638512,50.0,50.0,0.3
47,7,0.27467298373764226,50.0,50.0,0.3
47,8,0.1543101229993263,50.0,50.0,0.3
47,9,0.2722864821316875,50.0,50.0,0.3
47,10,0.18698765816181812,50.0,50.0,0.3
47,11,0.2599677848124753,50.0,50.0,0.3
47,12,0.1730197069540229,50.0,50.0,0.3
47,13,0.19966324100054184,50.0,50.0,0.3
47,14,0.7657677949457775,5.0,0.0,0.1
47,15,0.7909745569896856,5.0,0.0,0.1
47,16,0.753945839484326,5.0,0.0,0.1
47,17,0.7577954080582117,5.0,0.0,0.1
47,18,0.7520453241844014,5.0,0.0,0.1
47,19,0.0,15.0,0.0,0.0
47,20,0.17295161529692987,50.0,50.0,0.3
47,21,0.24479841084030532,50.0,50.0,0.3
47,22,0.11429121539338181,50.0,50.0,0.3
47,23,0.160045619312268,50.0,50.0,0.3
47,24,0.18606313942660388,50.0,50.0,0.3
47,25,0.15577961021083028,50.0,50.0,0.3
47,26,0.11761957788803996,50.0,50.0,0.3
47,27,0.7991196330508648,5.0,0.0,0.1
47,28,0.2303384738714454,50.0,50.0,0.3
47,29,0.24694237623864426,50.0,50.0,0.3
47,30,0.7707680846883787,5.0,0.0,0.1
47,31,0.22820046966168028,50.0,50.0,0.3
47,32,0.2179002218417287,50.0,50.0,0.3
47,33,0.6567040119804308,5.0,0.0,0.6
47,34,0.7998109114412053,5.0,0.0,0.1
47,35,0.7914487462395503,5.0,0.0,0.1
47,36,0.7540270418938619,5.0,0.0,0.1
47,37,0.7852197366661069,5.0,0.0,0.1
47,38,0.7924609359073671,5.0,0.0,0.1
47,39,0.7559356851346881,5.0,0.0,0.1
47,40,0.7885926957359909,5.0,0.0,0.1
47,41,0.7513393596121765,5.0,0.0,0.1
47,42,0.7858314847039813,5.0,0.0,0.1
47,43,0.7933322130574101,5.0,0.0,0.1
47,44,0.7810134952112165,5.0,0.0,0.1
47,45,0.7842785763412733,5.0,0.0,0.1
47,46,0.7811512602450675,5.0,0.0,0.1
47,47,0.7524417496480993,5.0,0.0,0.1
47,48,0.766323692384874,5.0,0.0,0.1
47,49,0.7779979505186723,5.0,0.0,0.1
48,0,0.7583284280106615,5.0,0.0,0.1
48,1,0.7998921504637573,5.0,0.0,0.1
48,2,0.7848237148615368,5.0,0.0,0.1
48,3,0.1566865446880589,50.0,50.0,0.3
48,4,0.15767220376926744,50.0,50.0,0.3
48,5,0.19409432261789936,50.0,50.0,0.3
48,6,0.2497888912682667,50.0,50.0,0.3
48,7,0.2918410281016499,50.0,50.0,0.3
48,8,0.1150264948430741,50.0,50.0,0.3
48,9,0.15417665566240712,50.0,50.0,0.3
48,10,0.14488854018499328,50.0,50.0,0.3
48,11,0.17402479742625102,50.0,50.0,0.3
48,12,0.2711334073362659,50.0,50.0,0.3
48,13,0.29707374820142374,50.0,50.0,0.3
48,14,0.7935022994803798,5.0,0.0,0.1
48,15,0.7575909971762268,5.0,0.0,0.1
48,16,0.7804200754803936,5.0,0.0,0.1
48,17,0.774675472045492,5.0,0.0,0.1
48,18,0.773369104861832,5.0,0.0,0.1
48,19,0.7716120787375931,5.0,0.0,0.1
48,20,0.0,15.0,0.0,0.0
48,21,0.26981034947706195,50.0,50.0,0.3
48,22,0.19895054665080242,50.0,50.0,0.3
48,23,0.24567799959871503,50.0,50.0,0.3
48,24,0.20920704154257794,50.0,50.0,0.3
48,25,0.20157500954376856,50.0,50.0,0.3
48,26,0.7814951101009854,5.0,0.0,0.1
48,27,0.19197724143492528,50.0,50.0,0.3
48,28,0.2034571420577384,50.0,50.0,0.3
48,29,0.2713742818142031,50.0,50.0,0.3
48,30,0.18710402694878475,50.0,50.0,0.3
48,31,0.0,10.0,0.0,0.0
48,32,0.2843159914671235,50.0,50.0,0.3
48,33,0.29620400865615937,50.0,50.0,0.3
48,34,0.15243376544039713,50.0,50.0,0.3
48,35,0.2874192197386402,50.0,50.0,0.3
48,36,0.1321127558639103,50.0,50.0,0.3
48,37,0.27926848939110904,50.0,50.0,0.3
48,38,0.11925525160687274,50.0,50.0,0.3
48,39,0.28570585338194765,50.0,50.0,0.3
48,40,0.2989554646506648,50.0,50.0,0.3
48,41,0.7563712306358206,5.0,0.0,0.1
48,42,0.7517833217476614,5.0,0.0,0.1
48,43,0.7764147528333013,5.0,0.0,0.1
48,44,0.7845294858594789,5.0,0.0,0.1
48,45,0.7831622383097454,5.0,0.0,0.1
48,46,0.7764941304372632,5.0,0.0,0.1
48,47,0.7506368602272642,5.0,0.0,0.1
48,48,0.7931552284626433,5.0,0.0,0.1
48,49,0.789635473800938,5.0,0.0,0.1
49,0,0.7955858415638539,5.0,0.0,0.1
49,1,0.798460129244826,5.0,0.0,0.1
49,2,0.7903587280527942,5.0,0.0,0.1
49,3,0.16018209884979087,50.0,50.0,0.3
49,4,0.16897812444522858,50.0,50.0,0.3
49,5,0.26745360568216736,50.0,50.0,0.3
49,6,0.2151522628457075,50.0,50.0,0.3
49,7,0.22711304509609978,50.0,50.0,0.3
49,8,0.21915977175915724,50.0,50.0,0.3
49,9,0.24845395140341867,50.0,50.0,0.3
49,10,0.24090168759029817,50.0,50.0,0.3
49,11,0.7790878024524,5.0,0.0,0.1
49,12,0.7816565128875281,5.0,0.0,0.1
49,13,0.7711389941046833,5.0,0.0,0.1
49,14,0.7667965836773514,5.0,0.0,0.1
49,15,0.7602074030203955,5.0,0.0,0.1
49,16,0.7779087309712409,5.0,0.0,0.1
49,17,0.7608435701717137,5.0,0.0,0.1
49,18,0.7554777688048816,5.0,0.0,0.1
49,19,0.7508131954207896,5.0,0.0,0.1
49,20,0.0,15.0,0.0,0.0
49,21,0.11250174174568568,50.0,50.0,0.3
49,22,0.1356222928393706,50.0,50.0,0.3
49,23,0.28905785365247794,50.0,50.0,0.3
49,24,0.28479500828563054,50.0,50.0,0.3
49,25,0.22095950925007596,50.0,50.0,0.3
49,26,0.785255837333545,5.0,0.0,0.1
49,27,0.21319642049484522,50.0,50.0,0.3
49,28,0.12143408815062993,50.0,50.0,0.3
49,29,0.28021751054454974,50.0,50.0,0.3
49,30,0.24807389905728794,50.0,50.0,0.3
49,31,0.0,10.0,0.0,0.0
49,32,0.18968680647837774,50.0,50.0,0.3
49,33,0.25233913261950236,50.0,50.0,0.3
49,34,0.2339558832954345,50.0,50.0,0.3
49,35,0.15279494111104505,50.0,50.0,0.3
49,36,0.1412527958721784,50.0,50.0,0.3
49,37,0.20691878704631406,50.0,50.0,0.3
49,38,0.28420180570638287,50.0,50.0,0.3
49,39,0.12228383874293876,50.0,50.0,0.3
49,40,0.11735440070720674,50.0,50.0,0.3
49,41,0.7702626862404588,5.0,0.0,0.1
49,42,0.7870193348723485,5.0,0.0,0.1
49,43,0.7612737264019184,5.0,0.0,0.1
49,44,0.7617210618486312,5.0,0.0,0.1
49,45,0.7957540956559607,5.0,0.0,0.1
49,46,0.7532426447197391,5.0,0.0,0.1
49,47,0.771602697820388,5.0,0.0,0.1
49,48,0.759887122634667,5.0,0.0,0.1
49,49,0.7720517542859509,5.0,0.0,0.1
